ISO-10303-21;
HEADER;
/* Generated by software containing ST-Developer
 * from STEP Tools, Inc. (www.steptools.com) 
 */
/* OPTION: using custom renumber hook */

FILE_DESCRIPTION(
/* description */ ('STEP AP242 Edition 2',
'CAx-IF Rec.Pracs.---Representation and Presentation of Product Manufa
cturing Information (PMI)---4.0---2014-10-13',
'CAx-IF Rec.Pracs.---3D Tessellated Geometry---0.4---2014-09-14','2;1',
'CAx-IF Rec.Pracs.---User Defined Attributes---1.5---2016-08-15'),
/* implementation_level */ '2;1');

FILE_NAME(
/* name */ 'Top shell-',
/* time_stamp */ '2026-08-20T00:14:16Z',
/* author */ (''),
/* organization */ (''),
/* preprocessor_version */ 'ST-DEVELOPER v20',
/* originating_system */ 'ONSHAPE BY PTC INC, 1.219',
/* authorisation */ '  ');

FILE_SCHEMA (('AP242_MANAGED_MODEL_BASED_3D_ENGINEERING_MIM_LF { 1 0 10303 442 3 1 4 }'));
ENDSEC;

DATA;
#10=SHAPE_REPRESENTATION_RELATIONSHIP('','',#1661,#11);
#11=ADVANCED_BREP_SHAPE_REPRESENTATION('',(#1659),#2694);
#12=ELLIPSE('',#1755,0.00141421356237309,0.001);
#13=ELLIPSE('',#1756,0.00141421356237309,0.001);
#14=ELLIPSE('',#1758,0.0014142135623731,0.001);
#15=ELLIPSE('',#1759,0.0014142135623731,0.001);
#16=ELLIPSE('',#1761,0.00141421356237309,0.001);
#17=ELLIPSE('',#1762,0.00141421356237309,0.001);
#18=ELLIPSE('',#1764,0.00141421356237309,0.001);
#19=ELLIPSE('',#1765,0.00141421356237309,0.001);
#20=ELLIPSE('',#1767,0.00141421356237309,0.001);
#21=ELLIPSE('',#1768,0.00141421356237309,0.001);
#22=ELLIPSE('',#1770,0.0014142135623731,0.001);
#23=ELLIPSE('',#1771,0.0014142135623731,0.001);
#24=ELLIPSE('',#1773,0.0014142135623731,0.001);
#25=ELLIPSE('',#1774,0.0014142135623731,0.001);
#26=ELLIPSE('',#1776,0.0014142135623731,0.001);
#27=ELLIPSE('',#1777,0.0014142135623731,0.001);
#28=CYLINDRICAL_SURFACE('',#1721,0.0017);
#29=CYLINDRICAL_SURFACE('',#1724,0.0017);
#30=CYLINDRICAL_SURFACE('',#1727,0.0017);
#31=CYLINDRICAL_SURFACE('',#1730,0.0017);
#32=CYLINDRICAL_SURFACE('',#1778,0.001);
#33=CYLINDRICAL_SURFACE('',#1779,0.001);
#34=CYLINDRICAL_SURFACE('',#1780,0.001);
#35=CYLINDRICAL_SURFACE('',#1781,0.001);
#36=CYLINDRICAL_SURFACE('',#1782,0.001);
#37=CYLINDRICAL_SURFACE('',#1783,0.001);
#38=CYLINDRICAL_SURFACE('',#1784,0.001);
#39=CYLINDRICAL_SURFACE('',#1785,0.001);
#40=CIRCLE('',#1666,0.0017);
#41=CIRCLE('',#1667,0.0017);
#42=CIRCLE('',#1668,0.0017);
#43=CIRCLE('',#1669,0.0017);
#44=CIRCLE('',#1670,0.001);
#45=CIRCLE('',#1671,0.001);
#46=CIRCLE('',#1672,0.001);
#47=CIRCLE('',#1673,0.001);
#48=CIRCLE('',#1674,0.001);
#49=CIRCLE('',#1675,0.001);
#50=CIRCLE('',#1676,0.001);
#51=CIRCLE('',#1677,0.001);
#52=CIRCLE('',#1722,0.0017);
#53=CIRCLE('',#1725,0.0017);
#54=CIRCLE('',#1728,0.0017);
#55=CIRCLE('',#1731,0.0017);
#56=ORIENTED_EDGE('',*,*,#510,.F.);
#57=ORIENTED_EDGE('',*,*,#511,.T.);
#58=ORIENTED_EDGE('',*,*,#512,.T.);
#59=ORIENTED_EDGE('',*,*,#513,.F.);
#60=ORIENTED_EDGE('',*,*,#514,.F.);
#61=ORIENTED_EDGE('',*,*,#515,.T.);
#62=ORIENTED_EDGE('',*,*,#516,.T.);
#63=ORIENTED_EDGE('',*,*,#517,.T.);
#64=ORIENTED_EDGE('',*,*,#518,.T.);
#65=ORIENTED_EDGE('',*,*,#519,.T.);
#66=ORIENTED_EDGE('',*,*,#520,.T.);
#67=ORIENTED_EDGE('',*,*,#521,.T.);
#68=ORIENTED_EDGE('',*,*,#522,.T.);
#69=ORIENTED_EDGE('',*,*,#523,.T.);
#70=ORIENTED_EDGE('',*,*,#524,.F.);
#71=ORIENTED_EDGE('',*,*,#525,.T.);
#72=ORIENTED_EDGE('',*,*,#526,.T.);
#73=ORIENTED_EDGE('',*,*,#527,.T.);
#74=ORIENTED_EDGE('',*,*,#528,.F.);
#75=ORIENTED_EDGE('',*,*,#529,.T.);
#76=ORIENTED_EDGE('',*,*,#530,.F.);
#77=ORIENTED_EDGE('',*,*,#531,.T.);
#78=ORIENTED_EDGE('',*,*,#532,.F.);
#79=ORIENTED_EDGE('',*,*,#533,.T.);
#80=ORIENTED_EDGE('',*,*,#534,.T.);
#81=ORIENTED_EDGE('',*,*,#535,.T.);
#82=ORIENTED_EDGE('',*,*,#536,.F.);
#83=ORIENTED_EDGE('',*,*,#537,.T.);
#84=ORIENTED_EDGE('',*,*,#538,.F.);
#85=ORIENTED_EDGE('',*,*,#539,.F.);
#86=ORIENTED_EDGE('',*,*,#540,.T.);
#87=ORIENTED_EDGE('',*,*,#541,.T.);
#88=ORIENTED_EDGE('',*,*,#542,.T.);
#89=ORIENTED_EDGE('',*,*,#543,.T.);
#90=ORIENTED_EDGE('',*,*,#544,.F.);
#91=ORIENTED_EDGE('',*,*,#513,.T.);
#92=ORIENTED_EDGE('',*,*,#545,.T.);
#93=ORIENTED_EDGE('',*,*,#546,.T.);
#94=ORIENTED_EDGE('',*,*,#547,.T.);
#95=ORIENTED_EDGE('',*,*,#548,.F.);
#96=ORIENTED_EDGE('',*,*,#549,.F.);
#97=ORIENTED_EDGE('',*,*,#550,.F.);
#98=ORIENTED_EDGE('',*,*,#551,.T.);
#99=ORIENTED_EDGE('',*,*,#552,.T.);
#100=ORIENTED_EDGE('',*,*,#553,.F.);
#101=ORIENTED_EDGE('',*,*,#554,.F.);
#102=ORIENTED_EDGE('',*,*,#517,.F.);
#103=ORIENTED_EDGE('',*,*,#555,.F.);
#104=ORIENTED_EDGE('',*,*,#556,.F.);
#105=ORIENTED_EDGE('',*,*,#557,.T.);
#106=ORIENTED_EDGE('',*,*,#558,.T.);
#107=ORIENTED_EDGE('',*,*,#559,.T.);
#108=ORIENTED_EDGE('',*,*,#560,.F.);
#109=ORIENTED_EDGE('',*,*,#530,.T.);
#110=ORIENTED_EDGE('',*,*,#561,.T.);
#111=ORIENTED_EDGE('',*,*,#562,.T.);
#112=ORIENTED_EDGE('',*,*,#563,.T.);
#113=ORIENTED_EDGE('',*,*,#528,.T.);
#114=ORIENTED_EDGE('',*,*,#564,.T.);
#115=ORIENTED_EDGE('',*,*,#565,.T.);
#116=ORIENTED_EDGE('',*,*,#566,.T.);
#117=ORIENTED_EDGE('',*,*,#526,.F.);
#118=ORIENTED_EDGE('',*,*,#567,.T.);
#119=ORIENTED_EDGE('',*,*,#568,.T.);
#120=ORIENTED_EDGE('',*,*,#569,.T.);
#121=ORIENTED_EDGE('',*,*,#524,.T.);
#122=ORIENTED_EDGE('',*,*,#570,.T.);
#123=ORIENTED_EDGE('',*,*,#571,.T.);
#124=ORIENTED_EDGE('',*,*,#572,.T.);
#125=ORIENTED_EDGE('',*,*,#573,.T.);
#126=ORIENTED_EDGE('',*,*,#574,.T.);
#127=ORIENTED_EDGE('',*,*,#522,.F.);
#128=ORIENTED_EDGE('',*,*,#575,.T.);
#129=ORIENTED_EDGE('',*,*,#576,.T.);
#130=ORIENTED_EDGE('',*,*,#577,.T.);
#131=ORIENTED_EDGE('',*,*,#536,.T.);
#132=ORIENTED_EDGE('',*,*,#578,.T.);
#133=ORIENTED_EDGE('',*,*,#534,.F.);
#134=ORIENTED_EDGE('',*,*,#579,.T.);
#135=ORIENTED_EDGE('',*,*,#580,.T.);
#136=ORIENTED_EDGE('',*,*,#581,.T.);
#137=ORIENTED_EDGE('',*,*,#582,.F.);
#138=ORIENTED_EDGE('',*,*,#583,.T.);
#139=ORIENTED_EDGE('',*,*,#584,.T.);
#140=ORIENTED_EDGE('',*,*,#538,.T.);
#141=ORIENTED_EDGE('',*,*,#585,.F.);
#142=ORIENTED_EDGE('',*,*,#586,.T.);
#143=ORIENTED_EDGE('',*,*,#582,.T.);
#144=ORIENTED_EDGE('',*,*,#544,.T.);
#145=ORIENTED_EDGE('',*,*,#587,.F.);
#146=ORIENTED_EDGE('',*,*,#588,.T.);
#147=ORIENTED_EDGE('',*,*,#585,.T.);
#148=ORIENTED_EDGE('',*,*,#543,.F.);
#149=ORIENTED_EDGE('',*,*,#532,.T.);
#150=ORIENTED_EDGE('',*,*,#589,.T.);
#151=ORIENTED_EDGE('',*,*,#590,.T.);
#152=ORIENTED_EDGE('',*,*,#591,.T.);
#153=ORIENTED_EDGE('',*,*,#592,.F.);
#154=ORIENTED_EDGE('',*,*,#593,.T.);
#155=ORIENTED_EDGE('',*,*,#594,.T.);
#156=ORIENTED_EDGE('',*,*,#559,.F.);
#157=ORIENTED_EDGE('',*,*,#595,.F.);
#158=ORIENTED_EDGE('',*,*,#596,.T.);
#159=ORIENTED_EDGE('',*,*,#592,.T.);
#160=ORIENTED_EDGE('',*,*,#558,.F.);
#161=ORIENTED_EDGE('',*,*,#597,.F.);
#162=ORIENTED_EDGE('',*,*,#598,.T.);
#163=ORIENTED_EDGE('',*,*,#595,.T.);
#164=ORIENTED_EDGE('',*,*,#557,.F.);
#165=ORIENTED_EDGE('',*,*,#599,.F.);
#166=ORIENTED_EDGE('',*,*,#600,.T.);
#167=ORIENTED_EDGE('',*,*,#587,.T.);
#168=ORIENTED_EDGE('',*,*,#542,.F.);
#169=ORIENTED_EDGE('',*,*,#601,.F.);
#170=ORIENTED_EDGE('',*,*,#602,.T.);
#171=ORIENTED_EDGE('',*,*,#599,.T.);
#172=ORIENTED_EDGE('',*,*,#541,.F.);
#173=ORIENTED_EDGE('',*,*,#603,.F.);
#174=ORIENTED_EDGE('',*,*,#604,.T.);
#175=ORIENTED_EDGE('',*,*,#601,.T.);
#176=ORIENTED_EDGE('',*,*,#540,.F.);
#177=ORIENTED_EDGE('',*,*,#584,.F.);
#178=ORIENTED_EDGE('',*,*,#605,.T.);
#179=ORIENTED_EDGE('',*,*,#603,.T.);
#180=ORIENTED_EDGE('',*,*,#539,.T.);
#181=ORIENTED_EDGE('',*,*,#594,.F.);
#182=ORIENTED_EDGE('',*,*,#606,.T.);
#183=ORIENTED_EDGE('',*,*,#510,.T.);
#184=ORIENTED_EDGE('',*,*,#560,.T.);
#185=ORIENTED_EDGE('',*,*,#607,.F.);
#186=ORIENTED_EDGE('',*,*,#608,.T.);
#187=ORIENTED_EDGE('',*,*,#597,.T.);
#188=ORIENTED_EDGE('',*,*,#556,.T.);
#189=ORIENTED_EDGE('',*,*,#516,.F.);
#190=ORIENTED_EDGE('',*,*,#609,.T.);
#191=ORIENTED_EDGE('',*,*,#607,.T.);
#192=ORIENTED_EDGE('',*,*,#555,.T.);
#193=ORIENTED_EDGE('',*,*,#610,.F.);
#194=ORIENTED_EDGE('',*,*,#611,.T.);
#195=ORIENTED_EDGE('',*,*,#553,.T.);
#196=ORIENTED_EDGE('',*,*,#612,.F.);
#197=ORIENTED_EDGE('',*,*,#613,.F.);
#198=ORIENTED_EDGE('',*,*,#614,.T.);
#199=ORIENTED_EDGE('',*,*,#615,.T.);
#200=ORIENTED_EDGE('',*,*,#616,.F.);
#201=ORIENTED_EDGE('',*,*,#617,.F.);
#202=ORIENTED_EDGE('',*,*,#618,.T.);
#203=ORIENTED_EDGE('',*,*,#613,.T.);
#204=ORIENTED_EDGE('',*,*,#619,.F.);
#205=ORIENTED_EDGE('',*,*,#620,.F.);
#206=ORIENTED_EDGE('',*,*,#621,.T.);
#207=ORIENTED_EDGE('',*,*,#617,.T.);
#208=ORIENTED_EDGE('',*,*,#622,.F.);
#209=ORIENTED_EDGE('',*,*,#615,.F.);
#210=ORIENTED_EDGE('',*,*,#623,.T.);
#211=ORIENTED_EDGE('',*,*,#620,.T.);
#212=ORIENTED_EDGE('',*,*,#624,.F.);
#213=ORIENTED_EDGE('',*,*,#546,.F.);
#214=ORIENTED_EDGE('',*,*,#625,.F.);
#215=ORIENTED_EDGE('',*,*,#626,.T.);
#216=ORIENTED_EDGE('',*,*,#627,.T.);
#217=ORIENTED_EDGE('',*,*,#547,.F.);
#218=ORIENTED_EDGE('',*,*,#627,.F.);
#219=ORIENTED_EDGE('',*,*,#628,.T.);
#220=ORIENTED_EDGE('',*,*,#629,.T.);
#221=ORIENTED_EDGE('',*,*,#548,.T.);
#222=ORIENTED_EDGE('',*,*,#629,.F.);
#223=ORIENTED_EDGE('',*,*,#630,.F.);
#224=ORIENTED_EDGE('',*,*,#631,.T.);
#225=ORIENTED_EDGE('',*,*,#549,.T.);
#226=ORIENTED_EDGE('',*,*,#631,.F.);
#227=ORIENTED_EDGE('',*,*,#632,.F.);
#228=ORIENTED_EDGE('',*,*,#633,.T.);
#229=ORIENTED_EDGE('',*,*,#550,.T.);
#230=ORIENTED_EDGE('',*,*,#633,.F.);
#231=ORIENTED_EDGE('',*,*,#634,.F.);
#232=ORIENTED_EDGE('',*,*,#635,.T.);
#233=ORIENTED_EDGE('',*,*,#551,.F.);
#234=ORIENTED_EDGE('',*,*,#635,.F.);
#235=ORIENTED_EDGE('',*,*,#636,.T.);
#236=ORIENTED_EDGE('',*,*,#637,.T.);
#237=ORIENTED_EDGE('',*,*,#616,.T.);
#238=ORIENTED_EDGE('',*,*,#624,.T.);
#239=ORIENTED_EDGE('',*,*,#622,.T.);
#240=ORIENTED_EDGE('',*,*,#619,.T.);
#241=ORIENTED_EDGE('',*,*,#626,.F.);
#242=ORIENTED_EDGE('',*,*,#638,.T.);
#243=ORIENTED_EDGE('',*,*,#639,.T.);
#244=ORIENTED_EDGE('',*,*,#640,.F.);
#245=ORIENTED_EDGE('',*,*,#610,.T.);
#246=ORIENTED_EDGE('',*,*,#641,.F.);
#247=ORIENTED_EDGE('',*,*,#636,.F.);
#248=ORIENTED_EDGE('',*,*,#634,.T.);
#249=ORIENTED_EDGE('',*,*,#632,.T.);
#250=ORIENTED_EDGE('',*,*,#630,.T.);
#251=ORIENTED_EDGE('',*,*,#628,.F.);
#252=ORIENTED_EDGE('',*,*,#641,.T.);
#253=ORIENTED_EDGE('',*,*,#612,.T.);
#254=ORIENTED_EDGE('',*,*,#552,.F.);
#255=ORIENTED_EDGE('',*,*,#637,.F.);
#256=ORIENTED_EDGE('',*,*,#642,.F.);
#257=ORIENTED_EDGE('',*,*,#643,.T.);
#258=ORIENTED_EDGE('',*,*,#514,.T.);
#259=ORIENTED_EDGE('',*,*,#644,.F.);
#260=ORIENTED_EDGE('',*,*,#645,.T.);
#261=ORIENTED_EDGE('',*,*,#512,.F.);
#262=ORIENTED_EDGE('',*,*,#646,.T.);
#263=ORIENTED_EDGE('',*,*,#642,.T.);
#264=ORIENTED_EDGE('',*,*,#647,.F.);
#265=ORIENTED_EDGE('',*,*,#648,.T.);
#266=ORIENTED_EDGE('',*,*,#649,.T.);
#267=ORIENTED_EDGE('',*,*,#650,.T.);
#268=ORIENTED_EDGE('',*,*,#651,.T.);
#269=ORIENTED_EDGE('',*,*,#652,.T.);
#270=ORIENTED_EDGE('',*,*,#653,.T.);
#271=ORIENTED_EDGE('',*,*,#654,.T.);
#272=ORIENTED_EDGE('',*,*,#655,.T.);
#273=ORIENTED_EDGE('',*,*,#656,.T.);
#274=ORIENTED_EDGE('',*,*,#657,.T.);
#275=ORIENTED_EDGE('',*,*,#658,.T.);
#276=ORIENTED_EDGE('',*,*,#659,.T.);
#277=ORIENTED_EDGE('',*,*,#660,.T.);
#278=ORIENTED_EDGE('',*,*,#661,.T.);
#279=ORIENTED_EDGE('',*,*,#662,.T.);
#280=ORIENTED_EDGE('',*,*,#663,.T.);
#281=ORIENTED_EDGE('',*,*,#664,.T.);
#282=ORIENTED_EDGE('',*,*,#665,.T.);
#283=ORIENTED_EDGE('',*,*,#666,.T.);
#284=ORIENTED_EDGE('',*,*,#667,.T.);
#285=ORIENTED_EDGE('',*,*,#668,.T.);
#286=ORIENTED_EDGE('',*,*,#669,.T.);
#287=ORIENTED_EDGE('',*,*,#670,.T.);
#288=ORIENTED_EDGE('',*,*,#671,.T.);
#289=ORIENTED_EDGE('',*,*,#672,.T.);
#290=ORIENTED_EDGE('',*,*,#673,.T.);
#291=ORIENTED_EDGE('',*,*,#674,.T.);
#292=ORIENTED_EDGE('',*,*,#675,.T.);
#293=ORIENTED_EDGE('',*,*,#676,.T.);
#294=ORIENTED_EDGE('',*,*,#677,.T.);
#295=ORIENTED_EDGE('',*,*,#625,.T.);
#296=ORIENTED_EDGE('',*,*,#678,.F.);
#297=ORIENTED_EDGE('',*,*,#679,.T.);
#298=ORIENTED_EDGE('',*,*,#680,.F.);
#299=ORIENTED_EDGE('',*,*,#638,.F.);
#300=ORIENTED_EDGE('',*,*,#680,.T.);
#301=ORIENTED_EDGE('',*,*,#681,.T.);
#302=ORIENTED_EDGE('',*,*,#682,.F.);
#303=ORIENTED_EDGE('',*,*,#639,.F.);
#304=ORIENTED_EDGE('',*,*,#682,.T.);
#305=ORIENTED_EDGE('',*,*,#683,.F.);
#306=ORIENTED_EDGE('',*,*,#684,.T.);
#307=ORIENTED_EDGE('',*,*,#611,.F.);
#308=ORIENTED_EDGE('',*,*,#640,.T.);
#309=ORIENTED_EDGE('',*,*,#545,.F.);
#310=ORIENTED_EDGE('',*,*,#648,.F.);
#311=ORIENTED_EDGE('',*,*,#685,.T.);
#312=ORIENTED_EDGE('',*,*,#678,.T.);
#313=ORIENTED_EDGE('',*,*,#554,.T.);
#314=ORIENTED_EDGE('',*,*,#684,.F.);
#315=ORIENTED_EDGE('',*,*,#686,.F.);
#316=ORIENTED_EDGE('',*,*,#644,.T.);
#317=ORIENTED_EDGE('',*,*,#647,.T.);
#318=ORIENTED_EDGE('',*,*,#645,.F.);
#319=ORIENTED_EDGE('',*,*,#686,.T.);
#320=ORIENTED_EDGE('',*,*,#683,.T.);
#321=ORIENTED_EDGE('',*,*,#681,.F.);
#322=ORIENTED_EDGE('',*,*,#679,.F.);
#323=ORIENTED_EDGE('',*,*,#685,.F.);
#324=ORIENTED_EDGE('',*,*,#687,.T.);
#325=ORIENTED_EDGE('',*,*,#521,.F.);
#326=ORIENTED_EDGE('',*,*,#687,.F.);
#327=ORIENTED_EDGE('',*,*,#688,.T.);
#328=ORIENTED_EDGE('',*,*,#520,.F.);
#329=ORIENTED_EDGE('',*,*,#688,.F.);
#330=ORIENTED_EDGE('',*,*,#689,.T.);
#331=ORIENTED_EDGE('',*,*,#519,.F.);
#332=ORIENTED_EDGE('',*,*,#689,.F.);
#333=ORIENTED_EDGE('',*,*,#690,.T.);
#334=ORIENTED_EDGE('',*,*,#518,.F.);
#335=ORIENTED_EDGE('',*,*,#690,.F.);
#336=ORIENTED_EDGE('',*,*,#691,.F.);
#337=ORIENTED_EDGE('',*,*,#652,.F.);
#338=ORIENTED_EDGE('',*,*,#692,.F.);
#339=ORIENTED_EDGE('',*,*,#623,.F.);
#340=ORIENTED_EDGE('',*,*,#692,.T.);
#341=ORIENTED_EDGE('',*,*,#651,.F.);
#342=ORIENTED_EDGE('',*,*,#693,.F.);
#343=ORIENTED_EDGE('',*,*,#621,.F.);
#344=ORIENTED_EDGE('',*,*,#691,.T.);
#345=ORIENTED_EDGE('',*,*,#614,.F.);
#346=ORIENTED_EDGE('',*,*,#694,.F.);
#347=ORIENTED_EDGE('',*,*,#649,.F.);
#348=ORIENTED_EDGE('',*,*,#693,.T.);
#349=ORIENTED_EDGE('',*,*,#650,.F.);
#350=ORIENTED_EDGE('',*,*,#694,.T.);
#351=ORIENTED_EDGE('',*,*,#618,.F.);
#352=ORIENTED_EDGE('',*,*,#695,.F.);
#353=ORIENTED_EDGE('',*,*,#654,.F.);
#354=ORIENTED_EDGE('',*,*,#696,.F.);
#355=ORIENTED_EDGE('',*,*,#608,.F.);
#356=ORIENTED_EDGE('',*,*,#697,.F.);
#357=ORIENTED_EDGE('',*,*,#588,.F.);
#358=ORIENTED_EDGE('',*,*,#698,.F.);
#359=ORIENTED_EDGE('',*,*,#662,.F.);
#360=ORIENTED_EDGE('',*,*,#698,.T.);
#361=ORIENTED_EDGE('',*,*,#600,.F.);
#362=ORIENTED_EDGE('',*,*,#699,.F.);
#363=ORIENTED_EDGE('',*,*,#663,.F.);
#364=ORIENTED_EDGE('',*,*,#696,.T.);
#365=ORIENTED_EDGE('',*,*,#653,.F.);
#366=ORIENTED_EDGE('',*,*,#700,.F.);
#367=ORIENTED_EDGE('',*,*,#598,.F.);
#368=ORIENTED_EDGE('',*,*,#695,.T.);
#369=ORIENTED_EDGE('',*,*,#609,.F.);
#370=ORIENTED_EDGE('',*,*,#701,.F.);
#371=ORIENTED_EDGE('',*,*,#655,.F.);
#372=ORIENTED_EDGE('',*,*,#697,.T.);
#373=ORIENTED_EDGE('',*,*,#661,.F.);
#374=ORIENTED_EDGE('',*,*,#702,.F.);
#375=ORIENTED_EDGE('',*,*,#586,.F.);
#376=ORIENTED_EDGE('',*,*,#699,.T.);
#377=ORIENTED_EDGE('',*,*,#602,.F.);
#378=ORIENTED_EDGE('',*,*,#703,.F.);
#379=ORIENTED_EDGE('',*,*,#664,.F.);
#380=ORIENTED_EDGE('',*,*,#700,.T.);
#381=ORIENTED_EDGE('',*,*,#669,.F.);
#382=ORIENTED_EDGE('',*,*,#704,.F.);
#383=ORIENTED_EDGE('',*,*,#596,.F.);
#384=ORIENTED_EDGE('',*,*,#701,.T.);
#385=ORIENTED_EDGE('',*,*,#515,.F.);
#386=ORIENTED_EDGE('',*,*,#705,.F.);
#387=ORIENTED_EDGE('',*,*,#656,.F.);
#388=ORIENTED_EDGE('',*,*,#702,.T.);
#389=ORIENTED_EDGE('',*,*,#660,.F.);
#390=ORIENTED_EDGE('',*,*,#706,.F.);
#391=ORIENTED_EDGE('',*,*,#583,.F.);
#392=ORIENTED_EDGE('',*,*,#703,.T.);
#393=ORIENTED_EDGE('',*,*,#604,.F.);
#394=ORIENTED_EDGE('',*,*,#707,.F.);
#395=ORIENTED_EDGE('',*,*,#665,.F.);
#396=ORIENTED_EDGE('',*,*,#704,.T.);
#397=ORIENTED_EDGE('',*,*,#668,.F.);
#398=ORIENTED_EDGE('',*,*,#708,.F.);
#399=ORIENTED_EDGE('',*,*,#593,.F.);
#400=ORIENTED_EDGE('',*,*,#705,.T.);
#401=ORIENTED_EDGE('',*,*,#643,.F.);
#402=ORIENTED_EDGE('',*,*,#709,.F.);
#403=ORIENTED_EDGE('',*,*,#657,.F.);
#404=ORIENTED_EDGE('',*,*,#706,.T.);
#405=ORIENTED_EDGE('',*,*,#659,.F.);
#406=ORIENTED_EDGE('',*,*,#710,.F.);
#407=ORIENTED_EDGE('',*,*,#666,.F.);
#408=ORIENTED_EDGE('',*,*,#707,.T.);
#409=ORIENTED_EDGE('',*,*,#605,.F.);
#410=ORIENTED_EDGE('',*,*,#708,.T.);
#411=ORIENTED_EDGE('',*,*,#667,.F.);
#412=ORIENTED_EDGE('',*,*,#711,.F.);
#413=ORIENTED_EDGE('',*,*,#606,.F.);
#414=ORIENTED_EDGE('',*,*,#709,.T.);
#415=ORIENTED_EDGE('',*,*,#646,.F.);
#416=ORIENTED_EDGE('',*,*,#712,.F.);
#417=ORIENTED_EDGE('',*,*,#658,.F.);
#418=ORIENTED_EDGE('',*,*,#711,.T.);
#419=ORIENTED_EDGE('',*,*,#710,.T.);
#420=ORIENTED_EDGE('',*,*,#712,.T.);
#421=ORIENTED_EDGE('',*,*,#511,.F.);
#422=ORIENTED_EDGE('',*,*,#571,.F.);
#423=ORIENTED_EDGE('',*,*,#713,.T.);
#424=ORIENTED_EDGE('',*,*,#714,.F.);
#425=ORIENTED_EDGE('',*,*,#675,.F.);
#426=ORIENTED_EDGE('',*,*,#715,.F.);
#427=ORIENTED_EDGE('',*,*,#716,.T.);
#428=ORIENTED_EDGE('',*,*,#714,.T.);
#429=ORIENTED_EDGE('',*,*,#717,.T.);
#430=ORIENTED_EDGE('',*,*,#573,.F.);
#431=ORIENTED_EDGE('',*,*,#718,.T.);
#432=ORIENTED_EDGE('',*,*,#719,.F.);
#433=ORIENTED_EDGE('',*,*,#676,.F.);
#434=ORIENTED_EDGE('',*,*,#568,.F.);
#435=ORIENTED_EDGE('',*,*,#720,.T.);
#436=ORIENTED_EDGE('',*,*,#715,.T.);
#437=ORIENTED_EDGE('',*,*,#674,.F.);
#438=ORIENTED_EDGE('',*,*,#721,.F.);
#439=ORIENTED_EDGE('',*,*,#722,.T.);
#440=ORIENTED_EDGE('',*,*,#719,.T.);
#441=ORIENTED_EDGE('',*,*,#723,.T.);
#442=ORIENTED_EDGE('',*,*,#576,.F.);
#443=ORIENTED_EDGE('',*,*,#724,.T.);
#444=ORIENTED_EDGE('',*,*,#725,.F.);
#445=ORIENTED_EDGE('',*,*,#677,.F.);
#446=ORIENTED_EDGE('',*,*,#565,.F.);
#447=ORIENTED_EDGE('',*,*,#726,.T.);
#448=ORIENTED_EDGE('',*,*,#721,.T.);
#449=ORIENTED_EDGE('',*,*,#673,.F.);
#450=ORIENTED_EDGE('',*,*,#727,.F.);
#451=ORIENTED_EDGE('',*,*,#728,.T.);
#452=ORIENTED_EDGE('',*,*,#580,.F.);
#453=ORIENTED_EDGE('',*,*,#729,.T.);
#454=ORIENTED_EDGE('',*,*,#730,.F.);
#455=ORIENTED_EDGE('',*,*,#670,.F.);
#456=ORIENTED_EDGE('',*,*,#725,.T.);
#457=ORIENTED_EDGE('',*,*,#731,.T.);
#458=ORIENTED_EDGE('',*,*,#562,.F.);
#459=ORIENTED_EDGE('',*,*,#732,.T.);
#460=ORIENTED_EDGE('',*,*,#727,.T.);
#461=ORIENTED_EDGE('',*,*,#672,.F.);
#462=ORIENTED_EDGE('',*,*,#733,.F.);
#463=ORIENTED_EDGE('',*,*,#734,.T.);
#464=ORIENTED_EDGE('',*,*,#590,.F.);
#465=ORIENTED_EDGE('',*,*,#735,.T.);
#466=ORIENTED_EDGE('',*,*,#733,.T.);
#467=ORIENTED_EDGE('',*,*,#671,.F.);
#468=ORIENTED_EDGE('',*,*,#730,.T.);
#469=ORIENTED_EDGE('',*,*,#736,.T.);
#470=ORIENTED_EDGE('',*,*,#713,.F.);
#471=ORIENTED_EDGE('',*,*,#570,.F.);
#472=ORIENTED_EDGE('',*,*,#523,.F.);
#473=ORIENTED_EDGE('',*,*,#574,.F.);
#474=ORIENTED_EDGE('',*,*,#717,.F.);
#475=ORIENTED_EDGE('',*,*,#718,.F.);
#476=ORIENTED_EDGE('',*,*,#575,.F.);
#477=ORIENTED_EDGE('',*,*,#537,.F.);
#478=ORIENTED_EDGE('',*,*,#577,.F.);
#479=ORIENTED_EDGE('',*,*,#723,.F.);
#480=ORIENTED_EDGE('',*,*,#720,.F.);
#481=ORIENTED_EDGE('',*,*,#567,.F.);
#482=ORIENTED_EDGE('',*,*,#525,.F.);
#483=ORIENTED_EDGE('',*,*,#572,.F.);
#484=ORIENTED_EDGE('',*,*,#716,.F.);
#485=ORIENTED_EDGE('',*,*,#726,.F.);
#486=ORIENTED_EDGE('',*,*,#564,.F.);
#487=ORIENTED_EDGE('',*,*,#527,.F.);
#488=ORIENTED_EDGE('',*,*,#569,.F.);
#489=ORIENTED_EDGE('',*,*,#722,.F.);
#490=ORIENTED_EDGE('',*,*,#732,.F.);
#491=ORIENTED_EDGE('',*,*,#561,.F.);
#492=ORIENTED_EDGE('',*,*,#529,.F.);
#493=ORIENTED_EDGE('',*,*,#566,.F.);
#494=ORIENTED_EDGE('',*,*,#728,.F.);
#495=ORIENTED_EDGE('',*,*,#735,.F.);
#496=ORIENTED_EDGE('',*,*,#589,.F.);
#497=ORIENTED_EDGE('',*,*,#531,.F.);
#498=ORIENTED_EDGE('',*,*,#563,.F.);
#499=ORIENTED_EDGE('',*,*,#734,.F.);
#500=ORIENTED_EDGE('',*,*,#729,.F.);
#501=ORIENTED_EDGE('',*,*,#579,.F.);
#502=ORIENTED_EDGE('',*,*,#533,.F.);
#503=ORIENTED_EDGE('',*,*,#591,.F.);
#504=ORIENTED_EDGE('',*,*,#736,.F.);
#505=ORIENTED_EDGE('',*,*,#724,.F.);
#506=ORIENTED_EDGE('',*,*,#578,.F.);
#507=ORIENTED_EDGE('',*,*,#535,.F.);
#508=ORIENTED_EDGE('',*,*,#581,.F.);
#509=ORIENTED_EDGE('',*,*,#731,.F.);
#510=EDGE_CURVE('',#737,#738,#882,.T.);
#511=EDGE_CURVE('',#737,#739,#883,.T.);
#512=EDGE_CURVE('',#739,#740,#884,.T.);
#513=EDGE_CURVE('',#738,#740,#885,.T.);
#514=EDGE_CURVE('',#741,#742,#886,.T.);
#515=EDGE_CURVE('',#741,#743,#887,.T.);
#516=EDGE_CURVE('',#743,#744,#888,.T.);
#517=EDGE_CURVE('',#744,#742,#889,.T.);
#518=EDGE_CURVE('',#745,#745,#40,.T.);
#519=EDGE_CURVE('',#746,#746,#41,.T.);
#520=EDGE_CURVE('',#747,#747,#42,.T.);
#521=EDGE_CURVE('',#748,#748,#43,.T.);
#522=EDGE_CURVE('',#749,#750,#890,.T.);
#523=EDGE_CURVE('',#750,#751,#44,.F.);
#524=EDGE_CURVE('',#752,#751,#891,.T.);
#525=EDGE_CURVE('',#752,#753,#45,.F.);
#526=EDGE_CURVE('',#753,#754,#892,.T.);
#527=EDGE_CURVE('',#754,#755,#46,.F.);
#528=EDGE_CURVE('',#756,#755,#893,.T.);
#529=EDGE_CURVE('',#756,#757,#47,.F.);
#530=EDGE_CURVE('',#758,#757,#894,.T.);
#531=EDGE_CURVE('',#758,#759,#48,.F.);
#532=EDGE_CURVE('',#760,#759,#895,.T.);
#533=EDGE_CURVE('',#760,#761,#49,.F.);
#534=EDGE_CURVE('',#761,#762,#896,.T.);
#535=EDGE_CURVE('',#762,#763,#50,.F.);
#536=EDGE_CURVE('',#764,#763,#897,.T.);
#537=EDGE_CURVE('',#764,#749,#51,.F.);
#538=EDGE_CURVE('',#765,#766,#898,.T.);
#539=EDGE_CURVE('',#767,#765,#899,.T.);
#540=EDGE_CURVE('',#767,#768,#900,.T.);
#541=EDGE_CURVE('',#768,#769,#901,.T.);
#542=EDGE_CURVE('',#769,#770,#902,.T.);
#543=EDGE_CURVE('',#770,#771,#903,.T.);
#544=EDGE_CURVE('',#766,#771,#904,.T.);
#545=EDGE_CURVE('',#740,#772,#905,.T.);
#546=EDGE_CURVE('',#772,#773,#906,.T.);
#547=EDGE_CURVE('',#773,#774,#907,.T.);
#548=EDGE_CURVE('',#775,#774,#908,.T.);
#549=EDGE_CURVE('',#776,#775,#909,.T.);
#550=EDGE_CURVE('',#777,#776,#910,.T.);
#551=EDGE_CURVE('',#777,#778,#911,.T.);
#552=EDGE_CURVE('',#778,#779,#912,.T.);
#553=EDGE_CURVE('',#780,#779,#913,.T.);
#554=EDGE_CURVE('',#742,#780,#914,.T.);
#555=EDGE_CURVE('',#781,#744,#915,.T.);
#556=EDGE_CURVE('',#782,#781,#916,.T.);
#557=EDGE_CURVE('',#782,#783,#917,.T.);
#558=EDGE_CURVE('',#783,#784,#918,.T.);
#559=EDGE_CURVE('',#784,#785,#919,.T.);
#560=EDGE_CURVE('',#738,#785,#920,.T.);
#561=EDGE_CURVE('',#757,#786,#921,.F.);
#562=EDGE_CURVE('',#786,#787,#922,.T.);
#563=EDGE_CURVE('',#787,#758,#923,.T.);
#564=EDGE_CURVE('',#755,#788,#924,.F.);
#565=EDGE_CURVE('',#788,#789,#925,.T.);
#566=EDGE_CURVE('',#789,#756,#926,.T.);
#567=EDGE_CURVE('',#753,#790,#927,.F.);
#568=EDGE_CURVE('',#790,#791,#928,.T.);
#569=EDGE_CURVE('',#791,#754,#929,.T.);
#570=EDGE_CURVE('',#751,#792,#930,.F.);
#571=EDGE_CURVE('',#792,#793,#931,.T.);
#572=EDGE_CURVE('',#793,#752,#932,.T.);
#573=EDGE_CURVE('',#794,#795,#933,.T.);
#574=EDGE_CURVE('',#795,#750,#934,.T.);
#575=EDGE_CURVE('',#749,#794,#935,.F.);
#576=EDGE_CURVE('',#796,#797,#936,.T.);
#577=EDGE_CURVE('',#797,#764,#937,.T.);
#578=EDGE_CURVE('',#763,#796,#938,.F.);
#579=EDGE_CURVE('',#761,#798,#939,.F.);
#580=EDGE_CURVE('',#798,#799,#940,.T.);
#581=EDGE_CURVE('',#799,#762,#941,.T.);
#582=EDGE_CURVE('',#800,#766,#942,.T.);
#583=EDGE_CURVE('',#800,#801,#943,.T.);
#584=EDGE_CURVE('',#801,#765,#944,.T.);
#585=EDGE_CURVE('',#802,#771,#945,.T.);
#586=EDGE_CURVE('',#802,#800,#946,.T.);
#587=EDGE_CURVE('',#803,#770,#947,.T.);
#588=EDGE_CURVE('',#803,#802,#948,.T.);
#589=EDGE_CURVE('',#759,#804,#949,.F.);
#590=EDGE_CURVE('',#804,#805,#950,.T.);
#591=EDGE_CURVE('',#805,#760,#951,.T.);
#592=EDGE_CURVE('',#806,#784,#952,.T.);
#593=EDGE_CURVE('',#806,#807,#953,.T.);
#594=EDGE_CURVE('',#807,#785,#954,.T.);
#595=EDGE_CURVE('',#808,#783,#955,.T.);
#596=EDGE_CURVE('',#808,#806,#956,.T.);
#597=EDGE_CURVE('',#809,#782,#957,.T.);
#598=EDGE_CURVE('',#809,#808,#958,.T.);
#599=EDGE_CURVE('',#810,#769,#959,.T.);
#600=EDGE_CURVE('',#810,#803,#960,.T.);
#601=EDGE_CURVE('',#811,#768,#961,.T.);
#602=EDGE_CURVE('',#811,#810,#962,.T.);
#603=EDGE_CURVE('',#812,#767,#963,.T.);
#604=EDGE_CURVE('',#812,#811,#964,.T.);
#605=EDGE_CURVE('',#801,#812,#965,.T.);
#606=EDGE_CURVE('',#807,#737,#966,.T.);
#607=EDGE_CURVE('',#813,#781,#967,.T.);
#608=EDGE_CURVE('',#813,#809,#968,.T.);
#609=EDGE_CURVE('',#743,#813,#969,.T.);
#610=EDGE_CURVE('',#814,#815,#970,.T.);
#611=EDGE_CURVE('',#814,#780,#971,.T.);
#612=EDGE_CURVE('',#815,#779,#972,.T.);
#613=EDGE_CURVE('',#816,#817,#973,.T.);
#614=EDGE_CURVE('',#816,#818,#974,.T.);
#615=EDGE_CURVE('',#818,#819,#975,.T.);
#616=EDGE_CURVE('',#817,#819,#976,.T.);
#617=EDGE_CURVE('',#820,#821,#977,.T.);
#618=EDGE_CURVE('',#820,#816,#978,.T.);
#619=EDGE_CURVE('',#821,#817,#979,.T.);
#620=EDGE_CURVE('',#822,#823,#980,.T.);
#621=EDGE_CURVE('',#822,#820,#981,.T.);
#622=EDGE_CURVE('',#823,#821,#982,.T.);
#623=EDGE_CURVE('',#818,#822,#983,.T.);
#624=EDGE_CURVE('',#819,#823,#984,.T.);
#625=EDGE_CURVE('',#824,#772,#985,.T.);
#626=EDGE_CURVE('',#824,#825,#986,.T.);
#627=EDGE_CURVE('',#825,#773,#987,.T.);
#628=EDGE_CURVE('',#825,#826,#988,.T.);
#629=EDGE_CURVE('',#826,#774,#989,.T.);
#630=EDGE_CURVE('',#827,#826,#990,.T.);
#631=EDGE_CURVE('',#827,#775,#991,.T.);
#632=EDGE_CURVE('',#828,#827,#992,.T.);
#633=EDGE_CURVE('',#828,#776,#993,.T.);
#634=EDGE_CURVE('',#829,#828,#994,.T.);
#635=EDGE_CURVE('',#829,#777,#995,.T.);
#636=EDGE_CURVE('',#829,#830,#996,.T.);
#637=EDGE_CURVE('',#830,#778,#997,.T.);
#638=EDGE_CURVE('',#824,#831,#998,.T.);
#639=EDGE_CURVE('',#831,#832,#999,.T.);
#640=EDGE_CURVE('',#814,#832,#1000,.T.);
#641=EDGE_CURVE('',#830,#815,#1001,.T.);
#642=EDGE_CURVE('',#833,#834,#1002,.T.);
#643=EDGE_CURVE('',#833,#741,#1003,.T.);
#644=EDGE_CURVE('',#835,#742,#1004,.T.);
#645=EDGE_CURVE('',#835,#834,#1005,.T.);
#646=EDGE_CURVE('',#739,#833,#1006,.T.);
#647=EDGE_CURVE('',#836,#834,#1007,.T.);
#648=EDGE_CURVE('',#836,#740,#1008,.T.);
#649=EDGE_CURVE('',#837,#838,#1009,.T.);
#650=EDGE_CURVE('',#838,#839,#1010,.T.);
#651=EDGE_CURVE('',#839,#840,#1011,.T.);
#652=EDGE_CURVE('',#840,#837,#1012,.T.);
#653=EDGE_CURVE('',#841,#842,#1013,.T.);
#654=EDGE_CURVE('',#842,#843,#1014,.T.);
#655=EDGE_CURVE('',#843,#844,#1015,.T.);
#656=EDGE_CURVE('',#844,#845,#1016,.T.);
#657=EDGE_CURVE('',#845,#846,#1017,.T.);
#658=EDGE_CURVE('',#846,#847,#1018,.T.);
#659=EDGE_CURVE('',#847,#848,#1019,.T.);
#660=EDGE_CURVE('',#848,#849,#1020,.T.);
#661=EDGE_CURVE('',#849,#850,#1021,.T.);
#662=EDGE_CURVE('',#850,#851,#1022,.T.);
#663=EDGE_CURVE('',#851,#852,#1023,.T.);
#664=EDGE_CURVE('',#852,#853,#1024,.T.);
#665=EDGE_CURVE('',#853,#854,#1025,.T.);
#666=EDGE_CURVE('',#854,#855,#1026,.T.);
#667=EDGE_CURVE('',#855,#856,#1027,.T.);
#668=EDGE_CURVE('',#856,#857,#1028,.T.);
#669=EDGE_CURVE('',#857,#841,#1029,.T.);
#670=EDGE_CURVE('',#858,#859,#1030,.T.);
#671=EDGE_CURVE('',#859,#860,#1031,.T.);
#672=EDGE_CURVE('',#860,#861,#1032,.T.);
#673=EDGE_CURVE('',#861,#862,#1033,.T.);
#674=EDGE_CURVE('',#862,#863,#1034,.T.);
#675=EDGE_CURVE('',#863,#864,#1035,.T.);
#676=EDGE_CURVE('',#864,#865,#1036,.T.);
#677=EDGE_CURVE('',#865,#858,#1037,.T.);
#678=EDGE_CURVE('',#866,#772,#1038,.T.);
#679=EDGE_CURVE('',#866,#867,#1039,.T.);
#680=EDGE_CURVE('',#831,#867,#1040,.T.);
#681=EDGE_CURVE('',#867,#868,#1041,.T.);
#682=EDGE_CURVE('',#832,#868,#1042,.T.);
#683=EDGE_CURVE('',#869,#868,#1043,.T.);
#684=EDGE_CURVE('',#869,#780,#1044,.T.);
#685=EDGE_CURVE('',#836,#866,#1045,.T.);
#686=EDGE_CURVE('',#835,#869,#1046,.T.);
#687=EDGE_CURVE('',#870,#870,#52,.T.);
#688=EDGE_CURVE('',#871,#871,#53,.T.);
#689=EDGE_CURVE('',#872,#872,#54,.T.);
#690=EDGE_CURVE('',#873,#873,#55,.T.);
#691=EDGE_CURVE('',#837,#818,#1047,.T.);
#692=EDGE_CURVE('',#822,#840,#1048,.F.);
#693=EDGE_CURVE('',#820,#839,#1049,.F.);
#694=EDGE_CURVE('',#838,#816,#1050,.F.);
#695=EDGE_CURVE('',#843,#813,#1051,.T.);
#696=EDGE_CURVE('',#809,#842,#1052,.T.);
#697=EDGE_CURVE('',#802,#850,#1053,.F.);
#698=EDGE_CURVE('',#851,#803,#1054,.F.);
#699=EDGE_CURVE('',#852,#810,#1055,.T.);
#700=EDGE_CURVE('',#808,#841,#1056,.F.);
#701=EDGE_CURVE('',#844,#743,#1057,.T.);
#702=EDGE_CURVE('',#800,#849,#1058,.T.);
#703=EDGE_CURVE('',#853,#811,#1059,.F.);
#704=EDGE_CURVE('',#806,#857,#1060,.F.);
#705=EDGE_CURVE('',#845,#741,#1061,.T.);
#706=EDGE_CURVE('',#801,#848,#1062,.T.);
#707=EDGE_CURVE('',#854,#812,#1063,.T.);
#708=EDGE_CURVE('',#807,#856,#1064,.T.);
#709=EDGE_CURVE('',#846,#833,#1065,.F.);
#710=EDGE_CURVE('',#855,#847,#1066,.T.);
#711=EDGE_CURVE('',#737,#855,#1067,.T.);
#712=EDGE_CURVE('',#847,#739,#1068,.F.);
#713=EDGE_CURVE('',#792,#874,#12,.T.);
#714=EDGE_CURVE('',#864,#874,#1069,.T.);
#715=EDGE_CURVE('',#875,#863,#1070,.F.);
#716=EDGE_CURVE('',#875,#793,#13,.T.);
#717=EDGE_CURVE('',#874,#795,#14,.F.);
#718=EDGE_CURVE('',#794,#876,#15,.F.);
#719=EDGE_CURVE('',#865,#876,#1071,.T.);
#720=EDGE_CURVE('',#790,#875,#16,.F.);
#721=EDGE_CURVE('',#877,#862,#1072,.F.);
#722=EDGE_CURVE('',#877,#791,#17,.F.);
#723=EDGE_CURVE('',#876,#797,#18,.T.);
#724=EDGE_CURVE('',#796,#878,#19,.T.);
#725=EDGE_CURVE('',#858,#878,#1073,.T.);
#726=EDGE_CURVE('',#788,#877,#20,.T.);
#727=EDGE_CURVE('',#879,#861,#1074,.T.);
#728=EDGE_CURVE('',#879,#789,#21,.T.);
#729=EDGE_CURVE('',#798,#880,#22,.F.);
#730=EDGE_CURVE('',#859,#880,#1075,.T.);
#731=EDGE_CURVE('',#878,#799,#23,.F.);
#732=EDGE_CURVE('',#786,#879,#24,.T.);
#733=EDGE_CURVE('',#881,#860,#1076,.F.);
#734=EDGE_CURVE('',#881,#787,#25,.T.);
#735=EDGE_CURVE('',#804,#881,#26,.T.);
#736=EDGE_CURVE('',#880,#805,#27,.T.);
#737=VERTEX_POINT('',#2232);
#738=VERTEX_POINT('',#2233);
#739=VERTEX_POINT('',#2235);
#740=VERTEX_POINT('',#2237);
#741=VERTEX_POINT('',#2241);
#742=VERTEX_POINT('',#2242);
#743=VERTEX_POINT('',#2244);
#744=VERTEX_POINT('',#2246);
#745=VERTEX_POINT('',#2250);
#746=VERTEX_POINT('',#2252);
#747=VERTEX_POINT('',#2254);
#748=VERTEX_POINT('',#2256);
#749=VERTEX_POINT('',#2258);
#750=VERTEX_POINT('',#2259);
#751=VERTEX_POINT('',#2261);
#752=VERTEX_POINT('',#2263);
#753=VERTEX_POINT('',#2265);
#754=VERTEX_POINT('',#2267);
#755=VERTEX_POINT('',#2269);
#756=VERTEX_POINT('',#2271);
#757=VERTEX_POINT('',#2273);
#758=VERTEX_POINT('',#2275);
#759=VERTEX_POINT('',#2277);
#760=VERTEX_POINT('',#2279);
#761=VERTEX_POINT('',#2281);
#762=VERTEX_POINT('',#2283);
#763=VERTEX_POINT('',#2285);
#764=VERTEX_POINT('',#2287);
#765=VERTEX_POINT('',#2290);
#766=VERTEX_POINT('',#2291);
#767=VERTEX_POINT('',#2293);
#768=VERTEX_POINT('',#2295);
#769=VERTEX_POINT('',#2297);
#770=VERTEX_POINT('',#2299);
#771=VERTEX_POINT('',#2301);
#772=VERTEX_POINT('',#2304);
#773=VERTEX_POINT('',#2306);
#774=VERTEX_POINT('',#2308);
#775=VERTEX_POINT('',#2310);
#776=VERTEX_POINT('',#2312);
#777=VERTEX_POINT('',#2314);
#778=VERTEX_POINT('',#2316);
#779=VERTEX_POINT('',#2318);
#780=VERTEX_POINT('',#2320);
#781=VERTEX_POINT('',#2323);
#782=VERTEX_POINT('',#2325);
#783=VERTEX_POINT('',#2327);
#784=VERTEX_POINT('',#2329);
#785=VERTEX_POINT('',#2331);
#786=VERTEX_POINT('',#2335);
#787=VERTEX_POINT('',#2337);
#788=VERTEX_POINT('',#2341);
#789=VERTEX_POINT('',#2343);
#790=VERTEX_POINT('',#2347);
#791=VERTEX_POINT('',#2349);
#792=VERTEX_POINT('',#2353);
#793=VERTEX_POINT('',#2355);
#794=VERTEX_POINT('',#2359);
#795=VERTEX_POINT('',#2360);
#796=VERTEX_POINT('',#2365);
#797=VERTEX_POINT('',#2366);
#798=VERTEX_POINT('',#2371);
#799=VERTEX_POINT('',#2373);
#800=VERTEX_POINT('',#2377);
#801=VERTEX_POINT('',#2379);
#802=VERTEX_POINT('',#2383);
#803=VERTEX_POINT('',#2387);
#804=VERTEX_POINT('',#2391);
#805=VERTEX_POINT('',#2393);
#806=VERTEX_POINT('',#2397);
#807=VERTEX_POINT('',#2399);
#808=VERTEX_POINT('',#2403);
#809=VERTEX_POINT('',#2407);
#810=VERTEX_POINT('',#2411);
#811=VERTEX_POINT('',#2415);
#812=VERTEX_POINT('',#2419);
#813=VERTEX_POINT('',#2427);
#814=VERTEX_POINT('',#2433);
#815=VERTEX_POINT('',#2434);
#816=VERTEX_POINT('',#2439);
#817=VERTEX_POINT('',#2440);
#818=VERTEX_POINT('',#2442);
#819=VERTEX_POINT('',#2444);
#820=VERTEX_POINT('',#2448);
#821=VERTEX_POINT('',#2449);
#822=VERTEX_POINT('',#2454);
#823=VERTEX_POINT('',#2455);
#824=VERTEX_POINT('',#2463);
#825=VERTEX_POINT('',#2465);
#826=VERTEX_POINT('',#2469);
#827=VERTEX_POINT('',#2473);
#828=VERTEX_POINT('',#2477);
#829=VERTEX_POINT('',#2481);
#830=VERTEX_POINT('',#2485);
#831=VERTEX_POINT('',#2489);
#832=VERTEX_POINT('',#2491);
#833=VERTEX_POINT('',#2497);
#834=VERTEX_POINT('',#2498);
#835=VERTEX_POINT('',#2501);
#836=VERTEX_POINT('',#2506);
#837=VERTEX_POINT('',#2510);
#838=VERTEX_POINT('',#2511);
#839=VERTEX_POINT('',#2513);
#840=VERTEX_POINT('',#2515);
#841=VERTEX_POINT('',#2518);
#842=VERTEX_POINT('',#2519);
#843=VERTEX_POINT('',#2521);
#844=VERTEX_POINT('',#2523);
#845=VERTEX_POINT('',#2525);
#846=VERTEX_POINT('',#2527);
#847=VERTEX_POINT('',#2529);
#848=VERTEX_POINT('',#2531);
#849=VERTEX_POINT('',#2533);
#850=VERTEX_POINT('',#2535);
#851=VERTEX_POINT('',#2537);
#852=VERTEX_POINT('',#2539);
#853=VERTEX_POINT('',#2541);
#854=VERTEX_POINT('',#2543);
#855=VERTEX_POINT('',#2545);
#856=VERTEX_POINT('',#2547);
#857=VERTEX_POINT('',#2549);
#858=VERTEX_POINT('',#2552);
#859=VERTEX_POINT('',#2553);
#860=VERTEX_POINT('',#2555);
#861=VERTEX_POINT('',#2557);
#862=VERTEX_POINT('',#2559);
#863=VERTEX_POINT('',#2561);
#864=VERTEX_POINT('',#2563);
#865=VERTEX_POINT('',#2565);
#866=VERTEX_POINT('',#2569);
#867=VERTEX_POINT('',#2571);
#868=VERTEX_POINT('',#2575);
#869=VERTEX_POINT('',#2579);
#870=VERTEX_POINT('',#2588);
#871=VERTEX_POINT('',#2592);
#872=VERTEX_POINT('',#2596);
#873=VERTEX_POINT('',#2600);
#874=VERTEX_POINT('',#2647);
#875=VERTEX_POINT('',#2650);
#876=VERTEX_POINT('',#2655);
#877=VERTEX_POINT('',#2660);
#878=VERTEX_POINT('',#2665);
#879=VERTEX_POINT('',#2670);
#880=VERTEX_POINT('',#2674);
#881=VERTEX_POINT('',#2680);
#882=LINE('',#2231,#1077);
#883=LINE('',#2234,#1078);
#884=LINE('',#2236,#1079);
#885=LINE('',#2238,#1080);
#886=LINE('',#2240,#1081);
#887=LINE('',#2243,#1082);
#888=LINE('',#2245,#1083);
#889=LINE('',#2247,#1084);
#890=LINE('',#2257,#1085);
#891=LINE('',#2262,#1086);
#892=LINE('',#2266,#1087);
#893=LINE('',#2270,#1088);
#894=LINE('',#2274,#1089);
#895=LINE('',#2278,#1090);
#896=LINE('',#2282,#1091);
#897=LINE('',#2286,#1092);
#898=LINE('',#2289,#1093);
#899=LINE('',#2292,#1094);
#900=LINE('',#2294,#1095);
#901=LINE('',#2296,#1096);
#902=LINE('',#2298,#1097);
#903=LINE('',#2300,#1098);
#904=LINE('',#2302,#1099);
#905=LINE('',#2303,#1100);
#906=LINE('',#2305,#1101);
#907=LINE('',#2307,#1102);
#908=LINE('',#2309,#1103);
#909=LINE('',#2311,#1104);
#910=LINE('',#2313,#1105);
#911=LINE('',#2315,#1106);
#912=LINE('',#2317,#1107);
#913=LINE('',#2319,#1108);
#914=LINE('',#2321,#1109);
#915=LINE('',#2322,#1110);
#916=LINE('',#2324,#1111);
#917=LINE('',#2326,#1112);
#918=LINE('',#2328,#1113);
#919=LINE('',#2330,#1114);
#920=LINE('',#2332,#1115);
#921=LINE('',#2334,#1116);
#922=LINE('',#2336,#1117);
#923=LINE('',#2338,#1118);
#924=LINE('',#2340,#1119);
#925=LINE('',#2342,#1120);
#926=LINE('',#2344,#1121);
#927=LINE('',#2346,#1122);
#928=LINE('',#2348,#1123);
#929=LINE('',#2350,#1124);
#930=LINE('',#2352,#1125);
#931=LINE('',#2354,#1126);
#932=LINE('',#2356,#1127);
#933=LINE('',#2358,#1128);
#934=LINE('',#2361,#1129);
#935=LINE('',#2362,#1130);
#936=LINE('',#2364,#1131);
#937=LINE('',#2367,#1132);
#938=LINE('',#2368,#1133);
#939=LINE('',#2370,#1134);
#940=LINE('',#2372,#1135);
#941=LINE('',#2374,#1136);
#942=LINE('',#2376,#1137);
#943=LINE('',#2378,#1138);
#944=LINE('',#2380,#1139);
#945=LINE('',#2382,#1140);
#946=LINE('',#2384,#1141);
#947=LINE('',#2386,#1142);
#948=LINE('',#2388,#1143);
#949=LINE('',#2390,#1144);
#950=LINE('',#2392,#1145);
#951=LINE('',#2394,#1146);
#952=LINE('',#2396,#1147);
#953=LINE('',#2398,#1148);
#954=LINE('',#2400,#1149);
#955=LINE('',#2402,#1150);
#956=LINE('',#2404,#1151);
#957=LINE('',#2406,#1152);
#958=LINE('',#2408,#1153);
#959=LINE('',#2410,#1154);
#960=LINE('',#2412,#1155);
#961=LINE('',#2414,#1156);
#962=LINE('',#2416,#1157);
#963=LINE('',#2418,#1158);
#964=LINE('',#2420,#1159);
#965=LINE('',#2422,#1160);
#966=LINE('',#2424,#1161);
#967=LINE('',#2426,#1162);
#968=LINE('',#2428,#1163);
#969=LINE('',#2430,#1164);
#970=LINE('',#2432,#1165);
#971=LINE('',#2435,#1166);
#972=LINE('',#2436,#1167);
#973=LINE('',#2438,#1168);
#974=LINE('',#2441,#1169);
#975=LINE('',#2443,#1170);
#976=LINE('',#2445,#1171);
#977=LINE('',#2447,#1172);
#978=LINE('',#2450,#1173);
#979=LINE('',#2451,#1174);
#980=LINE('',#2453,#1175);
#981=LINE('',#2456,#1176);
#982=LINE('',#2457,#1177);
#983=LINE('',#2459,#1178);
#984=LINE('',#2460,#1179);
#985=LINE('',#2462,#1180);
#986=LINE('',#2464,#1181);
#987=LINE('',#2466,#1182);
#988=LINE('',#2468,#1183);
#989=LINE('',#2470,#1184);
#990=LINE('',#2472,#1185);
#991=LINE('',#2474,#1186);
#992=LINE('',#2476,#1187);
#993=LINE('',#2478,#1188);
#994=LINE('',#2480,#1189);
#995=LINE('',#2482,#1190);
#996=LINE('',#2484,#1191);
#997=LINE('',#2486,#1192);
#998=LINE('',#2488,#1193);
#999=LINE('',#2490,#1194);
#1000=LINE('',#2492,#1195);
#1001=LINE('',#2493,#1196);
#1002=LINE('',#2496,#1197);
#1003=LINE('',#2499,#1198);
#1004=LINE('',#2500,#1199);
#1005=LINE('',#2502,#1200);
#1006=LINE('',#2504,#1201);
#1007=LINE('',#2505,#1202);
#1008=LINE('',#2507,#1203);
#1009=LINE('',#2509,#1204);
#1010=LINE('',#2512,#1205);
#1011=LINE('',#2514,#1206);
#1012=LINE('',#2516,#1207);
#1013=LINE('',#2517,#1208);
#1014=LINE('',#2520,#1209);
#1015=LINE('',#2522,#1210);
#1016=LINE('',#2524,#1211);
#1017=LINE('',#2526,#1212);
#1018=LINE('',#2528,#1213);
#1019=LINE('',#2530,#1214);
#1020=LINE('',#2532,#1215);
#1021=LINE('',#2534,#1216);
#1022=LINE('',#2536,#1217);
#1023=LINE('',#2538,#1218);
#1024=LINE('',#2540,#1219);
#1025=LINE('',#2542,#1220);
#1026=LINE('',#2544,#1221);
#1027=LINE('',#2546,#1222);
#1028=LINE('',#2548,#1223);
#1029=LINE('',#2550,#1224);
#1030=LINE('',#2551,#1225);
#1031=LINE('',#2554,#1226);
#1032=LINE('',#2556,#1227);
#1033=LINE('',#2558,#1228);
#1034=LINE('',#2560,#1229);
#1035=LINE('',#2562,#1230);
#1036=LINE('',#2564,#1231);
#1037=LINE('',#2566,#1232);
#1038=LINE('',#2568,#1233);
#1039=LINE('',#2570,#1234);
#1040=LINE('',#2572,#1235);
#1041=LINE('',#2574,#1236);
#1042=LINE('',#2576,#1237);
#1043=LINE('',#2578,#1238);
#1044=LINE('',#2580,#1239);
#1045=LINE('',#2582,#1240);
#1046=LINE('',#2584,#1241);
#1047=LINE('',#2603,#1242);
#1048=LINE('',#2604,#1243);
#1049=LINE('',#2606,#1244);
#1050=LINE('',#2608,#1245);
#1051=LINE('',#2611,#1246);
#1052=LINE('',#2612,#1247);
#1053=LINE('',#2614,#1248);
#1054=LINE('',#2615,#1249);
#1055=LINE('',#2617,#1250);
#1056=LINE('',#2619,#1251);
#1057=LINE('',#2621,#1252);
#1058=LINE('',#2623,#1253);
#1059=LINE('',#2625,#1254);
#1060=LINE('',#2627,#1255);
#1061=LINE('',#2629,#1256);
#1062=LINE('',#2631,#1257);
#1063=LINE('',#2633,#1258);
#1064=LINE('',#2635,#1259);
#1065=LINE('',#2637,#1260);
#1066=LINE('',#2639,#1261);
#1067=LINE('',#2641,#1262);
#1068=LINE('',#2643,#1263);
#1069=LINE('',#2648,#1264);
#1070=LINE('',#2649,#1265);
#1071=LINE('',#2656,#1266);
#1072=LINE('',#2659,#1267);
#1073=LINE('',#2666,#1268);
#1074=LINE('',#2669,#1269);
#1075=LINE('',#2675,#1270);
#1076=LINE('',#2679,#1271);
#1077=VECTOR('',#1790,1.);
#1078=VECTOR('',#1791,1.);
#1079=VECTOR('',#1792,1.);
#1080=VECTOR('',#1793,1.);
#1081=VECTOR('',#1796,1.);
#1082=VECTOR('',#1797,1.);
#1083=VECTOR('',#1798,1.);
#1084=VECTOR('',#1799,1.);
#1085=VECTOR('',#1810,1.);
#1086=VECTOR('',#1813,1.);
#1087=VECTOR('',#1816,1.);
#1088=VECTOR('',#1819,1.);
#1089=VECTOR('',#1822,1.);
#1090=VECTOR('',#1825,1.);
#1091=VECTOR('',#1828,1.);
#1092=VECTOR('',#1831,1.);
#1093=VECTOR('',#1834,1.);
#1094=VECTOR('',#1835,1.);
#1095=VECTOR('',#1836,1.);
#1096=VECTOR('',#1837,1.);
#1097=VECTOR('',#1838,1.);
#1098=VECTOR('',#1839,1.);
#1099=VECTOR('',#1840,1.);
#1100=VECTOR('',#1841,1.);
#1101=VECTOR('',#1842,1.);
#1102=VECTOR('',#1843,1.);
#1103=VECTOR('',#1844,1.);
#1104=VECTOR('',#1845,1.);
#1105=VECTOR('',#1846,1.);
#1106=VECTOR('',#1847,1.);
#1107=VECTOR('',#1848,1.);
#1108=VECTOR('',#1849,1.);
#1109=VECTOR('',#1850,1.);
#1110=VECTOR('',#1851,1.);
#1111=VECTOR('',#1852,1.);
#1112=VECTOR('',#1853,1.);
#1113=VECTOR('',#1854,1.);
#1114=VECTOR('',#1855,1.);
#1115=VECTOR('',#1856,1.);
#1116=VECTOR('',#1859,1.);
#1117=VECTOR('',#1860,1.);
#1118=VECTOR('',#1861,1.);
#1119=VECTOR('',#1864,1.);
#1120=VECTOR('',#1865,1.);
#1121=VECTOR('',#1866,1.);
#1122=VECTOR('',#1869,1.);
#1123=VECTOR('',#1870,1.);
#1124=VECTOR('',#1871,1.);
#1125=VECTOR('',#1874,1.);
#1126=VECTOR('',#1875,1.);
#1127=VECTOR('',#1876,1.);
#1128=VECTOR('',#1879,1.);
#1129=VECTOR('',#1880,1.);
#1130=VECTOR('',#1881,1.);
#1131=VECTOR('',#1884,1.);
#1132=VECTOR('',#1885,1.);
#1133=VECTOR('',#1886,1.);
#1134=VECTOR('',#1889,1.);
#1135=VECTOR('',#1890,1.);
#1136=VECTOR('',#1891,1.);
#1137=VECTOR('',#1894,1.);
#1138=VECTOR('',#1895,1.);
#1139=VECTOR('',#1896,1.);
#1140=VECTOR('',#1899,1.);
#1141=VECTOR('',#1900,1.);
#1142=VECTOR('',#1903,1.);
#1143=VECTOR('',#1904,1.);
#1144=VECTOR('',#1907,1.);
#1145=VECTOR('',#1908,1.);
#1146=VECTOR('',#1909,1.);
#1147=VECTOR('',#1912,1.);
#1148=VECTOR('',#1913,1.);
#1149=VECTOR('',#1914,1.);
#1150=VECTOR('',#1917,1.);
#1151=VECTOR('',#1918,1.);
#1152=VECTOR('',#1921,1.);
#1153=VECTOR('',#1922,1.);
#1154=VECTOR('',#1925,1.);
#1155=VECTOR('',#1926,1.);
#1156=VECTOR('',#1929,1.);
#1157=VECTOR('',#1930,1.);
#1158=VECTOR('',#1933,1.);
#1159=VECTOR('',#1934,1.);
#1160=VECTOR('',#1937,1.);
#1161=VECTOR('',#1940,1.);
#1162=VECTOR('',#1943,1.);
#1163=VECTOR('',#1944,1.);
#1164=VECTOR('',#1947,1.);
#1165=VECTOR('',#1950,1.);
#1166=VECTOR('',#1951,1.);
#1167=VECTOR('',#1952,1.);
#1168=VECTOR('',#1955,1.);
#1169=VECTOR('',#1956,1.);
#1170=VECTOR('',#1957,1.);
#1171=VECTOR('',#1958,1.);
#1172=VECTOR('',#1961,1.);
#1173=VECTOR('',#1962,1.);
#1174=VECTOR('',#1963,1.);
#1175=VECTOR('',#1966,1.);
#1176=VECTOR('',#1967,1.);
#1177=VECTOR('',#1968,1.);
#1178=VECTOR('',#1971,1.);
#1179=VECTOR('',#1972,1.);
#1180=VECTOR('',#1975,1.);
#1181=VECTOR('',#1976,1.);
#1182=VECTOR('',#1977,1.);
#1183=VECTOR('',#1980,1.);
#1184=VECTOR('',#1981,1.);
#1185=VECTOR('',#1984,1.);
#1186=VECTOR('',#1985,1.);
#1187=VECTOR('',#1988,1.);
#1188=VECTOR('',#1989,1.);
#1189=VECTOR('',#1992,1.);
#1190=VECTOR('',#1993,1.);
#1191=VECTOR('',#1996,1.);
#1192=VECTOR('',#1997,1.);
#1193=VECTOR('',#2000,1.);
#1194=VECTOR('',#2001,1.);
#1195=VECTOR('',#2002,1.);
#1196=VECTOR('',#2003,1.);
#1197=VECTOR('',#2008,1.);
#1198=VECTOR('',#2009,1.);
#1199=VECTOR('',#2010,1.);
#1200=VECTOR('',#2011,1.);
#1201=VECTOR('',#2014,1.);
#1202=VECTOR('',#2015,1.);
#1203=VECTOR('',#2016,1.);
#1204=VECTOR('',#2019,1.);
#1205=VECTOR('',#2020,1.);
#1206=VECTOR('',#2021,1.);
#1207=VECTOR('',#2022,1.);
#1208=VECTOR('',#2023,1.);
#1209=VECTOR('',#2024,1.);
#1210=VECTOR('',#2025,1.);
#1211=VECTOR('',#2026,1.);
#1212=VECTOR('',#2027,1.);
#1213=VECTOR('',#2028,1.);
#1214=VECTOR('',#2029,1.);
#1215=VECTOR('',#2030,1.);
#1216=VECTOR('',#2031,1.);
#1217=VECTOR('',#2032,1.);
#1218=VECTOR('',#2033,1.);
#1219=VECTOR('',#2034,1.);
#1220=VECTOR('',#2035,1.);
#1221=VECTOR('',#2036,1.);
#1222=VECTOR('',#2037,1.);
#1223=VECTOR('',#2038,1.);
#1224=VECTOR('',#2039,1.);
#1225=VECTOR('',#2040,1.);
#1226=VECTOR('',#2041,1.);
#1227=VECTOR('',#2042,1.);
#1228=VECTOR('',#2043,1.);
#1229=VECTOR('',#2044,1.);
#1230=VECTOR('',#2045,1.);
#1231=VECTOR('',#2046,1.);
#1232=VECTOR('',#2047,1.);
#1233=VECTOR('',#2050,1.);
#1234=VECTOR('',#2051,1.);
#1235=VECTOR('',#2052,1.);
#1236=VECTOR('',#2055,1.);
#1237=VECTOR('',#2056,1.);
#1238=VECTOR('',#2059,1.);
#1239=VECTOR('',#2060,1.);
#1240=VECTOR('',#2063,1.);
#1241=VECTOR('',#2066,1.);
#1242=VECTOR('',#2095,1.);
#1243=VECTOR('',#2096,1.);
#1244=VECTOR('',#2099,1.);
#1245=VECTOR('',#2102,1.);
#1246=VECTOR('',#2107,1.);
#1247=VECTOR('',#2108,1.);
#1248=VECTOR('',#2111,1.);
#1249=VECTOR('',#2112,1.);
#1250=VECTOR('',#2115,1.);
#1251=VECTOR('',#2118,1.);
#1252=VECTOR('',#2121,1.);
#1253=VECTOR('',#2124,1.);
#1254=VECTOR('',#2127,1.);
#1255=VECTOR('',#2130,1.);
#1256=VECTOR('',#2133,1.);
#1257=VECTOR('',#2136,1.);
#1258=VECTOR('',#2139,1.);
#1259=VECTOR('',#2142,1.);
#1260=VECTOR('',#2145,1.);
#1261=VECTOR('',#2148,1.);
#1262=VECTOR('',#2151,1.);
#1263=VECTOR('',#2154,1.);
#1264=VECTOR('',#2161,1.);
#1265=VECTOR('',#2162,1.);
#1266=VECTOR('',#2171,1.);
#1267=VECTOR('',#2176,1.);
#1268=VECTOR('',#2185,1.);
#1269=VECTOR('',#2190,1.);
#1270=VECTOR('',#2197,1.);
#1271=VECTOR('',#2204,1.);
#1272=EDGE_LOOP('',(#56,#57,#58,#59));
#1273=EDGE_LOOP('',(#60,#61,#62,#63));
#1274=EDGE_LOOP('',(#64));
#1275=EDGE_LOOP('',(#65));
#1276=EDGE_LOOP('',(#66));
#1277=EDGE_LOOP('',(#67));
#1278=EDGE_LOOP('',(#68,#69,#70,#71,#72,#73,#74,#75,#76,#77,#78,#79,#80,
#81,#82,#83));
#1279=EDGE_LOOP('',(#84,#85,#86,#87,#88,#89,#90));
#1280=EDGE_LOOP('',(#91,#92,#93,#94,#95,#96,#97,#98,#99,#100,#101,#102,
#103,#104,#105,#106,#107,#108));
#1281=EDGE_LOOP('',(#109,#110,#111,#112));
#1282=EDGE_LOOP('',(#113,#114,#115,#116));
#1283=EDGE_LOOP('',(#117,#118,#119,#120));
#1284=EDGE_LOOP('',(#121,#122,#123,#124));
#1285=EDGE_LOOP('',(#125,#126,#127,#128));
#1286=EDGE_LOOP('',(#129,#130,#131,#132));
#1287=EDGE_LOOP('',(#133,#134,#135,#136));
#1288=EDGE_LOOP('',(#137,#138,#139,#140));
#1289=EDGE_LOOP('',(#141,#142,#143,#144));
#1290=EDGE_LOOP('',(#145,#146,#147,#148));
#1291=EDGE_LOOP('',(#149,#150,#151,#152));
#1292=EDGE_LOOP('',(#153,#154,#155,#156));
#1293=EDGE_LOOP('',(#157,#158,#159,#160));
#1294=EDGE_LOOP('',(#161,#162,#163,#164));
#1295=EDGE_LOOP('',(#165,#166,#167,#168));
#1296=EDGE_LOOP('',(#169,#170,#171,#172));
#1297=EDGE_LOOP('',(#173,#174,#175,#176));
#1298=EDGE_LOOP('',(#177,#178,#179,#180));
#1299=EDGE_LOOP('',(#181,#182,#183,#184));
#1300=EDGE_LOOP('',(#185,#186,#187,#188));
#1301=EDGE_LOOP('',(#189,#190,#191,#192));
#1302=EDGE_LOOP('',(#193,#194,#195,#196));
#1303=EDGE_LOOP('',(#197,#198,#199,#200));
#1304=EDGE_LOOP('',(#201,#202,#203,#204));
#1305=EDGE_LOOP('',(#205,#206,#207,#208));
#1306=EDGE_LOOP('',(#209,#210,#211,#212));
#1307=EDGE_LOOP('',(#213,#214,#215,#216));
#1308=EDGE_LOOP('',(#217,#218,#219,#220));
#1309=EDGE_LOOP('',(#221,#222,#223,#224));
#1310=EDGE_LOOP('',(#225,#226,#227,#228));
#1311=EDGE_LOOP('',(#229,#230,#231,#232));
#1312=EDGE_LOOP('',(#233,#234,#235,#236));
#1313=EDGE_LOOP('',(#237,#238,#239,#240));
#1314=EDGE_LOOP('',(#241,#242,#243,#244,#245,#246,#247,#248,#249,#250,#251));
#1315=EDGE_LOOP('',(#252,#253,#254,#255));
#1316=EDGE_LOOP('',(#256,#257,#258,#259,#260));
#1317=EDGE_LOOP('',(#261,#262,#263,#264,#265));
#1318=EDGE_LOOP('',(#266,#267,#268,#269));
#1319=EDGE_LOOP('',(#270,#271,#272,#273,#274,#275,#276,#277,#278,#279,#280,
#281,#282,#283,#284,#285,#286));
#1320=EDGE_LOOP('',(#287,#288,#289,#290,#291,#292,#293,#294));
#1321=EDGE_LOOP('',(#295,#296,#297,#298,#299));
#1322=EDGE_LOOP('',(#300,#301,#302,#303));
#1323=EDGE_LOOP('',(#304,#305,#306,#307,#308));
#1324=EDGE_LOOP('',(#309,#310,#311,#312));
#1325=EDGE_LOOP('',(#313,#314,#315,#316));
#1326=EDGE_LOOP('',(#317,#318,#319,#320,#321,#322,#323));
#1327=EDGE_LOOP('',(#324));
#1328=EDGE_LOOP('',(#325));
#1329=EDGE_LOOP('',(#326));
#1330=EDGE_LOOP('',(#327));
#1331=EDGE_LOOP('',(#328));
#1332=EDGE_LOOP('',(#329));
#1333=EDGE_LOOP('',(#330));
#1334=EDGE_LOOP('',(#331));
#1335=EDGE_LOOP('',(#332));
#1336=EDGE_LOOP('',(#333));
#1337=EDGE_LOOP('',(#334));
#1338=EDGE_LOOP('',(#335));
#1339=EDGE_LOOP('',(#336,#337,#338,#339));
#1340=EDGE_LOOP('',(#340,#341,#342,#343));
#1341=EDGE_LOOP('',(#344,#345,#346,#347));
#1342=EDGE_LOOP('',(#348,#349,#350,#351));
#1343=EDGE_LOOP('',(#352,#353,#354,#355));
#1344=EDGE_LOOP('',(#356,#357,#358,#359));
#1345=EDGE_LOOP('',(#360,#361,#362,#363));
#1346=EDGE_LOOP('',(#364,#365,#366,#367));
#1347=EDGE_LOOP('',(#368,#369,#370,#371));
#1348=EDGE_LOOP('',(#372,#373,#374,#375));
#1349=EDGE_LOOP('',(#376,#377,#378,#379));
#1350=EDGE_LOOP('',(#380,#381,#382,#383));
#1351=EDGE_LOOP('',(#384,#385,#386,#387));
#1352=EDGE_LOOP('',(#388,#389,#390,#391));
#1353=EDGE_LOOP('',(#392,#393,#394,#395));
#1354=EDGE_LOOP('',(#396,#397,#398,#399));
#1355=EDGE_LOOP('',(#400,#401,#402,#403));
#1356=EDGE_LOOP('',(#404,#405,#406,#407,#408,#409));
#1357=EDGE_LOOP('',(#410,#411,#412,#413));
#1358=EDGE_LOOP('',(#414,#415,#416,#417));
#1359=EDGE_LOOP('',(#418,#419,#420,#421));
#1360=EDGE_LOOP('',(#422,#423,#424,#425,#426,#427));
#1361=EDGE_LOOP('',(#428,#429,#430,#431,#432,#433));
#1362=EDGE_LOOP('',(#434,#435,#436,#437,#438,#439));
#1363=EDGE_LOOP('',(#440,#441,#442,#443,#444,#445));
#1364=EDGE_LOOP('',(#446,#447,#448,#449,#450,#451));
#1365=EDGE_LOOP('',(#452,#453,#454,#455,#456,#457));
#1366=EDGE_LOOP('',(#458,#459,#460,#461,#462,#463));
#1367=EDGE_LOOP('',(#464,#465,#466,#467,#468,#469));
#1368=EDGE_LOOP('',(#470,#471,#472,#473,#474));
#1369=EDGE_LOOP('',(#475,#476,#477,#478,#479));
#1370=EDGE_LOOP('',(#480,#481,#482,#483,#484));
#1371=EDGE_LOOP('',(#485,#486,#487,#488,#489));
#1372=EDGE_LOOP('',(#490,#491,#492,#493,#494));
#1373=EDGE_LOOP('',(#495,#496,#497,#498,#499));
#1374=EDGE_LOOP('',(#500,#501,#502,#503,#504));
#1375=EDGE_LOOP('',(#505,#506,#507,#508,#509));
#1376=FACE_BOUND('',#1272,.T.);
#1377=FACE_BOUND('',#1273,.T.);
#1378=FACE_BOUND('',#1274,.T.);
#1379=FACE_BOUND('',#1275,.T.);
#1380=FACE_BOUND('',#1276,.T.);
#1381=FACE_BOUND('',#1277,.T.);
#1382=FACE_BOUND('',#1278,.T.);
#1383=FACE_BOUND('',#1279,.T.);
#1384=FACE_BOUND('',#1280,.T.);
#1385=FACE_BOUND('',#1281,.T.);
#1386=FACE_BOUND('',#1282,.T.);
#1387=FACE_BOUND('',#1283,.T.);
#1388=FACE_BOUND('',#1284,.T.);
#1389=FACE_BOUND('',#1285,.T.);
#1390=FACE_BOUND('',#1286,.T.);
#1391=FACE_BOUND('',#1287,.T.);
#1392=FACE_BOUND('',#1288,.T.);
#1393=FACE_BOUND('',#1289,.T.);
#1394=FACE_BOUND('',#1290,.T.);
#1395=FACE_BOUND('',#1291,.T.);
#1396=FACE_BOUND('',#1292,.T.);
#1397=FACE_BOUND('',#1293,.T.);
#1398=FACE_BOUND('',#1294,.T.);
#1399=FACE_BOUND('',#1295,.T.);
#1400=FACE_BOUND('',#1296,.T.);
#1401=FACE_BOUND('',#1297,.T.);
#1402=FACE_BOUND('',#1298,.T.);
#1403=FACE_BOUND('',#1299,.T.);
#1404=FACE_BOUND('',#1300,.T.);
#1405=FACE_BOUND('',#1301,.T.);
#1406=FACE_BOUND('',#1302,.T.);
#1407=FACE_BOUND('',#1303,.T.);
#1408=FACE_BOUND('',#1304,.T.);
#1409=FACE_BOUND('',#1305,.T.);
#1410=FACE_BOUND('',#1306,.T.);
#1411=FACE_BOUND('',#1307,.T.);
#1412=FACE_BOUND('',#1308,.T.);
#1413=FACE_BOUND('',#1309,.T.);
#1414=FACE_BOUND('',#1310,.T.);
#1415=FACE_BOUND('',#1311,.T.);
#1416=FACE_BOUND('',#1312,.T.);
#1417=FACE_BOUND('',#1313,.T.);
#1418=FACE_BOUND('',#1314,.T.);
#1419=FACE_BOUND('',#1315,.T.);
#1420=FACE_BOUND('',#1316,.T.);
#1421=FACE_BOUND('',#1317,.T.);
#1422=FACE_BOUND('',#1318,.T.);
#1423=FACE_BOUND('',#1319,.T.);
#1424=FACE_BOUND('',#1320,.T.);
#1425=FACE_BOUND('',#1321,.T.);
#1426=FACE_BOUND('',#1322,.T.);
#1427=FACE_BOUND('',#1323,.T.);
#1428=FACE_BOUND('',#1324,.T.);
#1429=FACE_BOUND('',#1325,.T.);
#1430=FACE_BOUND('',#1326,.T.);
#1431=FACE_BOUND('',#1327,.T.);
#1432=FACE_BOUND('',#1328,.T.);
#1433=FACE_BOUND('',#1329,.T.);
#1434=FACE_BOUND('',#1330,.T.);
#1435=FACE_BOUND('',#1331,.T.);
#1436=FACE_BOUND('',#1332,.T.);
#1437=FACE_BOUND('',#1333,.T.);
#1438=FACE_BOUND('',#1334,.T.);
#1439=FACE_BOUND('',#1335,.T.);
#1440=FACE_BOUND('',#1336,.T.);
#1441=FACE_BOUND('',#1337,.T.);
#1442=FACE_BOUND('',#1338,.T.);
#1443=FACE_BOUND('',#1339,.T.);
#1444=FACE_BOUND('',#1340,.T.);
#1445=FACE_BOUND('',#1341,.T.);
#1446=FACE_BOUND('',#1342,.T.);
#1447=FACE_BOUND('',#1343,.T.);
#1448=FACE_BOUND('',#1344,.T.);
#1449=FACE_BOUND('',#1345,.T.);
#1450=FACE_BOUND('',#1346,.T.);
#1451=FACE_BOUND('',#1347,.T.);
#1452=FACE_BOUND('',#1348,.T.);
#1453=FACE_BOUND('',#1349,.T.);
#1454=FACE_BOUND('',#1350,.T.);
#1455=FACE_BOUND('',#1351,.T.);
#1456=FACE_BOUND('',#1352,.T.);
#1457=FACE_BOUND('',#1353,.T.);
#1458=FACE_BOUND('',#1354,.T.);
#1459=FACE_BOUND('',#1355,.T.);
#1460=FACE_BOUND('',#1356,.T.);
#1461=FACE_BOUND('',#1357,.T.);
#1462=FACE_BOUND('',#1358,.T.);
#1463=FACE_BOUND('',#1359,.T.);
#1464=FACE_BOUND('',#1360,.T.);
#1465=FACE_BOUND('',#1361,.T.);
#1466=FACE_BOUND('',#1362,.T.);
#1467=FACE_BOUND('',#1363,.T.);
#1468=FACE_BOUND('',#1364,.T.);
#1469=FACE_BOUND('',#1365,.T.);
#1470=FACE_BOUND('',#1366,.T.);
#1471=FACE_BOUND('',#1367,.T.);
#1472=FACE_BOUND('',#1368,.T.);
#1473=FACE_BOUND('',#1369,.T.);
#1474=FACE_BOUND('',#1370,.T.);
#1475=FACE_BOUND('',#1371,.T.);
#1476=FACE_BOUND('',#1372,.T.);
#1477=FACE_BOUND('',#1373,.T.);
#1478=FACE_BOUND('',#1374,.T.);
#1479=FACE_BOUND('',#1375,.T.);
#1480=PLANE('',#1663);
#1481=PLANE('',#1664);
#1482=PLANE('',#1665);
#1483=PLANE('',#1678);
#1484=PLANE('',#1679);
#1485=PLANE('',#1680);
#1486=PLANE('',#1681);
#1487=PLANE('',#1682);
#1488=PLANE('',#1683);
#1489=PLANE('',#1684);
#1490=PLANE('',#1685);
#1491=PLANE('',#1686);
#1492=PLANE('',#1687);
#1493=PLANE('',#1688);
#1494=PLANE('',#1689);
#1495=PLANE('',#1690);
#1496=PLANE('',#1691);
#1497=PLANE('',#1692);
#1498=PLANE('',#1693);
#1499=PLANE('',#1694);
#1500=PLANE('',#1695);
#1501=PLANE('',#1696);
#1502=PLANE('',#1697);
#1503=PLANE('',#1698);
#1504=PLANE('',#1699);
#1505=PLANE('',#1700);
#1506=PLANE('',#1701);
#1507=PLANE('',#1702);
#1508=PLANE('',#1703);
#1509=PLANE('',#1704);
#1510=PLANE('',#1705);
#1511=PLANE('',#1706);
#1512=PLANE('',#1707);
#1513=PLANE('',#1708);
#1514=PLANE('',#1709);
#1515=PLANE('',#1710);
#1516=PLANE('',#1711);
#1517=PLANE('',#1712);
#1518=PLANE('',#1713);
#1519=PLANE('',#1714);
#1520=PLANE('',#1715);
#1521=PLANE('',#1716);
#1522=PLANE('',#1717);
#1523=PLANE('',#1718);
#1524=PLANE('',#1719);
#1525=PLANE('',#1720);
#1526=PLANE('',#1723);
#1527=PLANE('',#1726);
#1528=PLANE('',#1729);
#1529=PLANE('',#1732);
#1530=PLANE('',#1733);
#1531=PLANE('',#1734);
#1532=PLANE('',#1735);
#1533=PLANE('',#1736);
#1534=PLANE('',#1737);
#1535=PLANE('',#1738);
#1536=PLANE('',#1739);
#1537=PLANE('',#1740);
#1538=PLANE('',#1741);
#1539=PLANE('',#1742);
#1540=PLANE('',#1743);
#1541=PLANE('',#1744);
#1542=PLANE('',#1745);
#1543=PLANE('',#1746);
#1544=PLANE('',#1747);
#1545=PLANE('',#1748);
#1546=PLANE('',#1749);
#1547=PLANE('',#1750);
#1548=PLANE('',#1751);
#1549=PLANE('',#1752);
#1550=PLANE('',#1753);
#1551=PLANE('',#1754);
#1552=PLANE('',#1757);
#1553=PLANE('',#1760);
#1554=PLANE('',#1763);
#1555=PLANE('',#1766);
#1556=PLANE('',#1769);
#1557=PLANE('',#1772);
#1558=PLANE('',#1775);
#1559=ADVANCED_FACE('',(#1376),#1480,.T.);
#1560=ADVANCED_FACE('',(#1377),#1481,.F.);
#1561=ADVANCED_FACE('',(#1378,#1379,#1380,#1381,#1382,#1383,#1384),#1482,
 .F.);
#1562=ADVANCED_FACE('',(#1385),#1483,.F.);
#1563=ADVANCED_FACE('',(#1386),#1484,.F.);
#1564=ADVANCED_FACE('',(#1387),#1485,.T.);
#1565=ADVANCED_FACE('',(#1388),#1486,.F.);
#1566=ADVANCED_FACE('',(#1389),#1487,.T.);
#1567=ADVANCED_FACE('',(#1390),#1488,.F.);
#1568=ADVANCED_FACE('',(#1391),#1489,.T.);
#1569=ADVANCED_FACE('',(#1392),#1490,.F.);
#1570=ADVANCED_FACE('',(#1393),#1491,.F.);
#1571=ADVANCED_FACE('',(#1394),#1492,.T.);
#1572=ADVANCED_FACE('',(#1395),#1493,.F.);
#1573=ADVANCED_FACE('',(#1396),#1494,.T.);
#1574=ADVANCED_FACE('',(#1397),#1495,.T.);
#1575=ADVANCED_FACE('',(#1398),#1496,.T.);
#1576=ADVANCED_FACE('',(#1399),#1497,.T.);
#1577=ADVANCED_FACE('',(#1400),#1498,.T.);
#1578=ADVANCED_FACE('',(#1401),#1499,.T.);
#1579=ADVANCED_FACE('',(#1402),#1500,.F.);
#1580=ADVANCED_FACE('',(#1403),#1501,.F.);
#1581=ADVANCED_FACE('',(#1404),#1502,.F.);
#1582=ADVANCED_FACE('',(#1405),#1503,.F.);
#1583=ADVANCED_FACE('',(#1406),#1504,.F.);
#1584=ADVANCED_FACE('',(#1407),#1505,.T.);
#1585=ADVANCED_FACE('',(#1408),#1506,.T.);
#1586=ADVANCED_FACE('',(#1409),#1507,.T.);
#1587=ADVANCED_FACE('',(#1410),#1508,.T.);
#1588=ADVANCED_FACE('',(#1411),#1509,.T.);
#1589=ADVANCED_FACE('',(#1412),#1510,.T.);
#1590=ADVANCED_FACE('',(#1413),#1511,.F.);
#1591=ADVANCED_FACE('',(#1414),#1512,.F.);
#1592=ADVANCED_FACE('',(#1415),#1513,.F.);
#1593=ADVANCED_FACE('',(#1416),#1514,.T.);
#1594=ADVANCED_FACE('',(#1417,#1418),#1515,.F.);
#1595=ADVANCED_FACE('',(#1419),#1516,.T.);
#1596=ADVANCED_FACE('',(#1420),#1517,.F.);
#1597=ADVANCED_FACE('',(#1421),#1518,.T.);
#1598=ADVANCED_FACE('',(#1422,#1423,#1424),#1519,.T.);
#1599=ADVANCED_FACE('',(#1425),#1520,.F.);
#1600=ADVANCED_FACE('',(#1426),#1521,.F.);
#1601=ADVANCED_FACE('',(#1427),#1522,.T.);
#1602=ADVANCED_FACE('',(#1428),#1523,.T.);
#1603=ADVANCED_FACE('',(#1429),#1524,.F.);
#1604=ADVANCED_FACE('',(#1430),#1525,.F.);
#1605=ADVANCED_FACE('',(#1431,#1432),#28,.F.);
#1606=ADVANCED_FACE('',(#1433),#1526,.F.);
#1607=ADVANCED_FACE('',(#1434,#1435),#29,.F.);
#1608=ADVANCED_FACE('',(#1436),#1527,.F.);
#1609=ADVANCED_FACE('',(#1437,#1438),#30,.F.);
#1610=ADVANCED_FACE('',(#1439),#1528,.F.);
#1611=ADVANCED_FACE('',(#1440,#1441),#31,.F.);
#1612=ADVANCED_FACE('',(#1442),#1529,.F.);
#1613=ADVANCED_FACE('',(#1443),#1530,.F.);
#1614=ADVANCED_FACE('',(#1444),#1531,.F.);
#1615=ADVANCED_FACE('',(#1445),#1532,.F.);
#1616=ADVANCED_FACE('',(#1446),#1533,.F.);
#1617=ADVANCED_FACE('',(#1447),#1534,.T.);
#1618=ADVANCED_FACE('',(#1448),#1535,.F.);
#1619=ADVANCED_FACE('',(#1449),#1536,.F.);
#1620=ADVANCED_FACE('',(#1450),#1537,.F.);
#1621=ADVANCED_FACE('',(#1451),#1538,.T.);
#1622=ADVANCED_FACE('',(#1452),#1539,.T.);
#1623=ADVANCED_FACE('',(#1453),#1540,.F.);
#1624=ADVANCED_FACE('',(#1454),#1541,.F.);
#1625=ADVANCED_FACE('',(#1455),#1542,.T.);
#1626=ADVANCED_FACE('',(#1456),#1543,.T.);
#1627=ADVANCED_FACE('',(#1457),#1544,.F.);
#1628=ADVANCED_FACE('',(#1458),#1545,.F.);
#1629=ADVANCED_FACE('',(#1459),#1546,.T.);
#1630=ADVANCED_FACE('',(#1460),#1547,.T.);
#1631=ADVANCED_FACE('',(#1461),#1548,.T.);
#1632=ADVANCED_FACE('',(#1462),#1549,.F.);
#1633=ADVANCED_FACE('',(#1463),#1550,.F.);
#1634=ADVANCED_FACE('',(#1464),#1551,.T.);
#1635=ADVANCED_FACE('',(#1465),#1552,.F.);
#1636=ADVANCED_FACE('',(#1466),#1553,.F.);
#1637=ADVANCED_FACE('',(#1467),#1554,.T.);
#1638=ADVANCED_FACE('',(#1468),#1555,.T.);
#1639=ADVANCED_FACE('',(#1469),#1556,.F.);
#1640=ADVANCED_FACE('',(#1470),#1557,.T.);
#1641=ADVANCED_FACE('',(#1471),#1558,.T.);
#1642=ADVANCED_FACE('',(#1472),#32,.T.);
#1643=ADVANCED_FACE('',(#1473),#33,.T.);
#1644=ADVANCED_FACE('',(#1474),#34,.T.);
#1645=ADVANCED_FACE('',(#1475),#35,.T.);
#1646=ADVANCED_FACE('',(#1476),#36,.T.);
#1647=ADVANCED_FACE('',(#1477),#37,.T.);
#1648=ADVANCED_FACE('',(#1478),#38,.T.);
#1649=ADVANCED_FACE('',(#1479),#39,.T.);
#1650=CLOSED_SHELL('',(#1559,#1560,#1561,#1562,#1563,#1564,#1565,#1566,
#1567,#1568,#1569,#1570,#1571,#1572,#1573,#1574,#1575,#1576,#1577,#1578,
#1579,#1580,#1581,#1582,#1583,#1584,#1585,#1586,#1587,#1588,#1589,#1590,
#1591,#1592,#1593,#1594,#1595,#1596,#1597,#1598,#1599,#1600,#1601,#1602,
#1603,#1604,#1605,#1606,#1607,#1608,#1609,#1610,#1611,#1612,#1613,#1614,
#1615,#1616,#1617,#1618,#1619,#1620,#1621,#1622,#1623,#1624,#1625,#1626,
#1627,#1628,#1629,#1630,#1631,#1632,#1633,#1634,#1635,#1636,#1637,#1638,
#1639,#1640,#1641,#1642,#1643,#1644,#1645,#1646,#1647,#1648,#1649));
#1651=STYLED_ITEM('',(#1652),#1659);
#1652=PRESENTATION_STYLE_ASSIGNMENT((#1653));
#1653=SURFACE_STYLE_USAGE(.BOTH.,#1654);
#1654=SURFACE_SIDE_STYLE('',(#1655));
#1655=SURFACE_STYLE_FILL_AREA(#1656);
#1656=FILL_AREA_STYLE('',(#1657));
#1657=FILL_AREA_STYLE_COLOUR('',#1658);
#1658=COLOUR_RGB('',0.615686274509804,0.811764705882353,0.929411764705882);
#1659=MANIFOLD_SOLID_BREP('Part 1',#1650);
#1660=SHAPE_DEFINITION_REPRESENTATION(#2699,#1661);
#1661=SHAPE_REPRESENTATION('Part 1',(#1662),#2694);
#1662=AXIS2_PLACEMENT_3D('',#2229,#1786,#1787);
#1663=AXIS2_PLACEMENT_3D('',#2230,#1788,#1789);
#1664=AXIS2_PLACEMENT_3D('',#2239,#1794,#1795);
#1665=AXIS2_PLACEMENT_3D('',#2248,#1800,#1801);
#1666=AXIS2_PLACEMENT_3D('',#2249,#1802,#1803);
#1667=AXIS2_PLACEMENT_3D('',#2251,#1804,#1805);
#1668=AXIS2_PLACEMENT_3D('',#2253,#1806,#1807);
#1669=AXIS2_PLACEMENT_3D('',#2255,#1808,#1809);
#1670=AXIS2_PLACEMENT_3D('',#2260,#1811,#1812);
#1671=AXIS2_PLACEMENT_3D('',#2264,#1814,#1815);
#1672=AXIS2_PLACEMENT_3D('',#2268,#1817,#1818);
#1673=AXIS2_PLACEMENT_3D('',#2272,#1820,#1821);
#1674=AXIS2_PLACEMENT_3D('',#2276,#1823,#1824);
#1675=AXIS2_PLACEMENT_3D('',#2280,#1826,#1827);
#1676=AXIS2_PLACEMENT_3D('',#2284,#1829,#1830);
#1677=AXIS2_PLACEMENT_3D('',#2288,#1832,#1833);
#1678=AXIS2_PLACEMENT_3D('',#2333,#1857,#1858);
#1679=AXIS2_PLACEMENT_3D('',#2339,#1862,#1863);
#1680=AXIS2_PLACEMENT_3D('',#2345,#1867,#1868);
#1681=AXIS2_PLACEMENT_3D('',#2351,#1872,#1873);
#1682=AXIS2_PLACEMENT_3D('',#2357,#1877,#1878);
#1683=AXIS2_PLACEMENT_3D('',#2363,#1882,#1883);
#1684=AXIS2_PLACEMENT_3D('',#2369,#1887,#1888);
#1685=AXIS2_PLACEMENT_3D('',#2375,#1892,#1893);
#1686=AXIS2_PLACEMENT_3D('',#2381,#1897,#1898);
#1687=AXIS2_PLACEMENT_3D('',#2385,#1901,#1902);
#1688=AXIS2_PLACEMENT_3D('',#2389,#1905,#1906);
#1689=AXIS2_PLACEMENT_3D('',#2395,#1910,#1911);
#1690=AXIS2_PLACEMENT_3D('',#2401,#1915,#1916);
#1691=AXIS2_PLACEMENT_3D('',#2405,#1919,#1920);
#1692=AXIS2_PLACEMENT_3D('',#2409,#1923,#1924);
#1693=AXIS2_PLACEMENT_3D('',#2413,#1927,#1928);
#1694=AXIS2_PLACEMENT_3D('',#2417,#1931,#1932);
#1695=AXIS2_PLACEMENT_3D('',#2421,#1935,#1936);
#1696=AXIS2_PLACEMENT_3D('',#2423,#1938,#1939);
#1697=AXIS2_PLACEMENT_3D('',#2425,#1941,#1942);
#1698=AXIS2_PLACEMENT_3D('',#2429,#1945,#1946);
#1699=AXIS2_PLACEMENT_3D('',#2431,#1948,#1949);
#1700=AXIS2_PLACEMENT_3D('',#2437,#1953,#1954);
#1701=AXIS2_PLACEMENT_3D('',#2446,#1959,#1960);
#1702=AXIS2_PLACEMENT_3D('',#2452,#1964,#1965);
#1703=AXIS2_PLACEMENT_3D('',#2458,#1969,#1970);
#1704=AXIS2_PLACEMENT_3D('',#2461,#1973,#1974);
#1705=AXIS2_PLACEMENT_3D('',#2467,#1978,#1979);
#1706=AXIS2_PLACEMENT_3D('',#2471,#1982,#1983);
#1707=AXIS2_PLACEMENT_3D('',#2475,#1986,#1987);
#1708=AXIS2_PLACEMENT_3D('',#2479,#1990,#1991);
#1709=AXIS2_PLACEMENT_3D('',#2483,#1994,#1995);
#1710=AXIS2_PLACEMENT_3D('',#2487,#1998,#1999);
#1711=AXIS2_PLACEMENT_3D('',#2494,#2004,#2005);
#1712=AXIS2_PLACEMENT_3D('',#2495,#2006,#2007);
#1713=AXIS2_PLACEMENT_3D('',#2503,#2012,#2013);
#1714=AXIS2_PLACEMENT_3D('',#2508,#2017,#2018);
#1715=AXIS2_PLACEMENT_3D('',#2567,#2048,#2049);
#1716=AXIS2_PLACEMENT_3D('',#2573,#2053,#2054);
#1717=AXIS2_PLACEMENT_3D('',#2577,#2057,#2058);
#1718=AXIS2_PLACEMENT_3D('',#2581,#2061,#2062);
#1719=AXIS2_PLACEMENT_3D('',#2583,#2064,#2065);
#1720=AXIS2_PLACEMENT_3D('',#2585,#2067,#2068);
#1721=AXIS2_PLACEMENT_3D('',#2586,#2069,#2070);
#1722=AXIS2_PLACEMENT_3D('',#2587,#2071,#2072);
#1723=AXIS2_PLACEMENT_3D('',#2589,#2073,#2074);
#1724=AXIS2_PLACEMENT_3D('',#2590,#2075,#2076);
#1725=AXIS2_PLACEMENT_3D('',#2591,#2077,#2078);
#1726=AXIS2_PLACEMENT_3D('',#2593,#2079,#2080);
#1727=AXIS2_PLACEMENT_3D('',#2594,#2081,#2082);
#1728=AXIS2_PLACEMENT_3D('',#2595,#2083,#2084);
#1729=AXIS2_PLACEMENT_3D('',#2597,#2085,#2086);
#1730=AXIS2_PLACEMENT_3D('',#2598,#2087,#2088);
#1731=AXIS2_PLACEMENT_3D('',#2599,#2089,#2090);
#1732=AXIS2_PLACEMENT_3D('',#2601,#2091,#2092);
#1733=AXIS2_PLACEMENT_3D('',#2602,#2093,#2094);
#1734=AXIS2_PLACEMENT_3D('',#2605,#2097,#2098);
#1735=AXIS2_PLACEMENT_3D('',#2607,#2100,#2101);
#1736=AXIS2_PLACEMENT_3D('',#2609,#2103,#2104);
#1737=AXIS2_PLACEMENT_3D('',#2610,#2105,#2106);
#1738=AXIS2_PLACEMENT_3D('',#2613,#2109,#2110);
#1739=AXIS2_PLACEMENT_3D('',#2616,#2113,#2114);
#1740=AXIS2_PLACEMENT_3D('',#2618,#2116,#2117);
#1741=AXIS2_PLACEMENT_3D('',#2620,#2119,#2120);
#1742=AXIS2_PLACEMENT_3D('',#2622,#2122,#2123);
#1743=AXIS2_PLACEMENT_3D('',#2624,#2125,#2126);
#1744=AXIS2_PLACEMENT_3D('',#2626,#2128,#2129);
#1745=AXIS2_PLACEMENT_3D('',#2628,#2131,#2132);
#1746=AXIS2_PLACEMENT_3D('',#2630,#2134,#2135);
#1747=AXIS2_PLACEMENT_3D('',#2632,#2137,#2138);
#1748=AXIS2_PLACEMENT_3D('',#2634,#2140,#2141);
#1749=AXIS2_PLACEMENT_3D('',#2636,#2143,#2144);
#1750=AXIS2_PLACEMENT_3D('',#2638,#2146,#2147);
#1751=AXIS2_PLACEMENT_3D('',#2640,#2149,#2150);
#1752=AXIS2_PLACEMENT_3D('',#2642,#2152,#2153);
#1753=AXIS2_PLACEMENT_3D('',#2644,#2155,#2156);
#1754=AXIS2_PLACEMENT_3D('',#2645,#2157,#2158);
#1755=AXIS2_PLACEMENT_3D('',#2646,#2159,#2160);
#1756=AXIS2_PLACEMENT_3D('',#2651,#2163,#2164);
#1757=AXIS2_PLACEMENT_3D('',#2652,#2165,#2166);
#1758=AXIS2_PLACEMENT_3D('',#2653,#2167,#2168);
#1759=AXIS2_PLACEMENT_3D('',#2654,#2169,#2170);
#1760=AXIS2_PLACEMENT_3D('',#2657,#2172,#2173);
#1761=AXIS2_PLACEMENT_3D('',#2658,#2174,#2175);
#1762=AXIS2_PLACEMENT_3D('',#2661,#2177,#2178);
#1763=AXIS2_PLACEMENT_3D('',#2662,#2179,#2180);
#1764=AXIS2_PLACEMENT_3D('',#2663,#2181,#2182);
#1765=AXIS2_PLACEMENT_3D('',#2664,#2183,#2184);
#1766=AXIS2_PLACEMENT_3D('',#2667,#2186,#2187);
#1767=AXIS2_PLACEMENT_3D('',#2668,#2188,#2189);
#1768=AXIS2_PLACEMENT_3D('',#2671,#2191,#2192);
#1769=AXIS2_PLACEMENT_3D('',#2672,#2193,#2194);
#1770=AXIS2_PLACEMENT_3D('',#2673,#2195,#2196);
#1771=AXIS2_PLACEMENT_3D('',#2676,#2198,#2199);
#1772=AXIS2_PLACEMENT_3D('',#2677,#2200,#2201);
#1773=AXIS2_PLACEMENT_3D('',#2678,#2202,#2203);
#1774=AXIS2_PLACEMENT_3D('',#2681,#2205,#2206);
#1775=AXIS2_PLACEMENT_3D('',#2682,#2207,#2208);
#1776=AXIS2_PLACEMENT_3D('',#2683,#2209,#2210);
#1777=AXIS2_PLACEMENT_3D('',#2684,#2211,#2212);
#1778=AXIS2_PLACEMENT_3D('',#2685,#2213,#2214);
#1779=AXIS2_PLACEMENT_3D('',#2686,#2215,#2216);
#1780=AXIS2_PLACEMENT_3D('',#2687,#2217,#2218);
#1781=AXIS2_PLACEMENT_3D('',#2688,#2219,#2220);
#1782=AXIS2_PLACEMENT_3D('',#2689,#2221,#2222);
#1783=AXIS2_PLACEMENT_3D('',#2690,#2223,#2224);
#1784=AXIS2_PLACEMENT_3D('',#2691,#2225,#2226);
#1785=AXIS2_PLACEMENT_3D('',#2692,#2227,#2228);
#1786=DIRECTION('',(0.,0.,1.));
#1787=DIRECTION('',(1.,0.,0.));
#1788=DIRECTION('',(-1.,0.,0.));
#1789=DIRECTION('',(0.,0.,1.));
#1790=DIRECTION('',(0.,0.,-1.));
#1791=DIRECTION('',(0.,1.,0.));
#1792=DIRECTION('',(0.,0.,-1.));
#1793=DIRECTION('',(0.,1.,0.));
#1794=DIRECTION('',(0.707106781186547,0.707106781186548,0.));
#1795=DIRECTION('',(-0.707106781186548,0.707106781186547,0.));
#1796=DIRECTION('',(0.,0.,-1.));
#1797=DIRECTION('',(-0.707106781186548,0.707106781186547,0.));
#1798=DIRECTION('',(0.,0.,-1.));
#1799=DIRECTION('',(0.707106781186548,-0.707106781186547,0.));
#1800=DIRECTION('',(0.,0.,1.));
#1801=DIRECTION('',(1.,0.,0.));
#1802=DIRECTION('',(0.,0.,1.));
#1803=DIRECTION('',(1.,0.,0.));
#1804=DIRECTION('',(0.,0.,1.));
#1805=DIRECTION('',(1.,0.,0.));
#1806=DIRECTION('',(0.,0.,1.));
#1807=DIRECTION('',(1.,0.,0.));
#1808=DIRECTION('',(0.,0.,1.));
#1809=DIRECTION('',(1.,0.,0.));
#1810=DIRECTION('',(0.707106781186548,-0.707106781186548,0.));
#1811=DIRECTION('',(0.,0.,1.));
#1812=DIRECTION('',(1.,0.,0.));
#1813=DIRECTION('',(0.,1.,0.));
#1814=DIRECTION('',(0.,0.,1.));
#1815=DIRECTION('',(1.,0.,0.));
#1816=DIRECTION('',(-0.707106781186548,-0.707106781186548,0.));
#1817=DIRECTION('',(0.,0.,1.));
#1818=DIRECTION('',(1.,0.,0.));
#1819=DIRECTION('',(1.,0.,0.));
#1820=DIRECTION('',(0.,0.,1.));
#1821=DIRECTION('',(1.,0.,0.));
#1822=DIRECTION('',(0.707106781186548,-0.707106781186548,0.));
#1823=DIRECTION('',(0.,0.,1.));
#1824=DIRECTION('',(1.,0.,0.));
#1825=DIRECTION('',(0.,-1.,0.));
#1826=DIRECTION('',(0.,0.,1.));
#1827=DIRECTION('',(1.,0.,0.));
#1828=DIRECTION('',(0.707106781186547,0.707106781186548,0.));
#1829=DIRECTION('',(0.,0.,1.));
#1830=DIRECTION('',(1.,0.,0.));
#1831=DIRECTION('',(-1.,0.,0.));
#1832=DIRECTION('',(0.,0.,1.));
#1833=DIRECTION('',(1.,0.,0.));
#1834=DIRECTION('',(1.,0.,0.));
#1835=DIRECTION('',(0.,1.,0.));
#1836=DIRECTION('',(-0.707106781186546,-0.707106781186549,0.));
#1837=DIRECTION('',(-1.,0.,0.));
#1838=DIRECTION('',(0.,-1.,0.));
#1839=DIRECTION('',(1.,0.,0.));
#1840=DIRECTION('',(0.,-1.,0.));
#1841=DIRECTION('',(0.,1.,0.));
#1842=DIRECTION('',(0.707106781186548,0.707106781186548,0.));
#1843=DIRECTION('',(1.,0.,0.));
#1844=DIRECTION('',(0.,-1.,0.));
#1845=DIRECTION('',(1.,0.,0.));
#1846=DIRECTION('',(0.707106781186548,0.707106781186548,0.));
#1847=DIRECTION('',(0.707106781186548,-0.707106781186548,0.));
#1848=DIRECTION('',(1.2266347333467E-15,-1.,0.));
#1849=DIRECTION('',(0.707106781186548,-0.707106781186547,0.));
#1850=DIRECTION('',(0.707106781186548,-0.707106781186548,0.));
#1851=DIRECTION('',(1.,0.,0.));
#1852=DIRECTION('',(0.707106781186545,0.70710678118655,0.));
#1853=DIRECTION('',(0.,-1.,0.));
#1854=DIRECTION('',(0.707106781186548,-0.707106781186547,0.));
#1855=DIRECTION('',(1.,0.,0.));
#1856=DIRECTION('',(-0.707106781186548,-0.707106781186548,0.));
#1857=DIRECTION('',(0.707106781186548,0.707106781186548,0.));
#1858=DIRECTION('',(-0.707106781186548,0.707106781186548,0.));
#1859=DIRECTION('',(0.,0.,-1.));
#1860=DIRECTION('',(-0.707106781186548,0.707106781186548,0.));
#1861=DIRECTION('',(0.,0.,-1.));
#1862=DIRECTION('',(0.,1.,0.));
#1863=DIRECTION('',(0.,0.,1.));
#1864=DIRECTION('',(0.,0.,-1.));
#1865=DIRECTION('',(-1.,0.,0.));
#1866=DIRECTION('',(0.,0.,-1.));
#1867=DIRECTION('',(0.707106781186548,-0.707106781186547,0.));
#1868=DIRECTION('',(0.707106781186548,0.707106781186548,0.));
#1869=DIRECTION('',(0.,0.,-1.));
#1870=DIRECTION('',(-0.707106781186548,-0.707106781186548,0.));
#1871=DIRECTION('',(0.,0.,-1.));
#1872=DIRECTION('',(-1.,0.,0.));
#1873=DIRECTION('',(0.,0.,1.));
#1874=DIRECTION('',(0.,0.,-1.));
#1875=DIRECTION('',(0.,-1.,0.));
#1876=DIRECTION('',(0.,0.,-1.));
#1877=DIRECTION('',(0.707106781186548,0.707106781186548,0.));
#1878=DIRECTION('',(-0.707106781186548,0.707106781186548,0.));
#1879=DIRECTION('',(0.707106781186548,-0.707106781186548,0.));
#1880=DIRECTION('',(0.,0.,-1.));
#1881=DIRECTION('',(0.,0.,-1.));
#1882=DIRECTION('',(0.,-1.,0.));
#1883=DIRECTION('',(0.,0.,-1.));
#1884=DIRECTION('',(1.,0.,0.));
#1885=DIRECTION('',(0.,0.,-1.));
#1886=DIRECTION('',(0.,0.,-1.));
#1887=DIRECTION('',(-0.707106781186548,0.707106781186547,0.));
#1888=DIRECTION('',(-0.707106781186547,-0.707106781186548,0.));
#1889=DIRECTION('',(0.,0.,-1.));
#1890=DIRECTION('',(0.707106781186547,0.707106781186548,0.));
#1891=DIRECTION('',(0.,0.,-1.));
#1892=DIRECTION('',(0.,1.,0.));
#1893=DIRECTION('',(0.,0.,1.));
#1894=DIRECTION('',(0.,0.,-1.));
#1895=DIRECTION('',(-1.,0.,0.));
#1896=DIRECTION('',(0.,0.,-1.));
#1897=DIRECTION('',(1.,0.,0.));
#1898=DIRECTION('',(0.,0.,-1.));
#1899=DIRECTION('',(0.,0.,-1.));
#1900=DIRECTION('',(0.,1.,0.));
#1901=DIRECTION('',(0.,1.,0.));
#1902=DIRECTION('',(0.,0.,1.));
#1903=DIRECTION('',(0.,0.,-1.));
#1904=DIRECTION('',(1.,0.,0.));
#1905=DIRECTION('',(1.,0.,0.));
#1906=DIRECTION('',(0.,0.,-1.));
#1907=DIRECTION('',(0.,0.,-1.));
#1908=DIRECTION('',(0.,1.,0.));
#1909=DIRECTION('',(0.,0.,-1.));
#1910=DIRECTION('',(0.,1.,0.));
#1911=DIRECTION('',(0.,0.,1.));
#1912=DIRECTION('',(0.,0.,-1.));
#1913=DIRECTION('',(1.,0.,0.));
#1914=DIRECTION('',(0.,0.,-1.));
#1915=DIRECTION('',(0.707106781186547,0.707106781186548,0.));
#1916=DIRECTION('',(-0.707106781186548,0.707106781186547,0.));
#1917=DIRECTION('',(0.,0.,-1.));
#1918=DIRECTION('',(0.707106781186548,-0.707106781186547,0.));
#1919=DIRECTION('',(1.,0.,0.));
#1920=DIRECTION('',(0.,0.,-1.));
#1921=DIRECTION('',(0.,0.,-1.));
#1922=DIRECTION('',(0.,-1.,0.));
#1923=DIRECTION('',(1.,0.,0.));
#1924=DIRECTION('',(0.,0.,-1.));
#1925=DIRECTION('',(0.,0.,-1.));
#1926=DIRECTION('',(0.,-1.,0.));
#1927=DIRECTION('',(0.,-1.,0.));
#1928=DIRECTION('',(0.,0.,-1.));
#1929=DIRECTION('',(0.,0.,-1.));
#1930=DIRECTION('',(-1.,0.,0.));
#1931=DIRECTION('',(0.707106781186549,-0.707106781186546,0.));
#1932=DIRECTION('',(0.707106781186547,0.707106781186549,0.));
#1933=DIRECTION('',(0.,0.,-1.));
#1934=DIRECTION('',(-0.707106781186547,-0.707106781186549,0.));
#1935=DIRECTION('',(-1.,0.,0.));
#1936=DIRECTION('',(0.,0.,1.));
#1937=DIRECTION('',(0.,-1.,0.));
#1938=DIRECTION('',(0.707106781186548,-0.707106781186548,0.));
#1939=DIRECTION('',(0.707106781186548,0.707106781186548,0.));
#1940=DIRECTION('',(0.707106781186548,0.707106781186548,0.));
#1941=DIRECTION('',(-0.70710678118655,0.707106781186545,0.));
#1942=DIRECTION('',(-0.707106781186545,-0.70710678118655,0.));
#1943=DIRECTION('',(0.,0.,-1.));
#1944=DIRECTION('',(-0.707106781186545,-0.70710678118655,0.));
#1945=DIRECTION('',(0.,1.,0.));
#1946=DIRECTION('',(0.,0.,1.));
#1947=DIRECTION('',(-1.,0.,0.));
#1948=DIRECTION('',(0.707106781186547,0.707106781186548,0.));
#1949=DIRECTION('',(-0.707106781186548,0.707106781186547,0.));
#1950=DIRECTION('',(0.707106781186548,-0.707106781186548,0.));
#1951=DIRECTION('',(0.,0.,-1.));
#1952=DIRECTION('',(0.,0.,-1.));
#1953=DIRECTION('',(0.,-1.,0.));
#1954=DIRECTION('',(0.,0.,-1.));
#1955=DIRECTION('',(0.,0.,-1.));
#1956=DIRECTION('',(-1.,0.,0.));
#1957=DIRECTION('',(0.,0.,-1.));
#1958=DIRECTION('',(-1.,0.,0.));
#1959=DIRECTION('',(-1.,0.,0.));
#1960=DIRECTION('',(0.,0.,1.));
#1961=DIRECTION('',(0.,0.,-1.));
#1962=DIRECTION('',(0.,1.,0.));
#1963=DIRECTION('',(0.,1.,0.));
#1964=DIRECTION('',(0.,1.,0.));
#1965=DIRECTION('',(0.,0.,1.));
#1966=DIRECTION('',(0.,0.,-1.));
#1967=DIRECTION('',(1.,0.,0.));
#1968=DIRECTION('',(1.,0.,0.));
#1969=DIRECTION('',(1.,0.,0.));
#1970=DIRECTION('',(0.,0.,-1.));
#1971=DIRECTION('',(0.,-1.,0.));
#1972=DIRECTION('',(0.,-1.,0.));
#1973=DIRECTION('',(-0.707106781186548,0.707106781186548,0.));
#1974=DIRECTION('',(-0.707106781186548,-0.707106781186548,0.));
#1975=DIRECTION('',(0.,0.,-1.));
#1976=DIRECTION('',(0.707106781186548,0.707106781186548,0.));
#1977=DIRECTION('',(0.,0.,-1.));
#1978=DIRECTION('',(0.,1.,0.));
#1979=DIRECTION('',(0.,0.,1.));
#1980=DIRECTION('',(1.,0.,0.));
#1981=DIRECTION('',(0.,0.,-1.));
#1982=DIRECTION('',(1.,0.,0.));
#1983=DIRECTION('',(0.,0.,-1.));
#1984=DIRECTION('',(0.,-1.,0.));
#1985=DIRECTION('',(0.,0.,-1.));
#1986=DIRECTION('',(0.,1.,0.));
#1987=DIRECTION('',(0.,0.,1.));
#1988=DIRECTION('',(1.,0.,0.));
#1989=DIRECTION('',(0.,0.,-1.));
#1990=DIRECTION('',(-0.707106781186548,0.707106781186548,0.));
#1991=DIRECTION('',(-0.707106781186548,-0.707106781186548,0.));
#1992=DIRECTION('',(0.707106781186548,0.707106781186548,0.));
#1993=DIRECTION('',(0.,0.,-1.));
#1994=DIRECTION('',(0.707106781186548,0.707106781186548,0.));
#1995=DIRECTION('',(-0.707106781186548,0.707106781186548,0.));
#1996=DIRECTION('',(0.707106781186548,-0.707106781186548,0.));
#1997=DIRECTION('',(0.,0.,-1.));
#1998=DIRECTION('',(0.,0.,1.));
#1999=DIRECTION('',(1.,0.,0.));
#2000=DIRECTION('',(-1.,0.,0.));
#2001=DIRECTION('',(-0.707106781186548,0.707106781186548,0.));
#2002=DIRECTION('',(4.33680868994202E-15,-1.,0.));
#2003=DIRECTION('',(1.2266347333467E-15,-1.,0.));
#2004=DIRECTION('',(1.,1.2266347333467E-15,0.));
#2005=DIRECTION('',(-1.2266347333467E-15,1.,0.));
#2006=DIRECTION('',(1.,0.,0.));
#2007=DIRECTION('',(0.,0.,-1.));
#2008=DIRECTION('',(0.,0.,-1.));
#2009=DIRECTION('',(0.,1.,0.));
#2010=DIRECTION('',(0.,0.,1.));
#2011=DIRECTION('',(0.,-1.,0.));
#2012=DIRECTION('',(-0.707106781186544,-0.707106781186551,0.));
#2013=DIRECTION('',(0.707106781186551,-0.707106781186544,0.));
#2014=DIRECTION('',(-0.707106781186551,0.707106781186544,0.));
#2015=DIRECTION('',(-0.707106781186551,0.707106781186544,0.));
#2016=DIRECTION('',(0.,0.,1.));
#2017=DIRECTION('',(0.,0.,1.));
#2018=DIRECTION('',(1.,0.,0.));
#2019=DIRECTION('',(1.,0.,0.));
#2020=DIRECTION('',(0.,-1.,0.));
#2021=DIRECTION('',(-1.,0.,0.));
#2022=DIRECTION('',(0.,1.,0.));
#2023=DIRECTION('',(0.,1.,0.));
#2024=DIRECTION('',(0.707106781186545,0.70710678118655,0.));
#2025=DIRECTION('',(1.,0.,0.));
#2026=DIRECTION('',(0.707106781186548,-0.707106781186547,0.));
#2027=DIRECTION('',(0.,-1.,0.));
#2028=DIRECTION('',(0.707106781186551,-0.707106781186544,0.));
#2029=DIRECTION('',(0.,1.,0.));
#2030=DIRECTION('',(1.,0.,0.));
#2031=DIRECTION('',(0.,-1.,0.));
#2032=DIRECTION('',(-1.,0.,0.));
#2033=DIRECTION('',(0.,1.,0.));
#2034=DIRECTION('',(1.,0.,0.));
#2035=DIRECTION('',(0.707106781186546,0.707106781186549,0.));
#2036=DIRECTION('',(0.,1.,0.));
#2037=DIRECTION('',(-0.707106781186548,-0.707106781186548,0.));
#2038=DIRECTION('',(-1.,0.,0.));
#2039=DIRECTION('',(-0.707106781186548,0.707106781186547,0.));
#2040=DIRECTION('',(-0.707106781186547,-0.707106781186548,0.));
#2041=DIRECTION('',(0.,-1.,0.));
#2042=DIRECTION('',(0.707106781186548,-0.707106781186548,0.));
#2043=DIRECTION('',(1.,0.,0.));
#2044=DIRECTION('',(0.707106781186548,0.707106781186548,0.));
#2045=DIRECTION('',(0.,1.,0.));
#2046=DIRECTION('',(-0.707106781186548,0.707106781186548,0.));
#2047=DIRECTION('',(-1.,0.,0.));
#2048=DIRECTION('',(0.,-1.,0.));
#2049=DIRECTION('',(0.,0.,-1.));
#2050=DIRECTION('',(0.,0.,1.));
#2051=DIRECTION('',(-1.,0.,0.));
#2052=DIRECTION('',(0.,0.,-1.));
#2053=DIRECTION('',(-0.707106781186548,-0.707106781186548,0.));
#2054=DIRECTION('',(0.707106781186548,-0.707106781186548,0.));
#2055=DIRECTION('',(-0.707106781186548,0.707106781186548,0.));
#2056=DIRECTION('',(0.,0.,-1.));
#2057=DIRECTION('',(1.,4.33680868994202E-15,0.));
#2058=DIRECTION('',(-4.33680868994202E-15,1.,0.));
#2059=DIRECTION('',(4.33680868994202E-15,-1.,0.));
#2060=DIRECTION('',(0.,0.,1.));
#2061=DIRECTION('',(1.,0.,0.));
#2062=DIRECTION('',(0.,0.,-1.));
#2063=DIRECTION('',(0.,1.,0.));
#2064=DIRECTION('',(-0.707106781186548,-0.707106781186548,0.));
#2065=DIRECTION('',(0.707106781186548,-0.707106781186548,0.));
#2066=DIRECTION('',(0.707106781186548,-0.707106781186548,0.));
#2067=DIRECTION('',(0.,0.,1.));
#2068=DIRECTION('',(1.,0.,0.));
#2069=DIRECTION('',(0.,0.,-1.));
#2070=DIRECTION('',(-1.,0.,0.));
#2071=DIRECTION('',(0.,0.,1.));
#2072=DIRECTION('',(1.,0.,0.));
#2073=DIRECTION('',(0.,0.,1.));
#2074=DIRECTION('',(1.,0.,0.));
#2075=DIRECTION('',(0.,0.,-1.));
#2076=DIRECTION('',(-1.,0.,0.));
#2077=DIRECTION('',(0.,0.,1.));
#2078=DIRECTION('',(1.,0.,0.));
#2079=DIRECTION('',(0.,0.,1.));
#2080=DIRECTION('',(1.,0.,0.));
#2081=DIRECTION('',(0.,0.,-1.));
#2082=DIRECTION('',(-1.,0.,0.));
#2083=DIRECTION('',(0.,0.,1.));
#2084=DIRECTION('',(1.,0.,0.));
#2085=DIRECTION('',(0.,0.,1.));
#2086=DIRECTION('',(1.,0.,0.));
#2087=DIRECTION('',(0.,0.,-1.));
#2088=DIRECTION('',(-1.,0.,0.));
#2089=DIRECTION('',(0.,0.,1.));
#2090=DIRECTION('',(1.,0.,0.));
#2091=DIRECTION('',(0.,0.,1.));
#2092=DIRECTION('',(1.,0.,0.));
#2093=DIRECTION('',(-0.707106781186547,0.,-0.707106781186548));
#2094=DIRECTION('',(0.,-1.,0.));
#2095=DIRECTION('',(0.577350269189626,-0.577350269189626,-0.577350269189625));
#2096=DIRECTION('',(0.577350269189626,0.577350269189626,-0.577350269189625));
#2097=DIRECTION('',(0.,-0.707106781186547,-0.707106781186548));
#2098=DIRECTION('',(1.,0.,0.));
#2099=DIRECTION('',(-0.577350269189626,0.577350269189626,-0.577350269189625));
#2100=DIRECTION('',(0.,0.707106781186547,-0.707106781186548));
#2101=DIRECTION('',(-1.,0.,0.));
#2102=DIRECTION('',(0.577350269189626,0.577350269189626,0.577350269189625));
#2103=DIRECTION('',(0.707106781186547,0.,-0.707106781186548));
#2104=DIRECTION('',(0.,1.,0.));
#2105=DIRECTION('',(0.5,-0.5,0.707106781186546));
#2106=DIRECTION('',(-0.707106781186545,-0.70710678118655,0.));
#2107=DIRECTION('',(0.281084637714817,-0.678598344545848,-0.678598344545848));
#2108=DIRECTION('',(-0.678598344545849,0.281084637714813,0.678598344545848));
#2109=DIRECTION('',(0.,-0.707106781186547,-0.707106781186548));
#2110=DIRECTION('',(1.,0.,0.));
#2111=DIRECTION('',(-0.577350269189626,0.577350269189626,-0.577350269189625));
#2112=DIRECTION('',(-0.577350269189626,-0.577350269189626,0.577350269189625));
#2113=DIRECTION('',(-0.707106781186547,0.,-0.707106781186548));
#2114=DIRECTION('',(0.,-1.,0.));
#2115=DIRECTION('',(0.577350269189626,-0.577350269189626,-0.577350269189625));
#2116=DIRECTION('',(-0.707106781186547,0.,-0.707106781186548));
#2117=DIRECTION('',(0.,-1.,0.));
#2118=DIRECTION('',(0.678598344545848,0.281084637714822,-0.678598344545846));
#2119=DIRECTION('',(0.,-0.707106781186547,0.707106781186548));
#2120=DIRECTION('',(-1.,0.,0.));
#2121=DIRECTION('',(-0.281084637714818,-0.678598344545848,-0.678598344545847));
#2122=DIRECTION('',(-0.707106781186547,0.,0.707106781186548));
#2123=DIRECTION('',(0.,1.,0.));
#2124=DIRECTION('',(0.577350269189626,0.577350269189626,0.577350269189625));
#2125=DIRECTION('',(0.,0.707106781186547,-0.707106781186548));
#2126=DIRECTION('',(-1.,0.,0.));
#2127=DIRECTION('',(-0.281084637714822,0.678598344545847,0.678598344545846));
#2128=DIRECTION('',(-0.5,-0.5,-0.707106781186549));
#2129=DIRECTION('',(0.707106781186548,-0.707106781186547,0.));
#2130=DIRECTION('',(0.281084637714823,0.678598344545847,-0.678598344545846));
#2131=DIRECTION('',(-0.5,-0.5,0.707106781186547));
#2132=DIRECTION('',(-0.707106781186548,0.707106781186547,0.));
#2133=DIRECTION('',(-0.678598344545848,-0.281084637714819,-0.678598344545847));
#2134=DIRECTION('',(0.,-0.707106781186547,0.707106781186548));
#2135=DIRECTION('',(-1.,0.,0.));
#2136=DIRECTION('',(-0.577350269189626,0.577350269189626,0.577350269189625));
#2137=DIRECTION('',(-0.5,0.5,-0.707106781186548));
#2138=DIRECTION('',(-0.707106781186547,-0.707106781186549,0.));
#2139=DIRECTION('',(0.678598344545847,-0.281084637714821,-0.678598344545847));
#2140=DIRECTION('',(0.,-0.707106781186547,-0.707106781186548));
#2141=DIRECTION('',(1.,0.,0.));
#2142=DIRECTION('',(0.28108463771482,-0.678598344545847,0.678598344545847));
#2143=DIRECTION('',(-0.707106781186547,0.,0.707106781186548));
#2144=DIRECTION('',(0.,1.,0.));
#2145=DIRECTION('',(0.678598344545847,0.281084637714821,0.678598344545847));
#2146=DIRECTION('',(0.707106781186547,0.,0.707106781186548));
#2147=DIRECTION('',(0.,-1.,0.));
#2148=DIRECTION('',(0.,1.,0.));
#2149=DIRECTION('',(-0.5,0.5,0.707106781186548));
#2150=DIRECTION('',(0.707106781186548,0.707106781186548,0.));
#2151=DIRECTION('',(0.678598344545847,-0.28108463771482,0.678598344545847));
#2152=DIRECTION('',(0.5,0.5,-0.707106781186547));
#2153=DIRECTION('',(-0.707106781186551,0.707106781186544,0.));
#2154=DIRECTION('',(0.678598344545847,0.281084637714821,0.678598344545847));
#2155=DIRECTION('',(0.707106781186547,0.,-0.707106781186548));
#2156=DIRECTION('',(0.,1.,0.));
#2157=DIRECTION('',(0.707106781186547,0.,0.707106781186548));
#2158=DIRECTION('',(0.,-1.,0.));
#2159=DIRECTION('',(0.707106781186547,0.,0.707106781186548));
#2160=DIRECTION('',(-0.707106781186548,0.,0.707106781186547));
#2161=DIRECTION('',(0.678598344545848,0.281084637714817,-0.678598344545847));
#2162=DIRECTION('',(0.678598344545848,-0.28108463771482,-0.678598344545847));
#2163=DIRECTION('',(0.707106781186547,0.,0.707106781186548));
#2164=DIRECTION('',(-0.707106781186548,0.,0.707106781186547));
#2165=DIRECTION('',(-0.5,-0.5,-0.707106781186546));
#2166=DIRECTION('',(0.707106781186548,-0.707106781186548,0.));
#2167=DIRECTION('',(-0.5,-0.5,-0.707106781186546));
#2168=DIRECTION('',(-0.5,-0.5,0.707106781186549));
#2169=DIRECTION('',(-0.5,-0.5,-0.707106781186546));
#2170=DIRECTION('',(-0.5,-0.5,0.707106781186549));
#2171=DIRECTION('',(0.281084637714817,0.678598344545848,-0.678598344545847));
#2172=DIRECTION('',(-0.5,0.5,-0.707106781186548));
#2173=DIRECTION('',(-0.707106781186548,-0.707106781186548,0.));
#2174=DIRECTION('',(-0.5,0.5,-0.707106781186548));
#2175=DIRECTION('',(-0.5,0.5,0.707106781186548));
#2176=DIRECTION('',(0.28108463771482,-0.678598344545848,-0.678598344545847));
#2177=DIRECTION('',(-0.5,0.5,-0.707106781186548));
#2178=DIRECTION('',(-0.5,0.5,0.707106781186548));
#2179=DIRECTION('',(0.,0.707106781186547,0.707106781186548));
#2180=DIRECTION('',(1.,0.,0.));
#2181=DIRECTION('',(0.,0.707106781186547,0.707106781186548));
#2182=DIRECTION('',(0.,-0.707106781186548,0.707106781186547));
#2183=DIRECTION('',(0.,0.707106781186547,0.707106781186548));
#2184=DIRECTION('',(0.,-0.707106781186548,0.707106781186547));
#2185=DIRECTION('',(-0.281084637714817,0.678598344545848,-0.678598344545847));
#2186=DIRECTION('',(0.,-0.707106781186547,0.707106781186548));
#2187=DIRECTION('',(-1.,0.,0.));
#2188=DIRECTION('',(0.,-0.707106781186547,0.707106781186548));
#2189=DIRECTION('',(0.,0.707106781186548,0.707106781186547));
#2190=DIRECTION('',(0.281084637714817,0.678598344545848,0.678598344545847));
#2191=DIRECTION('',(0.,-0.707106781186547,0.707106781186548));
#2192=DIRECTION('',(0.,-0.707106781186548,-0.707106781186547));
#2193=DIRECTION('',(0.5,-0.5,-0.707106781186547));
#2194=DIRECTION('',(0.707106781186547,0.707106781186548,0.));
#2195=DIRECTION('',(0.5,-0.5,-0.707106781186547));
#2196=DIRECTION('',(0.5,-0.5,0.707106781186549));
#2197=DIRECTION('',(-0.678598344545847,0.281084637714818,-0.678598344545848));
#2198=DIRECTION('',(0.5,-0.5,-0.707106781186547));
#2199=DIRECTION('',(0.5,-0.5,0.707106781186549));
#2200=DIRECTION('',(-0.5,-0.5,0.707106781186547));
#2201=DIRECTION('',(-0.707106781186548,0.707106781186548,0.));
#2202=DIRECTION('',(-0.5,-0.5,0.707106781186547));
#2203=DIRECTION('',(-0.5,-0.5,-0.707106781186549));
#2204=DIRECTION('',(-0.678598344545847,-0.281084637714819,-0.678598344545848));
#2205=DIRECTION('',(-0.5,-0.5,0.707106781186547));
#2206=DIRECTION('',(-0.5,-0.5,-0.707106781186549));
#2207=DIRECTION('',(-0.707106781186548,0.,0.707106781186547));
#2208=DIRECTION('',(0.,1.,0.));
#2209=DIRECTION('',(-0.707106781186548,0.,0.707106781186547));
#2210=DIRECTION('',(-0.707106781186547,0.,-0.707106781186548));
#2211=DIRECTION('',(-0.707106781186548,0.,0.707106781186547));
#2212=DIRECTION('',(0.707106781186547,0.,0.707106781186548));
#2213=DIRECTION('',(0.,0.,1.));
#2214=DIRECTION('',(1.,0.,0.));
#2215=DIRECTION('',(0.,0.,1.));
#2216=DIRECTION('',(1.,0.,0.));
#2217=DIRECTION('',(0.,0.,1.));
#2218=DIRECTION('',(1.,0.,0.));
#2219=DIRECTION('',(0.,0.,1.));
#2220=DIRECTION('',(1.,0.,0.));
#2221=DIRECTION('',(0.,0.,-1.));
#2222=DIRECTION('',(-1.,0.,0.));
#2223=DIRECTION('',(0.,0.,-1.));
#2224=DIRECTION('',(-1.,0.,0.));
#2225=DIRECTION('',(0.,0.,1.));
#2226=DIRECTION('',(1.,0.,0.));
#2227=DIRECTION('',(0.,0.,1.));
#2228=DIRECTION('',(1.,0.,0.));
#2229=CARTESIAN_POINT('',(0.,0.,0.));
#2230=CARTESIAN_POINT('',(0.03871,0.051992,0.006));
#2231=CARTESIAN_POINT('',(0.03871,0.0425430716562272,0.006));
#2232=CARTESIAN_POINT('',(0.03871,0.0425430716562272,0.0085));
#2233=CARTESIAN_POINT('',(0.03871,0.0425430716562272,0.));
#2234=CARTESIAN_POINT('',(0.03871,0.051992,0.0085));
#2235=CARTESIAN_POINT('',(0.03871,0.049492,0.0085));
#2236=CARTESIAN_POINT('',(0.03871,0.049492,0.006));
#2237=CARTESIAN_POINT('',(0.03871,0.049492,0.));
#2238=CARTESIAN_POINT('',(0.03871,0.051992,0.));
#2239=CARTESIAN_POINT('',(0.0240304271247462,0.0691715728752539,0.006));
#2240=CARTESIAN_POINT('',(0.0268588542494924,0.0663431457505077,0.006));
#2241=CARTESIAN_POINT('',(0.0268588542494924,0.0663431457505077,0.0085));
#2242=CARTESIAN_POINT('',(0.0268588542494924,0.0663431457505077,0.));
#2243=CARTESIAN_POINT('',(0.021202,0.072,0.0085));
#2244=CARTESIAN_POINT('',(0.021202,0.072,0.0085));
#2245=CARTESIAN_POINT('',(0.021202,0.072,0.006));
#2246=CARTESIAN_POINT('',(0.021202,0.072,0.));
#2247=CARTESIAN_POINT('',(0.0240304271247462,0.0691715728752539,0.));
#2248=CARTESIAN_POINT('',(0.043875,0.0425,0.));
#2249=CARTESIAN_POINT('',(-0.002,0.008,0.));
#2250=CARTESIAN_POINT('',(-0.0003,0.008,0.));
#2251=CARTESIAN_POINT('',(0.08975,0.077,0.));
#2252=CARTESIAN_POINT('',(0.09145,0.077,0.));
#2253=CARTESIAN_POINT('',(-0.002,0.077,0.));
#2254=CARTESIAN_POINT('',(-0.0003,0.077,0.));
#2255=CARTESIAN_POINT('',(0.08975,0.008,0.));
#2256=CARTESIAN_POINT('',(0.09145,0.008,0.));
#2257=CARTESIAN_POINT('',(0.09275,0.08,0.));
#2258=CARTESIAN_POINT('',(0.0880428932188135,0.0847071067811865,0.));
#2259=CARTESIAN_POINT('',(0.0974571067811865,0.0752928932188134,0.));
#2260=CARTESIAN_POINT('',(0.09675,0.0745857864376269,0.));
#2261=CARTESIAN_POINT('',(0.09775,0.0745857864376269,0.));
#2262=CARTESIAN_POINT('',(0.09775,0.0425,0.));
#2263=CARTESIAN_POINT('',(0.09775,0.0104142135623731,0.));
#2264=CARTESIAN_POINT('',(0.09675,0.0104142135623731,0.));
#2265=CARTESIAN_POINT('',(0.0974571067811865,0.00970710678118656,0.));
#2266=CARTESIAN_POINT('',(0.09275,0.005,0.));
#2267=CARTESIAN_POINT('',(0.0880428932188135,0.000292893218813455,0.));
#2268=CARTESIAN_POINT('',(0.0873357864376269,0.001,0.));
#2269=CARTESIAN_POINT('',(0.0873357864376269,0.,0.));
#2270=CARTESIAN_POINT('',(0.043875,0.,0.));
#2271=CARTESIAN_POINT('',(0.000414213562373096,0.,0.));
#2272=CARTESIAN_POINT('',(0.000414213562373096,0.001,0.));
#2273=CARTESIAN_POINT('',(-0.000292893218813451,0.000292893218813451,0.));
#2274=CARTESIAN_POINT('',(-0.005,0.005,0.));
#2275=CARTESIAN_POINT('',(-0.00970710678118655,0.00970710678118655,0.));
#2276=CARTESIAN_POINT('',(-0.009,0.0104142135623731,0.));
#2277=CARTESIAN_POINT('',(-0.01,0.0104142135623731,0.));
#2278=CARTESIAN_POINT('',(-0.01,0.0425,0.));
#2279=CARTESIAN_POINT('',(-0.01,0.0745857864376269,0.));
#2280=CARTESIAN_POINT('',(-0.009,0.0745857864376269,0.));
#2281=CARTESIAN_POINT('',(-0.00970710678118654,0.0752928932188134,0.));
#2282=CARTESIAN_POINT('',(-0.005,0.08,0.));
#2283=CARTESIAN_POINT('',(-0.000292893218813456,0.0847071067811865,0.));
#2284=CARTESIAN_POINT('',(0.000414213562373092,0.084,0.));
#2285=CARTESIAN_POINT('',(0.000414213562373089,0.085,0.));
#2286=CARTESIAN_POINT('',(0.043875,0.085,0.));
#2287=CARTESIAN_POINT('',(0.0873357864376269,0.085,0.));
#2288=CARTESIAN_POINT('',(0.0873357864376269,0.084,0.));
#2289=CARTESIAN_POINT('',(0.06123,0.054492,0.));
#2290=CARTESIAN_POINT('',(0.04171,0.054492,0.));
#2291=CARTESIAN_POINT('',(0.08075,0.054492,0.));
#2292=CARTESIAN_POINT('',(0.04171,0.0465735,0.));
#2293=CARTESIAN_POINT('',(0.04171,0.038655,0.));
#2294=CARTESIAN_POINT('',(0.03971,0.036655,0.));
#2295=CARTESIAN_POINT('',(0.03771,0.034655,0.));
#2296=CARTESIAN_POINT('',(0.03023,0.034655,0.));
#2297=CARTESIAN_POINT('',(0.02275,0.034655,0.));
#2298=CARTESIAN_POINT('',(0.02275,0.012,0.));
#2299=CARTESIAN_POINT('',(0.02275,0.014,0.));
#2300=CARTESIAN_POINT('',(0.05175,0.014,0.));
#2301=CARTESIAN_POINT('',(0.08075,0.014,0.));
#2302=CARTESIAN_POINT('',(0.08075,0.034246,0.));
#2303=CARTESIAN_POINT('',(0.03871,0.051992,0.));
#2304=CARTESIAN_POINT('',(0.03871,0.054492,0.));
#2305=CARTESIAN_POINT('',(0.03971,0.055492,0.));
#2306=CARTESIAN_POINT('',(0.04071,0.056492,0.));
#2307=CARTESIAN_POINT('',(0.06423,0.056492,0.));
#2308=CARTESIAN_POINT('',(0.08775,0.056492,0.));
#2309=CARTESIAN_POINT('',(0.08775,0.065746,0.));
#2310=CARTESIAN_POINT('',(0.08775,0.075,0.));
#2311=CARTESIAN_POINT('',(0.055976,0.075,0.));
#2312=CARTESIAN_POINT('',(0.024202,0.075,0.));
#2313=CARTESIAN_POINT('',(0.0234091067811865,0.0742071067811866,0.));
#2314=CARTESIAN_POINT('',(0.0226162135623731,0.0734142135623732,0.));
#2315=CARTESIAN_POINT('',(0.0254446406871192,0.070585786437627,0.));
#2316=CARTESIAN_POINT('',(0.0282730678118654,0.0677573593128808,0.));
#2317=CARTESIAN_POINT('',(0.0282730678118654,0.0663431457505077,0.));
#2318=CARTESIAN_POINT('',(0.0282730678118654,0.0649289321881346,0.));
#2319=CARTESIAN_POINT('',(0.0240304271247462,0.0691715728752539,0.));
#2320=CARTESIAN_POINT('',(0.0275659610306788,0.0656360389693212,0.));
#2321=CARTESIAN_POINT('',(0.0272124076400856,0.0659895923599144,0.));
#2322=CARTESIAN_POINT('',(0.013248,0.072,0.));
#2323=CARTESIAN_POINT('',(0.005294,0.072,0.));
#2324=CARTESIAN_POINT('',(0.004294,0.071,0.));
#2325=CARTESIAN_POINT('',(0.003294,0.07,0.));
#2326=CARTESIAN_POINT('',(0.003294,0.0587715358281136,0.));
#2327=CARTESIAN_POINT('',(0.003294,0.0475430716562272,0.));
#2328=CARTESIAN_POINT('',(0.006794,0.0440430716562272,0.));
#2329=CARTESIAN_POINT('',(0.010294,0.0405430716562272,0.));
#2330=CARTESIAN_POINT('',(0.015022,0.0405430716562272,0.));
#2331=CARTESIAN_POINT('',(0.03671,0.0405430716562272,0.));
#2332=CARTESIAN_POINT('',(0.03771,0.0415430716562272,0.));
#2333=CARTESIAN_POINT('',(-0.005,0.005,0.006));
#2334=CARTESIAN_POINT('',(-0.000292893218813452,0.000292893218813452,0.006));
#2335=CARTESIAN_POINT('',(-0.000292893218813451,0.000292893218813451,0.0085));
#2336=CARTESIAN_POINT('',(-0.01,0.01,0.0085));
#2337=CARTESIAN_POINT('',(-0.00970710678118655,0.00970710678118655,0.0085));
#2338=CARTESIAN_POINT('',(-0.00970710678118654,0.00970710678118654,0.006));
#2339=CARTESIAN_POINT('',(0.043875,0.,0.006));
#2340=CARTESIAN_POINT('',(0.0873357864376269,0.,0.0085));
#2341=CARTESIAN_POINT('',(0.0873357864376269,0.,0.0085));
#2342=CARTESIAN_POINT('',(1.7347234759768E-18,0.,0.0085));
#2343=CARTESIAN_POINT('',(0.000414213562373096,0.,0.0085));
#2344=CARTESIAN_POINT('',(0.000414213562373096,0.,0.006));
#2345=CARTESIAN_POINT('',(0.09275,0.005,0.006));
#2346=CARTESIAN_POINT('',(0.0974571067811865,0.00970710678118656,0.0085));
#2347=CARTESIAN_POINT('',(0.0974571067811865,0.00970710678118656,0.0085));
#2348=CARTESIAN_POINT('',(0.09275,0.005,0.0085));
#2349=CARTESIAN_POINT('',(0.0880428932188135,0.000292893218813455,0.0085));
#2350=CARTESIAN_POINT('',(0.0880428932188135,0.000292893218813457,0.));
#2351=CARTESIAN_POINT('',(0.09775,0.0425,0.006));
#2352=CARTESIAN_POINT('',(0.09775,0.0745857864376269,0.0085));
#2353=CARTESIAN_POINT('',(0.09775,0.0745857864376269,0.0085));
#2354=CARTESIAN_POINT('',(0.09775,0.01,0.0085));
#2355=CARTESIAN_POINT('',(0.09775,0.0104142135623731,0.0085));
#2356=CARTESIAN_POINT('',(0.09775,0.0104142135623731,0.));
#2357=CARTESIAN_POINT('',(0.09275,0.08,0.006));
#2358=CARTESIAN_POINT('',(0.09275,0.08,0.0085));
#2359=CARTESIAN_POINT('',(0.0880428932188135,0.0847071067811865,0.0085));
#2360=CARTESIAN_POINT('',(0.0974571067811865,0.0752928932188134,0.0085));
#2361=CARTESIAN_POINT('',(0.0974571067811865,0.0752928932188134,0.));
#2362=CARTESIAN_POINT('',(0.0880428932188135,0.0847071067811865,0.0085));
#2363=CARTESIAN_POINT('',(0.043875,0.085,0.006));
#2364=CARTESIAN_POINT('',(0.08775,0.085,0.0085));
#2365=CARTESIAN_POINT('',(0.000414213562373089,0.085,0.0085));
#2366=CARTESIAN_POINT('',(0.0873357864376269,0.085,0.0085));
#2367=CARTESIAN_POINT('',(0.0873357864376269,0.085,0.));
#2368=CARTESIAN_POINT('',(0.000414213562373092,0.085,0.0085));
#2369=CARTESIAN_POINT('',(-0.005,0.08,0.006));
#2370=CARTESIAN_POINT('',(-0.00970710678118654,0.0752928932188134,0.0085));
#2371=CARTESIAN_POINT('',(-0.00970710678118654,0.0752928932188134,0.0085));
#2372=CARTESIAN_POINT('',(-0.005,0.08,0.0085));
#2373=CARTESIAN_POINT('',(-0.000292893218813456,0.0847071067811865,0.0085));
#2374=CARTESIAN_POINT('',(-0.000292893218813455,0.0847071067811865,0.));
#2375=CARTESIAN_POINT('',(0.06123,0.054492,0.006));
#2376=CARTESIAN_POINT('',(0.08075,0.054492,0.006));
#2377=CARTESIAN_POINT('',(0.08075,0.054492,0.0085));
#2378=CARTESIAN_POINT('',(0.04171,0.054492,0.0085));
#2379=CARTESIAN_POINT('',(0.04171,0.054492,0.0085));
#2380=CARTESIAN_POINT('',(0.04171,0.054492,0.006));
#2381=CARTESIAN_POINT('',(0.08075,0.034246,0.006));
#2382=CARTESIAN_POINT('',(0.08075,0.014,0.006));
#2383=CARTESIAN_POINT('',(0.08075,0.014,0.0085));
#2384=CARTESIAN_POINT('',(0.08075,0.054492,0.0085));
#2385=CARTESIAN_POINT('',(0.05175,0.014,0.006));
#2386=CARTESIAN_POINT('',(0.02275,0.014,0.006));
#2387=CARTESIAN_POINT('',(0.02275,0.014,0.0085));
#2388=CARTESIAN_POINT('',(0.05175,0.014,0.0085));
#2389=CARTESIAN_POINT('',(-0.01,0.0425,0.006));
#2390=CARTESIAN_POINT('',(-0.01,0.0104142135623731,0.006));
#2391=CARTESIAN_POINT('',(-0.01,0.0104142135623731,0.0085));
#2392=CARTESIAN_POINT('',(-0.01,0.075,0.0085));
#2393=CARTESIAN_POINT('',(-0.01,0.0745857864376269,0.0085));
#2394=CARTESIAN_POINT('',(-0.01,0.0745857864376269,0.));
#2395=CARTESIAN_POINT('',(0.015022,0.0405430716562272,0.006));
#2396=CARTESIAN_POINT('',(0.010294,0.0405430716562272,0.006));
#2397=CARTESIAN_POINT('',(0.010294,0.0405430716562272,0.0085));
#2398=CARTESIAN_POINT('',(0.015022,0.0405430716562272,0.0085));
#2399=CARTESIAN_POINT('',(0.03671,0.0405430716562272,0.0085));
#2400=CARTESIAN_POINT('',(0.03671,0.0405430716562272,0.006));
#2401=CARTESIAN_POINT('',(0.006794,0.0440430716562272,0.006));
#2402=CARTESIAN_POINT('',(0.003294,0.0475430716562272,0.006));
#2403=CARTESIAN_POINT('',(0.003294,0.0475430716562272,0.0085));
#2404=CARTESIAN_POINT('',(0.006794,0.0440430716562272,0.0085));
#2405=CARTESIAN_POINT('',(0.003294,0.0587715358281136,0.006));
#2406=CARTESIAN_POINT('',(0.003294,0.07,0.006));
#2407=CARTESIAN_POINT('',(0.003294,0.07,0.0085));
#2408=CARTESIAN_POINT('',(0.003294,0.0587715358281136,0.0085));
#2409=CARTESIAN_POINT('',(0.02275,0.012,0.006));
#2410=CARTESIAN_POINT('',(0.02275,0.034655,0.006));
#2411=CARTESIAN_POINT('',(0.02275,0.034655,0.0085));
#2412=CARTESIAN_POINT('',(0.02275,0.012,0.0085));
#2413=CARTESIAN_POINT('',(0.03023,0.034655,0.006));
#2414=CARTESIAN_POINT('',(0.03771,0.034655,0.006));
#2415=CARTESIAN_POINT('',(0.03771,0.034655,0.0085));
#2416=CARTESIAN_POINT('',(0.03023,0.034655,0.0085));
#2417=CARTESIAN_POINT('',(0.03971,0.036655,0.006));
#2418=CARTESIAN_POINT('',(0.04171,0.038655,0.006));
#2419=CARTESIAN_POINT('',(0.04171,0.038655,0.0085));
#2420=CARTESIAN_POINT('',(0.03971,0.036655,0.0085));
#2421=CARTESIAN_POINT('',(0.04171,0.0465735,0.006));
#2422=CARTESIAN_POINT('',(0.04171,0.038655,0.0085));
#2423=CARTESIAN_POINT('',(0.03771,0.0415430716562272,0.006));
#2424=CARTESIAN_POINT('',(0.03871,0.0425430716562272,0.0085));
#2425=CARTESIAN_POINT('',(0.004294,0.071,0.006));
#2426=CARTESIAN_POINT('',(0.005294,0.072,0.006));
#2427=CARTESIAN_POINT('',(0.005294,0.072,0.0085));
#2428=CARTESIAN_POINT('',(0.003294,0.07,0.0085));
#2429=CARTESIAN_POINT('',(0.013248,0.072,0.006));
#2430=CARTESIAN_POINT('',(0.005294,0.072,0.0085));
#2431=CARTESIAN_POINT('',(0.0240304271247462,0.0691715728752539,0.006));
#2432=CARTESIAN_POINT('',(0.0272124076400856,0.0659895923599144,0.005));
#2433=CARTESIAN_POINT('',(0.0275659610306788,0.0656360389693212,0.005));
#2434=CARTESIAN_POINT('',(0.0282730678118654,0.0649289321881346,0.005));
#2435=CARTESIAN_POINT('',(0.0275659610306788,0.0656360389693212,0.005));
#2436=CARTESIAN_POINT('',(0.0282730678118654,0.0649289321881346,0.006));
#2437=CARTESIAN_POINT('',(0.0509025,0.067077,0.006));
#2438=CARTESIAN_POINT('',(0.063095,0.067077,0.006));
#2439=CARTESIAN_POINT('',(0.063095,0.067077,0.0085));
#2440=CARTESIAN_POINT('',(0.063095,0.067077,0.005));
#2441=CARTESIAN_POINT('',(0.0509025,0.067077,0.0085));
#2442=CARTESIAN_POINT('',(0.03871,0.067077,0.0085));
#2443=CARTESIAN_POINT('',(0.03871,0.067077,0.006));
#2444=CARTESIAN_POINT('',(0.03871,0.067077,0.005));
#2445=CARTESIAN_POINT('',(0.0509025,0.067077,0.005));
#2446=CARTESIAN_POINT('',(0.063095,0.0632845,0.006));
#2447=CARTESIAN_POINT('',(0.063095,0.059492,0.006));
#2448=CARTESIAN_POINT('',(0.063095,0.059492,0.0085));
#2449=CARTESIAN_POINT('',(0.063095,0.059492,0.005));
#2450=CARTESIAN_POINT('',(0.063095,0.0632845,0.0085));
#2451=CARTESIAN_POINT('',(0.063095,0.0632845,0.005));
#2452=CARTESIAN_POINT('',(0.0509025,0.059492,0.006));
#2453=CARTESIAN_POINT('',(0.03871,0.059492,0.006));
#2454=CARTESIAN_POINT('',(0.03871,0.059492,0.0085));
#2455=CARTESIAN_POINT('',(0.03871,0.059492,0.005));
#2456=CARTESIAN_POINT('',(0.0509025,0.059492,0.0085));
#2457=CARTESIAN_POINT('',(0.0509025,0.059492,0.005));
#2458=CARTESIAN_POINT('',(0.03871,0.0632845,0.006));
#2459=CARTESIAN_POINT('',(0.03871,0.0632845,0.0085));
#2460=CARTESIAN_POINT('',(0.03871,0.0632845,0.005));
#2461=CARTESIAN_POINT('',(0.03971,0.055492,0.005));
#2462=CARTESIAN_POINT('',(0.03871,0.054492,0.005));
#2463=CARTESIAN_POINT('',(0.03871,0.054492,0.005));
#2464=CARTESIAN_POINT('',(0.03971,0.055492,0.005));
#2465=CARTESIAN_POINT('',(0.04071,0.056492,0.005));
#2466=CARTESIAN_POINT('',(0.04071,0.056492,0.005));
#2467=CARTESIAN_POINT('',(0.06423,0.056492,0.005));
#2468=CARTESIAN_POINT('',(0.06423,0.056492,0.005));
#2469=CARTESIAN_POINT('',(0.08775,0.056492,0.005));
#2470=CARTESIAN_POINT('',(0.08775,0.056492,0.005));
#2471=CARTESIAN_POINT('',(0.08775,0.065746,0.005));
#2472=CARTESIAN_POINT('',(0.08775,0.065746,0.005));
#2473=CARTESIAN_POINT('',(0.08775,0.075,0.005));
#2474=CARTESIAN_POINT('',(0.08775,0.075,0.005));
#2475=CARTESIAN_POINT('',(0.055976,0.075,0.005));
#2476=CARTESIAN_POINT('',(0.055976,0.075,0.005));
#2477=CARTESIAN_POINT('',(0.024202,0.075,0.005));
#2478=CARTESIAN_POINT('',(0.024202,0.075,0.005));
#2479=CARTESIAN_POINT('',(0.0234091067811865,0.0742071067811866,0.005));
#2480=CARTESIAN_POINT('',(0.0234091067811865,0.0742071067811866,0.005));
#2481=CARTESIAN_POINT('',(0.0226162135623731,0.0734142135623732,0.005));
#2482=CARTESIAN_POINT('',(0.0226162135623731,0.0734142135623732,0.005));
#2483=CARTESIAN_POINT('',(0.0254446406871192,0.070585786437627,0.005));
#2484=CARTESIAN_POINT('',(0.0254446406871192,0.070585786437627,0.005));
#2485=CARTESIAN_POINT('',(0.0282730678118654,0.0677573593128808,0.005));
#2486=CARTESIAN_POINT('',(0.0282730678118654,0.0677573593128808,0.005));
#2487=CARTESIAN_POINT('',(0.043875,0.0425,0.005));
#2488=CARTESIAN_POINT('',(0.03671,0.054492,0.005));
#2489=CARTESIAN_POINT('',(0.03471,0.054492,0.005));
#2490=CARTESIAN_POINT('',(0.0311379805153394,0.0580640194846606,0.005));
#2491=CARTESIAN_POINT('',(0.0275659610306789,0.0616360389693212,0.005));
#2492=CARTESIAN_POINT('',(0.0275659610306789,0.0636360389693212,0.005));
#2493=CARTESIAN_POINT('',(0.0282730678118654,0.0663431457505077,0.005));
#2494=CARTESIAN_POINT('',(0.0282730678118654,0.0663431457505077,0.006));
#2495=CARTESIAN_POINT('',(0.0268588542494924,0.0638431457505077,0.006));
#2496=CARTESIAN_POINT('',(0.0268588542494924,0.0613431457505077,0.006));
#2497=CARTESIAN_POINT('',(0.0268588542494924,0.0613431457505077,0.0085));
#2498=CARTESIAN_POINT('',(0.0268588542494924,0.0613431457505077,-0.003));
#2499=CARTESIAN_POINT('',(0.0268588542494924,0.0663431457505077,0.0085));
#2500=CARTESIAN_POINT('',(0.0268588542494924,0.0663431457505077,-0.003));
#2501=CARTESIAN_POINT('',(0.0268588542494924,0.0663431457505077,-0.003));
#2502=CARTESIAN_POINT('',(0.0268588542494924,0.0638431457505077,-0.003));
#2503=CARTESIAN_POINT('',(0.0272124076400856,0.0609895923599144,0.006));
#2504=CARTESIAN_POINT('',(0.0272124076400856,0.0609895923599144,0.0085));
#2505=CARTESIAN_POINT('',(0.0272124076400856,0.0609895923599144,-0.003));
#2506=CARTESIAN_POINT('',(0.03871,0.049492,-0.003));
#2507=CARTESIAN_POINT('',(0.03871,0.049492,-0.003));
#2508=CARTESIAN_POINT('',(0.043875,0.0425,0.01));
#2509=CARTESIAN_POINT('',(0.043875,0.068577,0.01));
#2510=CARTESIAN_POINT('',(0.03721,0.068577,0.01));
#2511=CARTESIAN_POINT('',(0.064595,0.068577,0.01));
#2512=CARTESIAN_POINT('',(0.064595,0.0425,0.01));
#2513=CARTESIAN_POINT('',(0.064595,0.057992,0.01));
#2514=CARTESIAN_POINT('',(0.043875,0.057992,0.01));
#2515=CARTESIAN_POINT('',(0.03721,0.057992,0.01));
#2516=CARTESIAN_POINT('',(0.03721,0.0425,0.01));
#2517=CARTESIAN_POINT('',(0.001794,0.0425,0.01));
#2518=CARTESIAN_POINT('',(0.001794,0.0469217513126676,0.01));
#2519=CARTESIAN_POINT('',(0.001794,0.0706213203435597,0.01));
#2520=CARTESIAN_POINT('',(0.00423333982822018,0.0730606601717799,0.01));
#2521=CARTESIAN_POINT('',(0.00467267965644037,0.0735,0.01));
#2522=CARTESIAN_POINT('',(0.021202,0.0735,0.01));
#2523=CARTESIAN_POINT('',(0.0218233203435596,0.0735,0.01));
#2524=CARTESIAN_POINT('',(0.0279195144212722,0.0674038059222875,0.01));
#2525=CARTESIAN_POINT('',(0.0283588542494923,0.0669644660940673,0.01));
#2526=CARTESIAN_POINT('',(0.0283588542494923,0.0613431457505077,0.01));
#2527=CARTESIAN_POINT('',(0.0283588542494923,0.0619644660940673,0.01));
#2528=CARTESIAN_POINT('',(0.0458491601717799,0.04447416017178,0.01));
#2529=CARTESIAN_POINT('',(0.04021,0.0501133203435598,0.01));
#2530=CARTESIAN_POINT('',(0.04021,0.054492,0.01));
#2531=CARTESIAN_POINT('',(0.04021,0.055992,0.01));
#2532=CARTESIAN_POINT('',(0.08075,0.055992,0.01));
#2533=CARTESIAN_POINT('',(0.08225,0.055992,0.01));
#2534=CARTESIAN_POINT('',(0.08225,0.014,0.01));
#2535=CARTESIAN_POINT('',(0.08225,0.0125,0.01));
#2536=CARTESIAN_POINT('',(0.043875,0.0125,0.01));
#2537=CARTESIAN_POINT('',(0.02125,0.0125,0.01));
#2538=CARTESIAN_POINT('',(0.02125,0.0425,0.01));
#2539=CARTESIAN_POINT('',(0.02125,0.036155,0.01));
#2540=CARTESIAN_POINT('',(0.043875,0.036155,0.01));
#2541=CARTESIAN_POINT('',(0.0370886796564404,0.036155,0.01));
#2542=CARTESIAN_POINT('',(0.0436543398282201,0.0427206601717799,0.01));
#2543=CARTESIAN_POINT('',(0.04021,0.0392763203435596,0.01));
#2544=CARTESIAN_POINT('',(0.04021,0.054492,0.01));
#2545=CARTESIAN_POINT('',(0.04021,0.0419217513126676,0.01));
#2546=CARTESIAN_POINT('',(0.0377706601717799,0.0394824114844474,0.01));
#2547=CARTESIAN_POINT('',(0.0373313203435596,0.0390430716562272,0.01));
#2548=CARTESIAN_POINT('',(0.043875,0.0390430716562272,0.01));
#2549=CARTESIAN_POINT('',(0.00967267965644035,0.0390430716562272,0.01));
#2550=CARTESIAN_POINT('',(0.0250453756563338,0.0236703756563338,0.01));
#2551=CARTESIAN_POINT('',(0.0017481601717798,0.0846268398282202,0.01));
#2552=CARTESIAN_POINT('',(0.000621320343559635,0.0835,0.01));
#2553=CARTESIAN_POINT('',(-0.0085,0.0743786796564404,0.01));
#2554=CARTESIAN_POINT('',(-0.0085,0.01,0.01));
#2555=CARTESIAN_POINT('',(-0.0085,0.0106213203435596,0.01));
#2556=CARTESIAN_POINT('',(0.00106066017177982,0.00106066017177982,0.01));
#2557=CARTESIAN_POINT('',(0.000621320343559634,0.0015,0.01));
#2558=CARTESIAN_POINT('',(0.08775,0.0015,0.01));
#2559=CARTESIAN_POINT('',(0.0871286796564404,0.0015,0.01));
#2560=CARTESIAN_POINT('',(0.0860018398282202,0.000373160171779831,0.01));
#2561=CARTESIAN_POINT('',(0.09625,0.0106213203435596,0.01));
#2562=CARTESIAN_POINT('',(0.09625,0.075,0.01));
#2563=CARTESIAN_POINT('',(0.09625,0.0743786796564404,0.01));
#2564=CARTESIAN_POINT('',(0.0860018398282202,0.0846268398282202,0.01));
#2565=CARTESIAN_POINT('',(0.0871286796564404,0.0835,0.01));
#2566=CARTESIAN_POINT('',(0.,0.0835,0.01));
#2567=CARTESIAN_POINT('',(0.03671,0.054492,0.005));
#2568=CARTESIAN_POINT('',(0.03871,0.054492,-0.003));
#2569=CARTESIAN_POINT('',(0.03871,0.054492,-0.003));
#2570=CARTESIAN_POINT('',(0.03671,0.054492,-0.003));
#2571=CARTESIAN_POINT('',(0.03471,0.054492,-0.003));
#2572=CARTESIAN_POINT('',(0.03471,0.054492,0.005));
#2573=CARTESIAN_POINT('',(0.0311379805153394,0.0580640194846606,0.005));
#2574=CARTESIAN_POINT('',(0.0311379805153394,0.0580640194846606,-0.003));
#2575=CARTESIAN_POINT('',(0.0275659610306789,0.0616360389693212,-0.003));
#2576=CARTESIAN_POINT('',(0.0275659610306789,0.0616360389693212,0.005));
#2577=CARTESIAN_POINT('',(0.0275659610306789,0.0636360389693212,0.005));
#2578=CARTESIAN_POINT('',(0.0275659610306789,0.0636360389693212,-0.003));
#2579=CARTESIAN_POINT('',(0.0275659610306788,0.0656360389693212,-0.003));
#2580=CARTESIAN_POINT('',(0.0275659610306788,0.0656360389693212,-0.003));
#2581=CARTESIAN_POINT('',(0.03871,0.051992,-0.003));
#2582=CARTESIAN_POINT('',(0.03871,0.051992,-0.003));
#2583=CARTESIAN_POINT('',(0.0272124076400856,0.0659895923599144,-0.003));
#2584=CARTESIAN_POINT('',(0.0272124076400856,0.0659895923599144,-0.003));
#2585=CARTESIAN_POINT('',(0.043875,0.0425,-0.003));
#2586=CARTESIAN_POINT('',(0.08975,0.008,0.004));
#2587=CARTESIAN_POINT('',(0.08975,0.008,0.004));
#2588=CARTESIAN_POINT('',(0.09145,0.008,0.004));
#2589=CARTESIAN_POINT('',(0.043875,0.0425,0.004));
#2590=CARTESIAN_POINT('',(-0.002,0.077,0.004));
#2591=CARTESIAN_POINT('',(-0.002,0.077,0.004));
#2592=CARTESIAN_POINT('',(-0.0003,0.077,0.004));
#2593=CARTESIAN_POINT('',(0.043875,0.0425,0.004));
#2594=CARTESIAN_POINT('',(0.08975,0.077,0.004));
#2595=CARTESIAN_POINT('',(0.08975,0.077,0.004));
#2596=CARTESIAN_POINT('',(0.09145,0.077,0.004));
#2597=CARTESIAN_POINT('',(0.043875,0.0425,0.004));
#2598=CARTESIAN_POINT('',(-0.002,0.008,0.004));
#2599=CARTESIAN_POINT('',(-0.002,0.008,0.004));
#2600=CARTESIAN_POINT('',(-0.0003,0.008,0.004));
#2601=CARTESIAN_POINT('',(0.043875,0.0425,0.004));
#2602=CARTESIAN_POINT('',(0.03871,0.0632845,0.0085));
#2603=CARTESIAN_POINT('',(0.0399741666666667,0.0658128333333334,0.00723583333333333));
#2604=CARTESIAN_POINT('',(0.0427741666666667,0.0635561666666667,0.00443583333333334));
#2605=CARTESIAN_POINT('',(0.0509025,0.059492,0.0085));
#2606=CARTESIAN_POINT('',(0.0618308333333334,0.0607561666666667,0.00723583333333334));
#2607=CARTESIAN_POINT('',(0.0509025,0.067077,0.0085));
#2608=CARTESIAN_POINT('',(0.0618308333333333,0.0658128333333334,0.00723583333333333));
#2609=CARTESIAN_POINT('',(0.063095,0.0632845,0.0085));
#2610=CARTESIAN_POINT('',(0.00877383982822,0.0776011601717797,0.01));
#2611=CARTESIAN_POINT('',(0.00421443653993866,0.0746062967467226,0.0111062967467225));
#2612=CARTESIAN_POINT('',(0.00543575733985996,0.069112855062518,0.00635824266014005));
#2613=CARTESIAN_POINT('',(0.05175,0.014,0.0085));
#2614=CARTESIAN_POINT('',(0.0710833333333333,0.0236666666666667,-0.00116666666666666));
#2615=CARTESIAN_POINT('',(0.0220833333333334,0.0133333333333334,0.00916666666666667));
#2616=CARTESIAN_POINT('',(0.02275,0.012,0.0085));
#2617=CARTESIAN_POINT('',(0.0303016666666667,0.0271033333333334,0.000948333333333334));
#2618=CARTESIAN_POINT('',(0.003294,0.0587715358281136,0.0085));
#2619=CARTESIAN_POINT('',(0.00423813250186436,0.0479341441431767,0.00755586749813564));
#2620=CARTESIAN_POINT('',(0.043875,0.0735,0.01));
#2621=CARTESIAN_POINT('',(0.023565592097801,0.0777062160984291,0.014206216098429));
#2622=CARTESIAN_POINT('',(0.08225,0.0425,0.01));
#2623=CARTESIAN_POINT('',(0.0777526666666667,0.0514946666666667,0.00550266666666666));
#2624=CARTESIAN_POINT('',(0.03023,0.034655,0.0085));
#2625=CARTESIAN_POINT('',(0.0371190158697767,0.0360817619023325,0.00992676190233249));
#2626=CARTESIAN_POINT('',(0.006794,0.0440430716562272,0.0085));
#2627=CARTESIAN_POINT('',(0.0106675525357882,0.041444907254386,0.00759816440184117));
#2628=CARTESIAN_POINT('',(0.0483491601717798,0.0469741601717798,0.01));
#2629=CARTESIAN_POINT('',(0.0337512821190476,0.0691980828517558,0.0153924278695553));
#2630=CARTESIAN_POINT('',(0.043875,0.055992,0.01));
#2631=CARTESIAN_POINT('',(0.0414316666666667,0.0547703333333334,0.00877833333333334));
#2632=CARTESIAN_POINT('',(0.03971,0.036655,0.0085));
#2633=CARTESIAN_POINT('',(0.0411704957132204,0.0388784699925426,0.00903950428677963));
#2634=CARTESIAN_POINT('',(0.015022,0.0405430716562272,0.0085));
#2635=CARTESIAN_POINT('',(0.0367726113947525,0.0403919143778566,0.00865115727837057));
#2636=CARTESIAN_POINT('',(0.0283588542494923,0.0425,0.01));
#2637=CARTESIAN_POINT('',(0.0269542260344076,0.0613826500372873,0.00859537178491527));
#2638=CARTESIAN_POINT('',(0.04021,0.0425,0.01));
#2639=CARTESIAN_POINT('',(0.04021,0.054492,0.01));
#2640=CARTESIAN_POINT('',(0.0423316243436662,0.0440433756563338,0.01));
#2641=CARTESIAN_POINT('',(0.0369076776766358,0.0432896180063325,0.00669767767663575));
#2642=CARTESIAN_POINT('',(0.0272124076400856,0.0609895923599144,0.0085));
#2643=CARTESIAN_POINT('',(0.0391868589245764,0.0496895214338983,0.00897685892457634));
#2644=CARTESIAN_POINT('',(0.03871,0.051992,0.0085));
#2645=CARTESIAN_POINT('',(0.09625,0.0425,0.01));
#2646=CARTESIAN_POINT('',(0.09675,0.0745857864376269,0.0095));
#2647=CARTESIAN_POINT('',(0.0976738795325113,0.074968469869992,0.00857612046748872));
#2648=CARTESIAN_POINT('',(0.0901693468408462,0.0718599906498321,0.0160806531591537));
#2649=CARTESIAN_POINT('',(0.0964012392830509,0.0105586749813564,0.0098487607169491));
#2650=CARTESIAN_POINT('',(0.0976738795325113,0.010031530130008,0.00857612046748871));
#2651=CARTESIAN_POINT('',(0.09675,0.0104142135623731,0.0095));
#2652=CARTESIAN_POINT('',(0.09275,0.08,0.0085));
#2653=CARTESIAN_POINT('',(0.09675,0.0745857864376269,0.0095));
#2654=CARTESIAN_POINT('',(0.0873357864376269,0.084,0.0095));
#2655=CARTESIAN_POINT('',(0.087718469869992,0.0849238795325113,0.00857612046748871));
#2656=CARTESIAN_POINT('',(0.0871913250186436,0.0836512392830509,0.00984876071694911));
#2657=CARTESIAN_POINT('',(0.09275,0.005,0.0085));
#2658=CARTESIAN_POINT('',(0.09675,0.0104142135623731,0.0095));
#2659=CARTESIAN_POINT('',(0.0837112681255954,0.00975036126597629,0.0182503612659763));
#2660=CARTESIAN_POINT('',(0.087718469869992,7.61204674887186E-5,0.00857612046748872));
#2661=CARTESIAN_POINT('',(0.0873357864376269,0.001,0.0095));
#2662=CARTESIAN_POINT('',(0.043875,0.0835,0.01));
#2663=CARTESIAN_POINT('',(0.0873357864376269,0.084,0.0095));
#2664=CARTESIAN_POINT('',(0.000414213562373092,0.084,0.0095));
#2665=CARTESIAN_POINT('',(3.1530130008008E-5,0.0849238795325113,0.00857612046748871));
#2666=CARTESIAN_POINT('',(0.0040387318744046,0.0752496387340238,0.0182503612659762));
#2667=CARTESIAN_POINT('',(0.043875,0.0015,0.01));
#2668=CARTESIAN_POINT('',(0.0873357864376269,0.001,0.0095));
#2669=CARTESIAN_POINT('',(0.000495412899555128,0.00119603254108059,0.00969603254108059));
#2670=CARTESIAN_POINT('',(3.1530130008005E-5,7.61204674887142E-5,0.00857612046748871));
#2671=CARTESIAN_POINT('',(0.000414213562373096,0.001,0.0095));
#2672=CARTESIAN_POINT('',(-0.005,0.08,0.0085));
#2673=CARTESIAN_POINT('',(-0.009,0.0745857864376269,0.0095));
#2674=CARTESIAN_POINT('',(-0.00992387953251128,0.074968469869992,0.00857612046748872));
#2675=CARTESIAN_POINT('',(-0.0086512392830509,0.0744413250186436,0.0098487607169491));
#2676=CARTESIAN_POINT('',(0.000414213562373092,0.084,0.0095));
#2677=CARTESIAN_POINT('',(0.00174816017177982,0.000373160171779817,0.01));
#2678=CARTESIAN_POINT('',(0.000414213562373096,0.001,0.0095));
#2679=CARTESIAN_POINT('',(-0.00573553682786022,0.0117663984821409,0.0127644631721398));
#2680=CARTESIAN_POINT('',(-0.00992387953251129,0.010031530130008,0.00857612046748871));
#2681=CARTESIAN_POINT('',(-0.009,0.0104142135623731,0.0095));
#2682=CARTESIAN_POINT('',(-0.0085,0.0425,0.01));
#2683=CARTESIAN_POINT('',(-0.009,0.0104142135623731,0.0095));
#2684=CARTESIAN_POINT('',(-0.009,0.0745857864376269,0.0095));
#2685=CARTESIAN_POINT('',(0.09675,0.0745857864376269,0.006));
#2686=CARTESIAN_POINT('',(0.0873357864376269,0.084,0.006));
#2687=CARTESIAN_POINT('',(0.09675,0.0104142135623731,0.006));
#2688=CARTESIAN_POINT('',(0.0873357864376269,0.001,0.006));
#2689=CARTESIAN_POINT('',(0.000414213562373096,0.001,0.006));
#2690=CARTESIAN_POINT('',(-0.009,0.0104142135623731,0.006));
#2691=CARTESIAN_POINT('',(-0.009,0.0745857864376269,0.006));
#2692=CARTESIAN_POINT('',(0.000414213562373092,0.084,0.006));
#2693=MECHANICAL_DESIGN_GEOMETRIC_PRESENTATION_REPRESENTATION('',(#1651),
#2694);
#2694=(
GEOMETRIC_REPRESENTATION_CONTEXT(3)
GLOBAL_UNCERTAINTY_ASSIGNED_CONTEXT((#2695))
GLOBAL_UNIT_ASSIGNED_CONTEXT((#2698,#2697,#2696))
REPRESENTATION_CONTEXT('Part 1','TOP_LEVEL_ASSEMBLY_PART')
);
#2695=UNCERTAINTY_MEASURE_WITH_UNIT(LENGTH_MEASURE(1.E-8),#2698,
'DISTANCE_ACCURACY_VALUE','Maximum Tolerance applied to model');
#2696=(
NAMED_UNIT(*)
SI_UNIT($,.STERADIAN.)
SOLID_ANGLE_UNIT()
);
#2697=(
NAMED_UNIT(*)
PLANE_ANGLE_UNIT()
SI_UNIT($,.RADIAN.)
);
#2698=(
LENGTH_UNIT()
NAMED_UNIT(*)
SI_UNIT($,.METRE.)
);
#2699=PRODUCT_DEFINITION_SHAPE('','',#2700);
#2700=PRODUCT_DEFINITION('','',#2702,#2701);
#2701=PRODUCT_DEFINITION_CONTEXT('',#2708,'design');
#2702=PRODUCT_DEFINITION_FORMATION_WITH_SPECIFIED_SOURCE('','',#2704,
 .NOT_KNOWN.);
#2703=PRODUCT_RELATED_PRODUCT_CATEGORY('','',(#2704));
#2704=PRODUCT('Part 1','Part 1','Part 1',(#2706));
#2705=PRODUCT_CATEGORY('','');
#2706=PRODUCT_CONTEXT('',#2708,'mechanical');
#2707=APPLICATION_PROTOCOL_DEFINITION('international standard',
'ap242_managed_model_based_3d_engineering',2020,#2708);
#2708=APPLICATION_CONTEXT('managed model based 3d engineering');
ENDSEC;
END-ISO-10303-21;
