ISO-10303-21;
HEADER;
/* Generated by software containing ST-Developer
 * from STEP Tools, Inc. (www.steptools.com) 
 */
/* OPTION: using custom renumber hook */

FILE_DESCRIPTION(
/* description */ ('STEP AP242 Edition 2',
'CAx-IF Rec.Pracs.---Representation and Presentation of Product Manufa
cturing Information (PMI)---4.0---2014-10-13',
'CAx-IF Rec.Pracs.---3D Tessellated Geometry---0.4---2014-09-14','2;1',
'CAx-IF Rec.Pracs.---User Defined Attributes---1.5---2016-08-15'),
/* implementation_level */ '2;1');

FILE_NAME(
/* name */ 'In between shell-',
/* time_stamp */ '2026-08-20T01:02:47Z',
/* author */ (''),
/* organization */ (''),
/* preprocessor_version */ 'ST-DEVELOPER v20',
/* originating_system */ 'ONSHAPE BY PTC INC, 1.219',
/* authorisation */ '  ');

FILE_SCHEMA (('AP242_MANAGED_MODEL_BASED_3D_ENGINEERING_MIM_LF { 1 0 10303 442 3 1 4 }'));
ENDSEC;

DATA;
#10=SHAPE_REPRESENTATION_RELATIONSHIP('','',#1669,#11);
#11=ADVANCED_BREP_SHAPE_REPRESENTATION('',(#1667),#2767);
#12=CYLINDRICAL_SURFACE('',#1715,0.0005);
#13=CYLINDRICAL_SURFACE('',#1718,0.0005);
#14=CYLINDRICAL_SURFACE('',#1721,0.0005);
#15=CYLINDRICAL_SURFACE('',#1724,0.0005);
#16=CYLINDRICAL_SURFACE('',#1727,0.0005);
#17=CYLINDRICAL_SURFACE('',#1730,0.0005);
#18=CYLINDRICAL_SURFACE('',#1733,0.0005);
#19=CYLINDRICAL_SURFACE('',#1736,0.000500000000000007);
#20=CYLINDRICAL_SURFACE('',#1739,0.0005);
#21=CYLINDRICAL_SURFACE('',#1742,0.0005);
#22=CYLINDRICAL_SURFACE('',#1745,0.0005);
#23=CYLINDRICAL_SURFACE('',#1747,0.0005);
#24=CYLINDRICAL_SURFACE('',#1750,0.0005);
#25=CYLINDRICAL_SURFACE('',#1753,0.0005);
#26=CYLINDRICAL_SURFACE('',#1756,0.0005);
#27=CYLINDRICAL_SURFACE('',#1758,0.0005);
#28=CYLINDRICAL_SURFACE('',#1761,0.0005);
#29=CYLINDRICAL_SURFACE('',#1764,0.0005);
#30=CYLINDRICAL_SURFACE('',#1767,0.0005);
#31=CYLINDRICAL_SURFACE('',#1783,0.0005);
#32=CYLINDRICAL_SURFACE('',#1785,0.003);
#33=CYLINDRICAL_SURFACE('',#1787,0.003);
#34=CYLINDRICAL_SURFACE('',#1792,0.0017);
#35=CYLINDRICAL_SURFACE('',#1794,0.0017);
#36=CYLINDRICAL_SURFACE('',#1796,0.0017);
#37=CYLINDRICAL_SURFACE('',#1798,0.0017);
#38=CYLINDRICAL_SURFACE('',#1811,0.001);
#39=CYLINDRICAL_SURFACE('',#1812,0.001);
#40=CYLINDRICAL_SURFACE('',#1813,0.001);
#41=CYLINDRICAL_SURFACE('',#1814,0.001);
#42=CYLINDRICAL_SURFACE('',#1815,0.001);
#43=CYLINDRICAL_SURFACE('',#1816,0.001);
#44=CYLINDRICAL_SURFACE('',#1817,0.001);
#45=CYLINDRICAL_SURFACE('',#1818,0.001);
#46=CIRCLE('',#1673,0.0017);
#47=CIRCLE('',#1674,0.0017);
#48=CIRCLE('',#1675,0.0017);
#49=CIRCLE('',#1676,0.0017);
#50=CIRCLE('',#1677,0.0005);
#51=CIRCLE('',#1678,0.0005);
#52=CIRCLE('',#1679,0.0005);
#53=CIRCLE('',#1680,0.0005);
#54=CIRCLE('',#1681,0.0005);
#55=CIRCLE('',#1682,0.0005);
#56=CIRCLE('',#1683,0.0005);
#57=CIRCLE('',#1684,0.0005);
#58=CIRCLE('',#1685,0.000500000000000007);
#59=CIRCLE('',#1686,0.0005);
#60=CIRCLE('',#1687,0.0005);
#61=CIRCLE('',#1688,0.0005);
#62=CIRCLE('',#1689,0.003);
#63=CIRCLE('',#1690,0.003);
#64=CIRCLE('',#1691,0.0005);
#65=CIRCLE('',#1692,0.0005);
#66=CIRCLE('',#1693,0.0005);
#67=CIRCLE('',#1694,0.0005);
#68=CIRCLE('',#1695,0.0005);
#69=CIRCLE('',#1696,0.0005);
#70=CIRCLE('',#1697,0.0005);
#71=CIRCLE('',#1698,0.0005);
#72=CIRCLE('',#1699,0.001);
#73=CIRCLE('',#1700,0.001);
#74=CIRCLE('',#1701,0.001);
#75=CIRCLE('',#1702,0.001);
#76=CIRCLE('',#1703,0.001);
#77=CIRCLE('',#1704,0.001);
#78=CIRCLE('',#1705,0.001);
#79=CIRCLE('',#1706,0.001);
#80=CIRCLE('',#1716,0.0005);
#81=CIRCLE('',#1719,0.0005);
#82=CIRCLE('',#1722,0.0005);
#83=CIRCLE('',#1725,0.0005);
#84=CIRCLE('',#1728,0.0005);
#85=CIRCLE('',#1731,0.0005);
#86=CIRCLE('',#1734,0.0005);
#87=CIRCLE('',#1737,0.000500000000000007);
#88=CIRCLE('',#1740,0.0005);
#89=CIRCLE('',#1743,0.0005);
#90=CIRCLE('',#1746,0.0005);
#91=CIRCLE('',#1748,0.0005);
#92=CIRCLE('',#1751,0.0005);
#93=CIRCLE('',#1754,0.0005);
#94=CIRCLE('',#1757,0.0005);
#95=CIRCLE('',#1759,0.0005);
#96=CIRCLE('',#1762,0.0005);
#97=CIRCLE('',#1765,0.0005);
#98=CIRCLE('',#1768,0.0005);
#99=CIRCLE('',#1784,0.0005);
#100=CIRCLE('',#1786,0.003);
#101=CIRCLE('',#1788,0.003);
#102=CIRCLE('',#1793,0.0017);
#103=CIRCLE('',#1795,0.0017);
#104=CIRCLE('',#1797,0.0017);
#105=CIRCLE('',#1799,0.0017);
#106=CIRCLE('',#1803,0.001);
#107=CIRCLE('',#1804,0.001);
#108=CIRCLE('',#1805,0.001);
#109=CIRCLE('',#1806,0.001);
#110=CIRCLE('',#1807,0.001);
#111=CIRCLE('',#1808,0.001);
#112=CIRCLE('',#1809,0.001);
#113=CIRCLE('',#1810,0.001);
#114=ORIENTED_EDGE('',*,*,#582,.T.);
#115=ORIENTED_EDGE('',*,*,#583,.T.);
#116=ORIENTED_EDGE('',*,*,#584,.F.);
#117=ORIENTED_EDGE('',*,*,#585,.F.);
#118=ORIENTED_EDGE('',*,*,#586,.F.);
#119=ORIENTED_EDGE('',*,*,#587,.F.);
#120=ORIENTED_EDGE('',*,*,#588,.F.);
#121=ORIENTED_EDGE('',*,*,#589,.F.);
#122=ORIENTED_EDGE('',*,*,#590,.F.);
#123=ORIENTED_EDGE('',*,*,#591,.F.);
#124=ORIENTED_EDGE('',*,*,#592,.F.);
#125=ORIENTED_EDGE('',*,*,#593,.T.);
#126=ORIENTED_EDGE('',*,*,#594,.F.);
#127=ORIENTED_EDGE('',*,*,#595,.T.);
#128=ORIENTED_EDGE('',*,*,#596,.F.);
#129=ORIENTED_EDGE('',*,*,#597,.F.);
#130=ORIENTED_EDGE('',*,*,#598,.F.);
#131=ORIENTED_EDGE('',*,*,#599,.F.);
#132=ORIENTED_EDGE('',*,*,#600,.F.);
#133=ORIENTED_EDGE('',*,*,#601,.T.);
#134=ORIENTED_EDGE('',*,*,#602,.F.);
#135=ORIENTED_EDGE('',*,*,#603,.T.);
#136=ORIENTED_EDGE('',*,*,#604,.F.);
#137=ORIENTED_EDGE('',*,*,#605,.F.);
#138=ORIENTED_EDGE('',*,*,#606,.F.);
#139=ORIENTED_EDGE('',*,*,#607,.T.);
#140=ORIENTED_EDGE('',*,*,#608,.F.);
#141=ORIENTED_EDGE('',*,*,#609,.F.);
#142=ORIENTED_EDGE('',*,*,#610,.F.);
#143=ORIENTED_EDGE('',*,*,#611,.F.);
#144=ORIENTED_EDGE('',*,*,#612,.F.);
#145=ORIENTED_EDGE('',*,*,#613,.T.);
#146=ORIENTED_EDGE('',*,*,#614,.F.);
#147=ORIENTED_EDGE('',*,*,#615,.F.);
#148=ORIENTED_EDGE('',*,*,#616,.F.);
#149=ORIENTED_EDGE('',*,*,#617,.F.);
#150=ORIENTED_EDGE('',*,*,#618,.F.);
#151=ORIENTED_EDGE('',*,*,#619,.F.);
#152=ORIENTED_EDGE('',*,*,#620,.T.);
#153=ORIENTED_EDGE('',*,*,#621,.F.);
#154=ORIENTED_EDGE('',*,*,#622,.T.);
#155=ORIENTED_EDGE('',*,*,#623,.F.);
#156=ORIENTED_EDGE('',*,*,#624,.F.);
#157=ORIENTED_EDGE('',*,*,#625,.F.);
#158=ORIENTED_EDGE('',*,*,#626,.F.);
#159=ORIENTED_EDGE('',*,*,#627,.T.);
#160=ORIENTED_EDGE('',*,*,#628,.F.);
#161=ORIENTED_EDGE('',*,*,#629,.T.);
#162=ORIENTED_EDGE('',*,*,#630,.F.);
#163=ORIENTED_EDGE('',*,*,#631,.F.);
#164=ORIENTED_EDGE('',*,*,#632,.T.);
#165=ORIENTED_EDGE('',*,*,#633,.T.);
#166=ORIENTED_EDGE('',*,*,#582,.F.);
#167=ORIENTED_EDGE('',*,*,#634,.F.);
#168=ORIENTED_EDGE('',*,*,#635,.F.);
#169=ORIENTED_EDGE('',*,*,#636,.T.);
#170=ORIENTED_EDGE('',*,*,#637,.T.);
#171=ORIENTED_EDGE('',*,*,#638,.T.);
#172=ORIENTED_EDGE('',*,*,#639,.F.);
#173=ORIENTED_EDGE('',*,*,#640,.F.);
#174=ORIENTED_EDGE('',*,*,#641,.F.);
#175=ORIENTED_EDGE('',*,*,#642,.F.);
#176=ORIENTED_EDGE('',*,*,#643,.F.);
#177=ORIENTED_EDGE('',*,*,#644,.F.);
#178=ORIENTED_EDGE('',*,*,#645,.T.);
#179=ORIENTED_EDGE('',*,*,#646,.T.);
#180=ORIENTED_EDGE('',*,*,#647,.F.);
#181=ORIENTED_EDGE('',*,*,#648,.F.);
#182=ORIENTED_EDGE('',*,*,#649,.T.);
#183=ORIENTED_EDGE('',*,*,#650,.T.);
#184=ORIENTED_EDGE('',*,*,#651,.T.);
#185=ORIENTED_EDGE('',*,*,#652,.T.);
#186=ORIENTED_EDGE('',*,*,#653,.F.);
#187=ORIENTED_EDGE('',*,*,#654,.T.);
#188=ORIENTED_EDGE('',*,*,#655,.T.);
#189=ORIENTED_EDGE('',*,*,#656,.T.);
#190=ORIENTED_EDGE('',*,*,#657,.F.);
#191=ORIENTED_EDGE('',*,*,#658,.T.);
#192=ORIENTED_EDGE('',*,*,#659,.T.);
#193=ORIENTED_EDGE('',*,*,#660,.T.);
#194=ORIENTED_EDGE('',*,*,#661,.T.);
#195=ORIENTED_EDGE('',*,*,#662,.T.);
#196=ORIENTED_EDGE('',*,*,#663,.F.);
#197=ORIENTED_EDGE('',*,*,#664,.T.);
#198=ORIENTED_EDGE('',*,*,#665,.F.);
#199=ORIENTED_EDGE('',*,*,#632,.F.);
#200=ORIENTED_EDGE('',*,*,#666,.T.);
#201=ORIENTED_EDGE('',*,*,#667,.T.);
#202=ORIENTED_EDGE('',*,*,#653,.T.);
#203=ORIENTED_EDGE('',*,*,#668,.T.);
#204=ORIENTED_EDGE('',*,*,#669,.F.);
#205=ORIENTED_EDGE('',*,*,#670,.T.);
#206=ORIENTED_EDGE('',*,*,#655,.F.);
#207=ORIENTED_EDGE('',*,*,#671,.T.);
#208=ORIENTED_EDGE('',*,*,#672,.T.);
#209=ORIENTED_EDGE('',*,*,#673,.T.);
#210=ORIENTED_EDGE('',*,*,#674,.F.);
#211=ORIENTED_EDGE('',*,*,#675,.T.);
#212=ORIENTED_EDGE('',*,*,#657,.T.);
#213=ORIENTED_EDGE('',*,*,#676,.T.);
#214=ORIENTED_EDGE('',*,*,#677,.T.);
#215=ORIENTED_EDGE('',*,*,#678,.T.);
#216=ORIENTED_EDGE('',*,*,#659,.F.);
#217=ORIENTED_EDGE('',*,*,#679,.T.);
#218=ORIENTED_EDGE('',*,*,#661,.F.);
#219=ORIENTED_EDGE('',*,*,#680,.T.);
#220=ORIENTED_EDGE('',*,*,#681,.T.);
#221=ORIENTED_EDGE('',*,*,#682,.T.);
#222=ORIENTED_EDGE('',*,*,#683,.F.);
#223=ORIENTED_EDGE('',*,*,#684,.T.);
#224=ORIENTED_EDGE('',*,*,#663,.T.);
#225=ORIENTED_EDGE('',*,*,#685,.T.);
#226=ORIENTED_EDGE('',*,*,#649,.F.);
#227=ORIENTED_EDGE('',*,*,#686,.T.);
#228=ORIENTED_EDGE('',*,*,#687,.T.);
#229=ORIENTED_EDGE('',*,*,#688,.T.);
#230=ORIENTED_EDGE('',*,*,#689,.F.);
#231=ORIENTED_EDGE('',*,*,#690,.F.);
#232=ORIENTED_EDGE('',*,*,#624,.T.);
#233=ORIENTED_EDGE('',*,*,#691,.T.);
#234=ORIENTED_EDGE('',*,*,#692,.F.);
#235=ORIENTED_EDGE('',*,*,#693,.F.);
#236=ORIENTED_EDGE('',*,*,#625,.T.);
#237=ORIENTED_EDGE('',*,*,#690,.T.);
#238=ORIENTED_EDGE('',*,*,#694,.F.);
#239=ORIENTED_EDGE('',*,*,#695,.F.);
#240=ORIENTED_EDGE('',*,*,#626,.T.);
#241=ORIENTED_EDGE('',*,*,#693,.T.);
#242=ORIENTED_EDGE('',*,*,#696,.T.);
#243=ORIENTED_EDGE('',*,*,#697,.F.);
#244=ORIENTED_EDGE('',*,*,#627,.F.);
#245=ORIENTED_EDGE('',*,*,#695,.T.);
#246=ORIENTED_EDGE('',*,*,#698,.F.);
#247=ORIENTED_EDGE('',*,*,#699,.F.);
#248=ORIENTED_EDGE('',*,*,#628,.T.);
#249=ORIENTED_EDGE('',*,*,#697,.T.);
#250=ORIENTED_EDGE('',*,*,#700,.T.);
#251=ORIENTED_EDGE('',*,*,#701,.F.);
#252=ORIENTED_EDGE('',*,*,#629,.F.);
#253=ORIENTED_EDGE('',*,*,#699,.T.);
#254=ORIENTED_EDGE('',*,*,#702,.F.);
#255=ORIENTED_EDGE('',*,*,#703,.F.);
#256=ORIENTED_EDGE('',*,*,#630,.T.);
#257=ORIENTED_EDGE('',*,*,#701,.T.);
#258=ORIENTED_EDGE('',*,*,#704,.F.);
#259=ORIENTED_EDGE('',*,*,#705,.F.);
#260=ORIENTED_EDGE('',*,*,#616,.T.);
#261=ORIENTED_EDGE('',*,*,#706,.T.);
#262=ORIENTED_EDGE('',*,*,#707,.F.);
#263=ORIENTED_EDGE('',*,*,#708,.F.);
#264=ORIENTED_EDGE('',*,*,#617,.T.);
#265=ORIENTED_EDGE('',*,*,#705,.T.);
#266=ORIENTED_EDGE('',*,*,#709,.F.);
#267=ORIENTED_EDGE('',*,*,#710,.F.);
#268=ORIENTED_EDGE('',*,*,#618,.T.);
#269=ORIENTED_EDGE('',*,*,#708,.T.);
#270=ORIENTED_EDGE('',*,*,#711,.F.);
#271=ORIENTED_EDGE('',*,*,#712,.F.);
#272=ORIENTED_EDGE('',*,*,#619,.T.);
#273=ORIENTED_EDGE('',*,*,#710,.T.);
#274=ORIENTED_EDGE('',*,*,#713,.T.);
#275=ORIENTED_EDGE('',*,*,#714,.F.);
#276=ORIENTED_EDGE('',*,*,#620,.F.);
#277=ORIENTED_EDGE('',*,*,#712,.T.);
#278=ORIENTED_EDGE('',*,*,#715,.F.);
#279=ORIENTED_EDGE('',*,*,#716,.F.);
#280=ORIENTED_EDGE('',*,*,#621,.T.);
#281=ORIENTED_EDGE('',*,*,#714,.T.);
#282=ORIENTED_EDGE('',*,*,#717,.T.);
#283=ORIENTED_EDGE('',*,*,#718,.F.);
#284=ORIENTED_EDGE('',*,*,#622,.F.);
#285=ORIENTED_EDGE('',*,*,#716,.T.);
#286=ORIENTED_EDGE('',*,*,#719,.F.);
#287=ORIENTED_EDGE('',*,*,#720,.F.);
#288=ORIENTED_EDGE('',*,*,#606,.T.);
#289=ORIENTED_EDGE('',*,*,#721,.T.);
#290=ORIENTED_EDGE('',*,*,#722,.T.);
#291=ORIENTED_EDGE('',*,*,#723,.F.);
#292=ORIENTED_EDGE('',*,*,#607,.F.);
#293=ORIENTED_EDGE('',*,*,#720,.T.);
#294=ORIENTED_EDGE('',*,*,#724,.F.);
#295=ORIENTED_EDGE('',*,*,#725,.F.);
#296=ORIENTED_EDGE('',*,*,#608,.T.);
#297=ORIENTED_EDGE('',*,*,#723,.T.);
#298=ORIENTED_EDGE('',*,*,#726,.F.);
#299=ORIENTED_EDGE('',*,*,#727,.F.);
#300=ORIENTED_EDGE('',*,*,#609,.T.);
#301=ORIENTED_EDGE('',*,*,#725,.T.);
#302=ORIENTED_EDGE('',*,*,#728,.F.);
#303=ORIENTED_EDGE('',*,*,#729,.F.);
#304=ORIENTED_EDGE('',*,*,#610,.T.);
#305=ORIENTED_EDGE('',*,*,#727,.T.);
#306=ORIENTED_EDGE('',*,*,#730,.F.);
#307=ORIENTED_EDGE('',*,*,#731,.F.);
#308=ORIENTED_EDGE('',*,*,#611,.T.);
#309=ORIENTED_EDGE('',*,*,#729,.T.);
#310=ORIENTED_EDGE('',*,*,#732,.F.);
#311=ORIENTED_EDGE('',*,*,#733,.F.);
#312=ORIENTED_EDGE('',*,*,#612,.T.);
#313=ORIENTED_EDGE('',*,*,#731,.T.);
#314=ORIENTED_EDGE('',*,*,#734,.F.);
#315=ORIENTED_EDGE('',*,*,#735,.F.);
#316=ORIENTED_EDGE('',*,*,#598,.T.);
#317=ORIENTED_EDGE('',*,*,#736,.T.);
#318=ORIENTED_EDGE('',*,*,#737,.F.);
#319=ORIENTED_EDGE('',*,*,#738,.F.);
#320=ORIENTED_EDGE('',*,*,#599,.T.);
#321=ORIENTED_EDGE('',*,*,#735,.T.);
#322=ORIENTED_EDGE('',*,*,#739,.F.);
#323=ORIENTED_EDGE('',*,*,#740,.F.);
#324=ORIENTED_EDGE('',*,*,#600,.T.);
#325=ORIENTED_EDGE('',*,*,#738,.T.);
#326=ORIENTED_EDGE('',*,*,#741,.T.);
#327=ORIENTED_EDGE('',*,*,#742,.F.);
#328=ORIENTED_EDGE('',*,*,#601,.F.);
#329=ORIENTED_EDGE('',*,*,#740,.T.);
#330=ORIENTED_EDGE('',*,*,#743,.F.);
#331=ORIENTED_EDGE('',*,*,#744,.F.);
#332=ORIENTED_EDGE('',*,*,#602,.T.);
#333=ORIENTED_EDGE('',*,*,#742,.T.);
#334=ORIENTED_EDGE('',*,*,#745,.T.);
#335=ORIENTED_EDGE('',*,*,#746,.F.);
#336=ORIENTED_EDGE('',*,*,#603,.F.);
#337=ORIENTED_EDGE('',*,*,#744,.T.);
#338=ORIENTED_EDGE('',*,*,#747,.F.);
#339=ORIENTED_EDGE('',*,*,#748,.F.);
#340=ORIENTED_EDGE('',*,*,#604,.T.);
#341=ORIENTED_EDGE('',*,*,#746,.T.);
#342=ORIENTED_EDGE('',*,*,#749,.F.);
#343=ORIENTED_EDGE('',*,*,#750,.F.);
#344=ORIENTED_EDGE('',*,*,#590,.T.);
#345=ORIENTED_EDGE('',*,*,#751,.T.);
#346=ORIENTED_EDGE('',*,*,#752,.F.);
#347=ORIENTED_EDGE('',*,*,#753,.F.);
#348=ORIENTED_EDGE('',*,*,#591,.T.);
#349=ORIENTED_EDGE('',*,*,#750,.T.);
#350=ORIENTED_EDGE('',*,*,#754,.F.);
#351=ORIENTED_EDGE('',*,*,#755,.F.);
#352=ORIENTED_EDGE('',*,*,#592,.T.);
#353=ORIENTED_EDGE('',*,*,#753,.T.);
#354=ORIENTED_EDGE('',*,*,#756,.T.);
#355=ORIENTED_EDGE('',*,*,#757,.F.);
#356=ORIENTED_EDGE('',*,*,#593,.F.);
#357=ORIENTED_EDGE('',*,*,#755,.T.);
#358=ORIENTED_EDGE('',*,*,#758,.F.);
#359=ORIENTED_EDGE('',*,*,#759,.F.);
#360=ORIENTED_EDGE('',*,*,#594,.T.);
#361=ORIENTED_EDGE('',*,*,#757,.T.);
#362=ORIENTED_EDGE('',*,*,#760,.T.);
#363=ORIENTED_EDGE('',*,*,#761,.F.);
#364=ORIENTED_EDGE('',*,*,#595,.F.);
#365=ORIENTED_EDGE('',*,*,#759,.T.);
#366=ORIENTED_EDGE('',*,*,#762,.F.);
#367=ORIENTED_EDGE('',*,*,#763,.F.);
#368=ORIENTED_EDGE('',*,*,#596,.T.);
#369=ORIENTED_EDGE('',*,*,#761,.T.);
#370=ORIENTED_EDGE('',*,*,#764,.F.);
#371=ORIENTED_EDGE('',*,*,#765,.F.);
#372=ORIENTED_EDGE('',*,*,#643,.T.);
#373=ORIENTED_EDGE('',*,*,#766,.T.);
#374=ORIENTED_EDGE('',*,*,#767,.F.);
#375=ORIENTED_EDGE('',*,*,#768,.F.);
#376=ORIENTED_EDGE('',*,*,#644,.T.);
#377=ORIENTED_EDGE('',*,*,#765,.T.);
#378=ORIENTED_EDGE('',*,*,#769,.T.);
#379=ORIENTED_EDGE('',*,*,#770,.F.);
#380=ORIENTED_EDGE('',*,*,#645,.F.);
#381=ORIENTED_EDGE('',*,*,#768,.T.);
#382=ORIENTED_EDGE('',*,*,#771,.T.);
#383=ORIENTED_EDGE('',*,*,#772,.F.);
#384=ORIENTED_EDGE('',*,*,#646,.F.);
#385=ORIENTED_EDGE('',*,*,#770,.T.);
#386=ORIENTED_EDGE('',*,*,#773,.F.);
#387=ORIENTED_EDGE('',*,*,#647,.T.);
#388=ORIENTED_EDGE('',*,*,#772,.T.);
#389=ORIENTED_EDGE('',*,*,#774,.F.);
#390=ORIENTED_EDGE('',*,*,#775,.F.);
#391=ORIENTED_EDGE('',*,*,#776,.F.);
#392=ORIENTED_EDGE('',*,*,#634,.T.);
#393=ORIENTED_EDGE('',*,*,#585,.T.);
#394=ORIENTED_EDGE('',*,*,#777,.F.);
#395=ORIENTED_EDGE('',*,*,#778,.F.);
#396=ORIENTED_EDGE('',*,*,#635,.T.);
#397=ORIENTED_EDGE('',*,*,#776,.T.);
#398=ORIENTED_EDGE('',*,*,#779,.F.);
#399=ORIENTED_EDGE('',*,*,#636,.F.);
#400=ORIENTED_EDGE('',*,*,#778,.T.);
#401=ORIENTED_EDGE('',*,*,#780,.T.);
#402=ORIENTED_EDGE('',*,*,#781,.T.);
#403=ORIENTED_EDGE('',*,*,#782,.F.);
#404=ORIENTED_EDGE('',*,*,#637,.F.);
#405=ORIENTED_EDGE('',*,*,#779,.T.);
#406=ORIENTED_EDGE('',*,*,#783,.T.);
#407=ORIENTED_EDGE('',*,*,#784,.F.);
#408=ORIENTED_EDGE('',*,*,#638,.F.);
#409=ORIENTED_EDGE('',*,*,#782,.T.);
#410=ORIENTED_EDGE('',*,*,#785,.F.);
#411=ORIENTED_EDGE('',*,*,#786,.F.);
#412=ORIENTED_EDGE('',*,*,#639,.T.);
#413=ORIENTED_EDGE('',*,*,#784,.T.);
#414=ORIENTED_EDGE('',*,*,#787,.F.);
#415=ORIENTED_EDGE('',*,*,#788,.F.);
#416=ORIENTED_EDGE('',*,*,#640,.T.);
#417=ORIENTED_EDGE('',*,*,#786,.T.);
#418=ORIENTED_EDGE('',*,*,#789,.F.);
#419=ORIENTED_EDGE('',*,*,#790,.F.);
#420=ORIENTED_EDGE('',*,*,#641,.T.);
#421=ORIENTED_EDGE('',*,*,#788,.T.);
#422=ORIENTED_EDGE('',*,*,#791,.F.);
#423=ORIENTED_EDGE('',*,*,#691,.F.);
#424=ORIENTED_EDGE('',*,*,#631,.T.);
#425=ORIENTED_EDGE('',*,*,#703,.T.);
#426=ORIENTED_EDGE('',*,*,#792,.F.);
#427=ORIENTED_EDGE('',*,*,#706,.F.);
#428=ORIENTED_EDGE('',*,*,#623,.T.);
#429=ORIENTED_EDGE('',*,*,#718,.T.);
#430=ORIENTED_EDGE('',*,*,#615,.T.);
#431=ORIENTED_EDGE('',*,*,#793,.F.);
#432=ORIENTED_EDGE('',*,*,#614,.T.);
#433=ORIENTED_EDGE('',*,*,#794,.F.);
#434=ORIENTED_EDGE('',*,*,#795,.T.);
#435=ORIENTED_EDGE('',*,*,#721,.F.);
#436=ORIENTED_EDGE('',*,*,#613,.F.);
#437=ORIENTED_EDGE('',*,*,#733,.T.);
#438=ORIENTED_EDGE('',*,*,#796,.F.);
#439=ORIENTED_EDGE('',*,*,#736,.F.);
#440=ORIENTED_EDGE('',*,*,#605,.T.);
#441=ORIENTED_EDGE('',*,*,#748,.T.);
#442=ORIENTED_EDGE('',*,*,#797,.F.);
#443=ORIENTED_EDGE('',*,*,#751,.F.);
#444=ORIENTED_EDGE('',*,*,#597,.T.);
#445=ORIENTED_EDGE('',*,*,#763,.T.);
#446=ORIENTED_EDGE('',*,*,#589,.T.);
#447=ORIENTED_EDGE('',*,*,#798,.F.);
#448=ORIENTED_EDGE('',*,*,#588,.T.);
#449=ORIENTED_EDGE('',*,*,#799,.F.);
#450=ORIENTED_EDGE('',*,*,#587,.T.);
#451=ORIENTED_EDGE('',*,*,#800,.F.);
#452=ORIENTED_EDGE('',*,*,#586,.T.);
#453=ORIENTED_EDGE('',*,*,#801,.F.);
#454=ORIENTED_EDGE('',*,*,#802,.F.);
#455=ORIENTED_EDGE('',*,*,#766,.F.);
#456=ORIENTED_EDGE('',*,*,#642,.T.);
#457=ORIENTED_EDGE('',*,*,#790,.T.);
#458=ORIENTED_EDGE('',*,*,#803,.T.);
#459=ORIENTED_EDGE('',*,*,#804,.T.);
#460=ORIENTED_EDGE('',*,*,#651,.F.);
#461=ORIENTED_EDGE('',*,*,#805,.T.);
#462=ORIENTED_EDGE('',*,*,#801,.T.);
#463=ORIENTED_EDGE('',*,*,#800,.T.);
#464=ORIENTED_EDGE('',*,*,#799,.T.);
#465=ORIENTED_EDGE('',*,*,#798,.T.);
#466=ORIENTED_EDGE('',*,*,#749,.T.);
#467=ORIENTED_EDGE('',*,*,#797,.T.);
#468=ORIENTED_EDGE('',*,*,#762,.T.);
#469=ORIENTED_EDGE('',*,*,#760,.F.);
#470=ORIENTED_EDGE('',*,*,#758,.T.);
#471=ORIENTED_EDGE('',*,*,#756,.F.);
#472=ORIENTED_EDGE('',*,*,#754,.T.);
#473=ORIENTED_EDGE('',*,*,#752,.T.);
#474=ORIENTED_EDGE('',*,*,#734,.T.);
#475=ORIENTED_EDGE('',*,*,#796,.T.);
#476=ORIENTED_EDGE('',*,*,#747,.T.);
#477=ORIENTED_EDGE('',*,*,#745,.F.);
#478=ORIENTED_EDGE('',*,*,#743,.T.);
#479=ORIENTED_EDGE('',*,*,#741,.F.);
#480=ORIENTED_EDGE('',*,*,#739,.T.);
#481=ORIENTED_EDGE('',*,*,#737,.T.);
#482=ORIENTED_EDGE('',*,*,#719,.T.);
#483=ORIENTED_EDGE('',*,*,#795,.F.);
#484=ORIENTED_EDGE('',*,*,#732,.T.);
#485=ORIENTED_EDGE('',*,*,#730,.T.);
#486=ORIENTED_EDGE('',*,*,#728,.T.);
#487=ORIENTED_EDGE('',*,*,#726,.T.);
#488=ORIENTED_EDGE('',*,*,#724,.T.);
#489=ORIENTED_EDGE('',*,*,#722,.F.);
#490=ORIENTED_EDGE('',*,*,#794,.T.);
#491=ORIENTED_EDGE('',*,*,#793,.T.);
#492=ORIENTED_EDGE('',*,*,#704,.T.);
#493=ORIENTED_EDGE('',*,*,#792,.T.);
#494=ORIENTED_EDGE('',*,*,#717,.F.);
#495=ORIENTED_EDGE('',*,*,#715,.T.);
#496=ORIENTED_EDGE('',*,*,#713,.F.);
#497=ORIENTED_EDGE('',*,*,#711,.T.);
#498=ORIENTED_EDGE('',*,*,#709,.T.);
#499=ORIENTED_EDGE('',*,*,#707,.T.);
#500=ORIENTED_EDGE('',*,*,#689,.T.);
#501=ORIENTED_EDGE('',*,*,#791,.T.);
#502=ORIENTED_EDGE('',*,*,#702,.T.);
#503=ORIENTED_EDGE('',*,*,#700,.F.);
#504=ORIENTED_EDGE('',*,*,#698,.T.);
#505=ORIENTED_EDGE('',*,*,#696,.F.);
#506=ORIENTED_EDGE('',*,*,#694,.T.);
#507=ORIENTED_EDGE('',*,*,#692,.T.);
#508=ORIENTED_EDGE('',*,*,#687,.F.);
#509=ORIENTED_EDGE('',*,*,#806,.T.);
#510=ORIENTED_EDGE('',*,*,#774,.T.);
#511=ORIENTED_EDGE('',*,*,#771,.F.);
#512=ORIENTED_EDGE('',*,*,#769,.F.);
#513=ORIENTED_EDGE('',*,*,#767,.T.);
#514=ORIENTED_EDGE('',*,*,#764,.T.);
#515=ORIENTED_EDGE('',*,*,#802,.T.);
#516=ORIENTED_EDGE('',*,*,#789,.T.);
#517=ORIENTED_EDGE('',*,*,#787,.T.);
#518=ORIENTED_EDGE('',*,*,#785,.T.);
#519=ORIENTED_EDGE('',*,*,#783,.F.);
#520=ORIENTED_EDGE('',*,*,#781,.F.);
#521=ORIENTED_EDGE('',*,*,#780,.F.);
#522=ORIENTED_EDGE('',*,*,#777,.T.);
#523=ORIENTED_EDGE('',*,*,#775,.T.);
#524=ORIENTED_EDGE('',*,*,#584,.T.);
#525=ORIENTED_EDGE('',*,*,#807,.F.);
#526=ORIENTED_EDGE('',*,*,#667,.F.);
#527=ORIENTED_EDGE('',*,*,#808,.T.);
#528=ORIENTED_EDGE('',*,*,#683,.T.);
#529=ORIENTED_EDGE('',*,*,#809,.T.);
#530=ORIENTED_EDGE('',*,*,#681,.F.);
#531=ORIENTED_EDGE('',*,*,#810,.T.);
#532=ORIENTED_EDGE('',*,*,#677,.F.);
#533=ORIENTED_EDGE('',*,*,#811,.T.);
#534=ORIENTED_EDGE('',*,*,#674,.T.);
#535=ORIENTED_EDGE('',*,*,#812,.T.);
#536=ORIENTED_EDGE('',*,*,#672,.F.);
#537=ORIENTED_EDGE('',*,*,#813,.T.);
#538=ORIENTED_EDGE('',*,*,#669,.T.);
#539=ORIENTED_EDGE('',*,*,#814,.T.);
#540=ORIENTED_EDGE('',*,*,#803,.F.);
#541=ORIENTED_EDGE('',*,*,#815,.T.);
#542=ORIENTED_EDGE('',*,*,#660,.F.);
#543=ORIENTED_EDGE('',*,*,#678,.F.);
#544=ORIENTED_EDGE('',*,*,#810,.F.);
#545=ORIENTED_EDGE('',*,*,#680,.F.);
#546=ORIENTED_EDGE('',*,*,#658,.F.);
#547=ORIENTED_EDGE('',*,*,#675,.F.);
#548=ORIENTED_EDGE('',*,*,#811,.F.);
#549=ORIENTED_EDGE('',*,*,#679,.F.);
#550=ORIENTED_EDGE('',*,*,#664,.F.);
#551=ORIENTED_EDGE('',*,*,#684,.F.);
#552=ORIENTED_EDGE('',*,*,#808,.F.);
#553=ORIENTED_EDGE('',*,*,#666,.F.);
#554=ORIENTED_EDGE('',*,*,#662,.F.);
#555=ORIENTED_EDGE('',*,*,#682,.F.);
#556=ORIENTED_EDGE('',*,*,#809,.F.);
#557=ORIENTED_EDGE('',*,*,#685,.F.);
#558=ORIENTED_EDGE('',*,*,#652,.F.);
#559=ORIENTED_EDGE('',*,*,#804,.F.);
#560=ORIENTED_EDGE('',*,*,#814,.F.);
#561=ORIENTED_EDGE('',*,*,#668,.F.);
#562=ORIENTED_EDGE('',*,*,#650,.F.);
#563=ORIENTED_EDGE('',*,*,#688,.F.);
#564=ORIENTED_EDGE('',*,*,#815,.F.);
#565=ORIENTED_EDGE('',*,*,#805,.F.);
#566=ORIENTED_EDGE('',*,*,#654,.F.);
#567=ORIENTED_EDGE('',*,*,#670,.F.);
#568=ORIENTED_EDGE('',*,*,#813,.F.);
#569=ORIENTED_EDGE('',*,*,#671,.F.);
#570=ORIENTED_EDGE('',*,*,#656,.F.);
#571=ORIENTED_EDGE('',*,*,#673,.F.);
#572=ORIENTED_EDGE('',*,*,#812,.F.);
#573=ORIENTED_EDGE('',*,*,#676,.F.);
#574=ORIENTED_EDGE('',*,*,#648,.T.);
#575=ORIENTED_EDGE('',*,*,#773,.T.);
#576=ORIENTED_EDGE('',*,*,#806,.F.);
#577=ORIENTED_EDGE('',*,*,#686,.F.);
#578=ORIENTED_EDGE('',*,*,#665,.T.);
#579=ORIENTED_EDGE('',*,*,#807,.T.);
#580=ORIENTED_EDGE('',*,*,#583,.F.);
#581=ORIENTED_EDGE('',*,*,#633,.F.);
#582=EDGE_CURVE('',#816,#817,#976,.T.);
#583=EDGE_CURVE('',#817,#818,#977,.T.);
#584=EDGE_CURVE('',#819,#818,#978,.T.);
#585=EDGE_CURVE('',#816,#819,#979,.T.);
#586=EDGE_CURVE('',#820,#820,#46,.T.);
#587=EDGE_CURVE('',#821,#821,#47,.T.);
#588=EDGE_CURVE('',#822,#822,#48,.T.);
#589=EDGE_CURVE('',#823,#823,#49,.T.);
#590=EDGE_CURVE('',#824,#825,#50,.T.);
#591=EDGE_CURVE('',#826,#824,#980,.T.);
#592=EDGE_CURVE('',#827,#826,#51,.T.);
#593=EDGE_CURVE('',#827,#828,#981,.T.);
#594=EDGE_CURVE('',#829,#828,#52,.T.);
#595=EDGE_CURVE('',#829,#830,#982,.T.);
#596=EDGE_CURVE('',#831,#830,#53,.T.);
#597=EDGE_CURVE('',#825,#831,#983,.T.);
#598=EDGE_CURVE('',#832,#833,#54,.T.);
#599=EDGE_CURVE('',#834,#832,#984,.T.);
#600=EDGE_CURVE('',#835,#834,#55,.T.);
#601=EDGE_CURVE('',#835,#836,#985,.T.);
#602=EDGE_CURVE('',#837,#836,#56,.T.);
#603=EDGE_CURVE('',#837,#838,#986,.T.);
#604=EDGE_CURVE('',#839,#838,#57,.T.);
#605=EDGE_CURVE('',#833,#839,#987,.T.);
#606=EDGE_CURVE('',#840,#841,#58,.T.);
#607=EDGE_CURVE('',#840,#842,#988,.T.);
#608=EDGE_CURVE('',#843,#842,#59,.T.);
#609=EDGE_CURVE('',#844,#843,#989,.T.);
#610=EDGE_CURVE('',#845,#844,#60,.T.);
#611=EDGE_CURVE('',#846,#845,#990,.T.);
#612=EDGE_CURVE('',#847,#846,#61,.T.);
#613=EDGE_CURVE('',#847,#841,#991,.T.);
#614=EDGE_CURVE('',#848,#848,#62,.T.);
#615=EDGE_CURVE('',#849,#849,#63,.T.);
#616=EDGE_CURVE('',#850,#851,#992,.T.);
#617=EDGE_CURVE('',#852,#850,#64,.T.);
#618=EDGE_CURVE('',#853,#852,#993,.T.);
#619=EDGE_CURVE('',#854,#853,#65,.T.);
#620=EDGE_CURVE('',#854,#855,#994,.T.);
#621=EDGE_CURVE('',#856,#855,#66,.T.);
#622=EDGE_CURVE('',#856,#857,#995,.T.);
#623=EDGE_CURVE('',#851,#857,#67,.T.);
#624=EDGE_CURVE('',#858,#859,#68,.T.);
#625=EDGE_CURVE('',#860,#858,#996,.T.);
#626=EDGE_CURVE('',#861,#860,#69,.T.);
#627=EDGE_CURVE('',#861,#862,#997,.T.);
#628=EDGE_CURVE('',#863,#862,#70,.T.);
#629=EDGE_CURVE('',#863,#864,#998,.T.);
#630=EDGE_CURVE('',#865,#864,#71,.T.);
#631=EDGE_CURVE('',#859,#865,#999,.T.);
#632=EDGE_CURVE('',#866,#867,#1000,.T.);
#633=EDGE_CURVE('',#867,#817,#1001,.T.);
#634=EDGE_CURVE('',#868,#816,#1002,.T.);
#635=EDGE_CURVE('',#869,#868,#1003,.T.);
#636=EDGE_CURVE('',#869,#870,#1004,.T.);
#637=EDGE_CURVE('',#870,#871,#1005,.T.);
#638=EDGE_CURVE('',#871,#872,#1006,.T.);
#639=EDGE_CURVE('',#873,#872,#1007,.T.);
#640=EDGE_CURVE('',#874,#873,#1008,.T.);
#641=EDGE_CURVE('',#875,#874,#1009,.T.);
#642=EDGE_CURVE('',#876,#875,#1010,.T.);
#643=EDGE_CURVE('',#877,#876,#1011,.T.);
#644=EDGE_CURVE('',#878,#877,#1012,.T.);
#645=EDGE_CURVE('',#878,#879,#1013,.T.);
#646=EDGE_CURVE('',#879,#880,#1014,.T.);
#647=EDGE_CURVE('',#881,#880,#1015,.T.);
#648=EDGE_CURVE('',#882,#881,#1016,.T.);
#649=EDGE_CURVE('',#882,#883,#1017,.T.);
#650=EDGE_CURVE('',#883,#884,#72,.T.);
#651=EDGE_CURVE('',#884,#885,#1018,.T.);
#652=EDGE_CURVE('',#885,#886,#73,.T.);
#653=EDGE_CURVE('',#887,#886,#1019,.T.);
#654=EDGE_CURVE('',#887,#888,#74,.T.);
#655=EDGE_CURVE('',#888,#889,#1020,.T.);
#656=EDGE_CURVE('',#889,#890,#75,.T.);
#657=EDGE_CURVE('',#891,#890,#1021,.T.);
#658=EDGE_CURVE('',#891,#892,#76,.T.);
#659=EDGE_CURVE('',#892,#893,#1022,.T.);
#660=EDGE_CURVE('',#893,#894,#77,.T.);
#661=EDGE_CURVE('',#894,#895,#1023,.T.);
#662=EDGE_CURVE('',#895,#896,#78,.T.);
#663=EDGE_CURVE('',#897,#896,#1024,.T.);
#664=EDGE_CURVE('',#897,#866,#79,.T.);
#665=EDGE_CURVE('',#867,#898,#1025,.T.);
#666=EDGE_CURVE('',#866,#899,#1026,.T.);
#667=EDGE_CURVE('',#899,#898,#1027,.T.);
#668=EDGE_CURVE('',#886,#900,#1028,.T.);
#669=EDGE_CURVE('',#901,#900,#1029,.T.);
#670=EDGE_CURVE('',#901,#887,#1030,.F.);
#671=EDGE_CURVE('',#888,#902,#1031,.T.);
#672=EDGE_CURVE('',#902,#903,#1032,.T.);
#673=EDGE_CURVE('',#903,#889,#1033,.F.);
#674=EDGE_CURVE('',#904,#905,#1034,.T.);
#675=EDGE_CURVE('',#904,#891,#1035,.F.);
#676=EDGE_CURVE('',#890,#905,#1036,.T.);
#677=EDGE_CURVE('',#906,#907,#1037,.T.);
#678=EDGE_CURVE('',#907,#893,#1038,.F.);
#679=EDGE_CURVE('',#892,#906,#1039,.T.);
#680=EDGE_CURVE('',#894,#908,#1040,.T.);
#681=EDGE_CURVE('',#908,#909,#1041,.T.);
#682=EDGE_CURVE('',#909,#895,#1042,.F.);
#683=EDGE_CURVE('',#910,#911,#1043,.T.);
#684=EDGE_CURVE('',#910,#897,#1044,.F.);
#685=EDGE_CURVE('',#896,#911,#1045,.T.);
#686=EDGE_CURVE('',#882,#912,#1046,.T.);
#687=EDGE_CURVE('',#912,#913,#1047,.T.);
#688=EDGE_CURVE('',#913,#883,#1048,.F.);
#689=EDGE_CURVE('',#914,#915,#80,.T.);
#690=EDGE_CURVE('',#858,#914,#1049,.T.);
#691=EDGE_CURVE('',#859,#915,#1050,.T.);
#692=EDGE_CURVE('',#916,#914,#1051,.T.);
#693=EDGE_CURVE('',#860,#916,#1052,.T.);
#694=EDGE_CURVE('',#917,#916,#81,.T.);
#695=EDGE_CURVE('',#861,#917,#1053,.T.);
#696=EDGE_CURVE('',#917,#918,#1054,.T.);
#697=EDGE_CURVE('',#862,#918,#1055,.T.);
#698=EDGE_CURVE('',#919,#918,#82,.T.);
#699=EDGE_CURVE('',#863,#919,#1056,.T.);
#700=EDGE_CURVE('',#919,#920,#1057,.T.);
#701=EDGE_CURVE('',#864,#920,#1058,.T.);
#702=EDGE_CURVE('',#921,#920,#83,.T.);
#703=EDGE_CURVE('',#865,#921,#1059,.T.);
#704=EDGE_CURVE('',#922,#923,#1060,.T.);
#705=EDGE_CURVE('',#850,#922,#1061,.T.);
#706=EDGE_CURVE('',#851,#923,#1062,.T.);
#707=EDGE_CURVE('',#924,#922,#84,.T.);
#708=EDGE_CURVE('',#852,#924,#1063,.T.);
#709=EDGE_CURVE('',#925,#924,#1064,.T.);
#710=EDGE_CURVE('',#853,#925,#1065,.T.);
#711=EDGE_CURVE('',#926,#925,#85,.T.);
#712=EDGE_CURVE('',#854,#926,#1066,.T.);
#713=EDGE_CURVE('',#926,#927,#1067,.T.);
#714=EDGE_CURVE('',#855,#927,#1068,.T.);
#715=EDGE_CURVE('',#928,#927,#86,.T.);
#716=EDGE_CURVE('',#856,#928,#1069,.T.);
#717=EDGE_CURVE('',#928,#929,#1070,.T.);
#718=EDGE_CURVE('',#857,#929,#1071,.T.);
#719=EDGE_CURVE('',#930,#931,#87,.T.);
#720=EDGE_CURVE('',#840,#930,#1072,.T.);
#721=EDGE_CURVE('',#841,#931,#1073,.T.);
#722=EDGE_CURVE('',#930,#932,#1074,.T.);
#723=EDGE_CURVE('',#842,#932,#1075,.T.);
#724=EDGE_CURVE('',#933,#932,#88,.T.);
#725=EDGE_CURVE('',#843,#933,#1076,.T.);
#726=EDGE_CURVE('',#934,#933,#1077,.T.);
#727=EDGE_CURVE('',#844,#934,#1078,.T.);
#728=EDGE_CURVE('',#935,#934,#89,.T.);
#729=EDGE_CURVE('',#845,#935,#1079,.T.);
#730=EDGE_CURVE('',#936,#935,#1080,.T.);
#731=EDGE_CURVE('',#846,#936,#1081,.T.);
#732=EDGE_CURVE('',#937,#936,#90,.T.);
#733=EDGE_CURVE('',#847,#937,#1082,.T.);
#734=EDGE_CURVE('',#938,#939,#91,.T.);
#735=EDGE_CURVE('',#832,#938,#1083,.T.);
#736=EDGE_CURVE('',#833,#939,#1084,.T.);
#737=EDGE_CURVE('',#940,#938,#1085,.T.);
#738=EDGE_CURVE('',#834,#940,#1086,.T.);
#739=EDGE_CURVE('',#941,#940,#92,.T.);
#740=EDGE_CURVE('',#835,#941,#1087,.T.);
#741=EDGE_CURVE('',#941,#942,#1088,.T.);
#742=EDGE_CURVE('',#836,#942,#1089,.T.);
#743=EDGE_CURVE('',#943,#942,#93,.T.);
#744=EDGE_CURVE('',#837,#943,#1090,.T.);
#745=EDGE_CURVE('',#943,#944,#1091,.T.);
#746=EDGE_CURVE('',#838,#944,#1092,.T.);
#747=EDGE_CURVE('',#945,#944,#94,.T.);
#748=EDGE_CURVE('',#839,#945,#1093,.T.);
#749=EDGE_CURVE('',#946,#947,#95,.T.);
#750=EDGE_CURVE('',#824,#946,#1094,.T.);
#751=EDGE_CURVE('',#825,#947,#1095,.T.);
#752=EDGE_CURVE('',#948,#946,#1096,.T.);
#753=EDGE_CURVE('',#826,#948,#1097,.T.);
#754=EDGE_CURVE('',#949,#948,#96,.T.);
#755=EDGE_CURVE('',#827,#949,#1098,.T.);
#756=EDGE_CURVE('',#949,#950,#1099,.T.);
#757=EDGE_CURVE('',#828,#950,#1100,.T.);
#758=EDGE_CURVE('',#951,#950,#97,.T.);
#759=EDGE_CURVE('',#829,#951,#1101,.T.);
#760=EDGE_CURVE('',#951,#952,#1102,.T.);
#761=EDGE_CURVE('',#830,#952,#1103,.T.);
#762=EDGE_CURVE('',#953,#952,#98,.T.);
#763=EDGE_CURVE('',#831,#953,#1104,.T.);
#764=EDGE_CURVE('',#954,#955,#1105,.T.);
#765=EDGE_CURVE('',#877,#954,#1106,.T.);
#766=EDGE_CURVE('',#876,#955,#1107,.T.);
#767=EDGE_CURVE('',#956,#954,#1108,.T.);
#768=EDGE_CURVE('',#878,#956,#1109,.T.);
#769=EDGE_CURVE('',#956,#957,#1110,.T.);
#770=EDGE_CURVE('',#879,#957,#1111,.T.);
#771=EDGE_CURVE('',#957,#958,#1112,.T.);
#772=EDGE_CURVE('',#880,#958,#1113,.T.);
#773=EDGE_CURVE('',#881,#959,#1114,.T.);
#774=EDGE_CURVE('',#959,#958,#1115,.T.);
#775=EDGE_CURVE('',#960,#819,#1116,.T.);
#776=EDGE_CURVE('',#868,#960,#1117,.T.);
#777=EDGE_CURVE('',#961,#960,#1118,.T.);
#778=EDGE_CURVE('',#869,#961,#1119,.T.);
#779=EDGE_CURVE('',#870,#962,#1120,.T.);
#780=EDGE_CURVE('',#961,#962,#1121,.T.);
#781=EDGE_CURVE('',#962,#963,#1122,.T.);
#782=EDGE_CURVE('',#871,#963,#1123,.T.);
#783=EDGE_CURVE('',#963,#964,#1124,.T.);
#784=EDGE_CURVE('',#872,#964,#1125,.T.);
#785=EDGE_CURVE('',#965,#964,#1126,.T.);
#786=EDGE_CURVE('',#873,#965,#1127,.T.);
#787=EDGE_CURVE('',#966,#965,#1128,.T.);
#788=EDGE_CURVE('',#874,#966,#1129,.T.);
#789=EDGE_CURVE('',#967,#966,#1130,.T.);
#790=EDGE_CURVE('',#875,#967,#1131,.T.);
#791=EDGE_CURVE('',#915,#921,#1132,.T.);
#792=EDGE_CURVE('',#923,#929,#99,.T.);
#793=EDGE_CURVE('',#968,#968,#100,.T.);
#794=EDGE_CURVE('',#969,#969,#101,.T.);
#795=EDGE_CURVE('',#937,#931,#1133,.T.);
#796=EDGE_CURVE('',#939,#945,#1134,.T.);
#797=EDGE_CURVE('',#947,#953,#1135,.T.);
#798=EDGE_CURVE('',#970,#970,#102,.T.);
#799=EDGE_CURVE('',#971,#971,#103,.T.);
#800=EDGE_CURVE('',#972,#972,#104,.T.);
#801=EDGE_CURVE('',#973,#973,#105,.T.);
#802=EDGE_CURVE('',#955,#967,#1136,.T.);
#803=EDGE_CURVE('',#974,#975,#1137,.T.);
#804=EDGE_CURVE('',#975,#885,#1138,.F.);
#805=EDGE_CURVE('',#884,#974,#1139,.T.);
#806=EDGE_CURVE('',#912,#959,#1140,.T.);
#807=EDGE_CURVE('',#898,#818,#1141,.T.);
#808=EDGE_CURVE('',#899,#910,#106,.F.);
#809=EDGE_CURVE('',#911,#909,#107,.F.);
#810=EDGE_CURVE('',#908,#907,#108,.F.);
#811=EDGE_CURVE('',#906,#904,#109,.F.);
#812=EDGE_CURVE('',#905,#903,#110,.F.);
#813=EDGE_CURVE('',#902,#901,#111,.F.);
#814=EDGE_CURVE('',#900,#975,#112,.F.);
#815=EDGE_CURVE('',#974,#913,#113,.F.);
#816=VERTEX_POINT('',#2292);
#817=VERTEX_POINT('',#2293);
#818=VERTEX_POINT('',#2295);
#819=VERTEX_POINT('',#2297);
#820=VERTEX_POINT('',#2301);
#821=VERTEX_POINT('',#2303);
#822=VERTEX_POINT('',#2305);
#823=VERTEX_POINT('',#2307);
#824=VERTEX_POINT('',#2309);
#825=VERTEX_POINT('',#2310);
#826=VERTEX_POINT('',#2312);
#827=VERTEX_POINT('',#2314);
#828=VERTEX_POINT('',#2316);
#829=VERTEX_POINT('',#2318);
#830=VERTEX_POINT('',#2320);
#831=VERTEX_POINT('',#2322);
#832=VERTEX_POINT('',#2325);
#833=VERTEX_POINT('',#2326);
#834=VERTEX_POINT('',#2328);
#835=VERTEX_POINT('',#2330);
#836=VERTEX_POINT('',#2332);
#837=VERTEX_POINT('',#2334);
#838=VERTEX_POINT('',#2336);
#839=VERTEX_POINT('',#2338);
#840=VERTEX_POINT('',#2341);
#841=VERTEX_POINT('',#2342);
#842=VERTEX_POINT('',#2344);
#843=VERTEX_POINT('',#2346);
#844=VERTEX_POINT('',#2348);
#845=VERTEX_POINT('',#2350);
#846=VERTEX_POINT('',#2352);
#847=VERTEX_POINT('',#2354);
#848=VERTEX_POINT('',#2357);
#849=VERTEX_POINT('',#2359);
#850=VERTEX_POINT('',#2361);
#851=VERTEX_POINT('',#2362);
#852=VERTEX_POINT('',#2364);
#853=VERTEX_POINT('',#2366);
#854=VERTEX_POINT('',#2368);
#855=VERTEX_POINT('',#2370);
#856=VERTEX_POINT('',#2372);
#857=VERTEX_POINT('',#2374);
#858=VERTEX_POINT('',#2377);
#859=VERTEX_POINT('',#2378);
#860=VERTEX_POINT('',#2380);
#861=VERTEX_POINT('',#2382);
#862=VERTEX_POINT('',#2384);
#863=VERTEX_POINT('',#2386);
#864=VERTEX_POINT('',#2388);
#865=VERTEX_POINT('',#2390);
#866=VERTEX_POINT('',#2393);
#867=VERTEX_POINT('',#2394);
#868=VERTEX_POINT('',#2397);
#869=VERTEX_POINT('',#2399);
#870=VERTEX_POINT('',#2401);
#871=VERTEX_POINT('',#2403);
#872=VERTEX_POINT('',#2405);
#873=VERTEX_POINT('',#2407);
#874=VERTEX_POINT('',#2409);
#875=VERTEX_POINT('',#2411);
#876=VERTEX_POINT('',#2413);
#877=VERTEX_POINT('',#2415);
#878=VERTEX_POINT('',#2417);
#879=VERTEX_POINT('',#2419);
#880=VERTEX_POINT('',#2421);
#881=VERTEX_POINT('',#2423);
#882=VERTEX_POINT('',#2425);
#883=VERTEX_POINT('',#2427);
#884=VERTEX_POINT('',#2429);
#885=VERTEX_POINT('',#2431);
#886=VERTEX_POINT('',#2433);
#887=VERTEX_POINT('',#2435);
#888=VERTEX_POINT('',#2437);
#889=VERTEX_POINT('',#2439);
#890=VERTEX_POINT('',#2441);
#891=VERTEX_POINT('',#2443);
#892=VERTEX_POINT('',#2445);
#893=VERTEX_POINT('',#2447);
#894=VERTEX_POINT('',#2449);
#895=VERTEX_POINT('',#2451);
#896=VERTEX_POINT('',#2453);
#897=VERTEX_POINT('',#2455);
#898=VERTEX_POINT('',#2459);
#899=VERTEX_POINT('',#2461);
#900=VERTEX_POINT('',#2465);
#901=VERTEX_POINT('',#2467);
#902=VERTEX_POINT('',#2471);
#903=VERTEX_POINT('',#2473);
#904=VERTEX_POINT('',#2477);
#905=VERTEX_POINT('',#2478);
#906=VERTEX_POINT('',#2483);
#907=VERTEX_POINT('',#2484);
#908=VERTEX_POINT('',#2489);
#909=VERTEX_POINT('',#2491);
#910=VERTEX_POINT('',#2495);
#911=VERTEX_POINT('',#2496);
#912=VERTEX_POINT('',#2501);
#913=VERTEX_POINT('',#2503);
#914=VERTEX_POINT('',#2507);
#915=VERTEX_POINT('',#2508);
#916=VERTEX_POINT('',#2513);
#917=VERTEX_POINT('',#2517);
#918=VERTEX_POINT('',#2521);
#919=VERTEX_POINT('',#2525);
#920=VERTEX_POINT('',#2529);
#921=VERTEX_POINT('',#2533);
#922=VERTEX_POINT('',#2537);
#923=VERTEX_POINT('',#2538);
#924=VERTEX_POINT('',#2543);
#925=VERTEX_POINT('',#2547);
#926=VERTEX_POINT('',#2551);
#927=VERTEX_POINT('',#2555);
#928=VERTEX_POINT('',#2559);
#929=VERTEX_POINT('',#2563);
#930=VERTEX_POINT('',#2567);
#931=VERTEX_POINT('',#2568);
#932=VERTEX_POINT('',#2573);
#933=VERTEX_POINT('',#2577);
#934=VERTEX_POINT('',#2581);
#935=VERTEX_POINT('',#2585);
#936=VERTEX_POINT('',#2589);
#937=VERTEX_POINT('',#2593);
#938=VERTEX_POINT('',#2597);
#939=VERTEX_POINT('',#2598);
#940=VERTEX_POINT('',#2603);
#941=VERTEX_POINT('',#2607);
#942=VERTEX_POINT('',#2611);
#943=VERTEX_POINT('',#2615);
#944=VERTEX_POINT('',#2619);
#945=VERTEX_POINT('',#2623);
#946=VERTEX_POINT('',#2627);
#947=VERTEX_POINT('',#2628);
#948=VERTEX_POINT('',#2633);
#949=VERTEX_POINT('',#2637);
#950=VERTEX_POINT('',#2641);
#951=VERTEX_POINT('',#2645);
#952=VERTEX_POINT('',#2649);
#953=VERTEX_POINT('',#2653);
#954=VERTEX_POINT('',#2657);
#955=VERTEX_POINT('',#2658);
#956=VERTEX_POINT('',#2663);
#957=VERTEX_POINT('',#2667);
#958=VERTEX_POINT('',#2671);
#959=VERTEX_POINT('',#2675);
#960=VERTEX_POINT('',#2679);
#961=VERTEX_POINT('',#2683);
#962=VERTEX_POINT('',#2687);
#963=VERTEX_POINT('',#2691);
#964=VERTEX_POINT('',#2695);
#965=VERTEX_POINT('',#2699);
#966=VERTEX_POINT('',#2703);
#967=VERTEX_POINT('',#2707);
#968=VERTEX_POINT('',#2715);
#969=VERTEX_POINT('',#2718);
#970=VERTEX_POINT('',#2727);
#971=VERTEX_POINT('',#2730);
#972=VERTEX_POINT('',#2733);
#973=VERTEX_POINT('',#2736);
#974=VERTEX_POINT('',#2741);
#975=VERTEX_POINT('',#2742);
#976=LINE('',#2291,#1142);
#977=LINE('',#2294,#1143);
#978=LINE('',#2296,#1144);
#979=LINE('',#2298,#1145);
#980=LINE('',#2311,#1146);
#981=LINE('',#2315,#1147);
#982=LINE('',#2319,#1148);
#983=LINE('',#2323,#1149);
#984=LINE('',#2327,#1150);
#985=LINE('',#2331,#1151);
#986=LINE('',#2335,#1152);
#987=LINE('',#2339,#1153);
#988=LINE('',#2343,#1154);
#989=LINE('',#2347,#1155);
#990=LINE('',#2351,#1156);
#991=LINE('',#2355,#1157);
#992=LINE('',#2360,#1158);
#993=LINE('',#2365,#1159);
#994=LINE('',#2369,#1160);
#995=LINE('',#2373,#1161);
#996=LINE('',#2379,#1162);
#997=LINE('',#2383,#1163);
#998=LINE('',#2387,#1164);
#999=LINE('',#2391,#1165);
#1000=LINE('',#2392,#1166);
#1001=LINE('',#2395,#1167);
#1002=LINE('',#2396,#1168);
#1003=LINE('',#2398,#1169);
#1004=LINE('',#2400,#1170);
#1005=LINE('',#2402,#1171);
#1006=LINE('',#2404,#1172);
#1007=LINE('',#2406,#1173);
#1008=LINE('',#2408,#1174);
#1009=LINE('',#2410,#1175);
#1010=LINE('',#2412,#1176);
#1011=LINE('',#2414,#1177);
#1012=LINE('',#2416,#1178);
#1013=LINE('',#2418,#1179);
#1014=LINE('',#2420,#1180);
#1015=LINE('',#2422,#1181);
#1016=LINE('',#2424,#1182);
#1017=LINE('',#2426,#1183);
#1018=LINE('',#2430,#1184);
#1019=LINE('',#2434,#1185);
#1020=LINE('',#2438,#1186);
#1021=LINE('',#2442,#1187);
#1022=LINE('',#2446,#1188);
#1023=LINE('',#2450,#1189);
#1024=LINE('',#2454,#1190);
#1025=LINE('',#2458,#1191);
#1026=LINE('',#2460,#1192);
#1027=LINE('',#2462,#1193);
#1028=LINE('',#2464,#1194);
#1029=LINE('',#2466,#1195);
#1030=LINE('',#2468,#1196);
#1031=LINE('',#2470,#1197);
#1032=LINE('',#2472,#1198);
#1033=LINE('',#2474,#1199);
#1034=LINE('',#2476,#1200);
#1035=LINE('',#2479,#1201);
#1036=LINE('',#2480,#1202);
#1037=LINE('',#2482,#1203);
#1038=LINE('',#2485,#1204);
#1039=LINE('',#2486,#1205);
#1040=LINE('',#2488,#1206);
#1041=LINE('',#2490,#1207);
#1042=LINE('',#2492,#1208);
#1043=LINE('',#2494,#1209);
#1044=LINE('',#2497,#1210);
#1045=LINE('',#2498,#1211);
#1046=LINE('',#2500,#1212);
#1047=LINE('',#2502,#1213);
#1048=LINE('',#2504,#1214);
#1049=LINE('',#2509,#1215);
#1050=LINE('',#2510,#1216);
#1051=LINE('',#2512,#1217);
#1052=LINE('',#2514,#1218);
#1053=LINE('',#2518,#1219);
#1054=LINE('',#2520,#1220);
#1055=LINE('',#2522,#1221);
#1056=LINE('',#2526,#1222);
#1057=LINE('',#2528,#1223);
#1058=LINE('',#2530,#1224);
#1059=LINE('',#2534,#1225);
#1060=LINE('',#2536,#1226);
#1061=LINE('',#2539,#1227);
#1062=LINE('',#2540,#1228);
#1063=LINE('',#2544,#1229);
#1064=LINE('',#2546,#1230);
#1065=LINE('',#2548,#1231);
#1066=LINE('',#2552,#1232);
#1067=LINE('',#2554,#1233);
#1068=LINE('',#2556,#1234);
#1069=LINE('',#2560,#1235);
#1070=LINE('',#2562,#1236);
#1071=LINE('',#2564,#1237);
#1072=LINE('',#2569,#1238);
#1073=LINE('',#2570,#1239);
#1074=LINE('',#2572,#1240);
#1075=LINE('',#2574,#1241);
#1076=LINE('',#2578,#1242);
#1077=LINE('',#2580,#1243);
#1078=LINE('',#2582,#1244);
#1079=LINE('',#2586,#1245);
#1080=LINE('',#2588,#1246);
#1081=LINE('',#2590,#1247);
#1082=LINE('',#2594,#1248);
#1083=LINE('',#2599,#1249);
#1084=LINE('',#2600,#1250);
#1085=LINE('',#2602,#1251);
#1086=LINE('',#2604,#1252);
#1087=LINE('',#2608,#1253);
#1088=LINE('',#2610,#1254);
#1089=LINE('',#2612,#1255);
#1090=LINE('',#2616,#1256);
#1091=LINE('',#2618,#1257);
#1092=LINE('',#2620,#1258);
#1093=LINE('',#2624,#1259);
#1094=LINE('',#2629,#1260);
#1095=LINE('',#2630,#1261);
#1096=LINE('',#2632,#1262);
#1097=LINE('',#2634,#1263);
#1098=LINE('',#2638,#1264);
#1099=LINE('',#2640,#1265);
#1100=LINE('',#2642,#1266);
#1101=LINE('',#2646,#1267);
#1102=LINE('',#2648,#1268);
#1103=LINE('',#2650,#1269);
#1104=LINE('',#2654,#1270);
#1105=LINE('',#2656,#1271);
#1106=LINE('',#2659,#1272);
#1107=LINE('',#2660,#1273);
#1108=LINE('',#2662,#1274);
#1109=LINE('',#2664,#1275);
#1110=LINE('',#2666,#1276);
#1111=LINE('',#2668,#1277);
#1112=LINE('',#2670,#1278);
#1113=LINE('',#2672,#1279);
#1114=LINE('',#2674,#1280);
#1115=LINE('',#2676,#1281);
#1116=LINE('',#2678,#1282);
#1117=LINE('',#2680,#1283);
#1118=LINE('',#2682,#1284);
#1119=LINE('',#2684,#1285);
#1120=LINE('',#2686,#1286);
#1121=LINE('',#2688,#1287);
#1122=LINE('',#2690,#1288);
#1123=LINE('',#2692,#1289);
#1124=LINE('',#2694,#1290);
#1125=LINE('',#2696,#1291);
#1126=LINE('',#2698,#1292);
#1127=LINE('',#2700,#1293);
#1128=LINE('',#2702,#1294);
#1129=LINE('',#2704,#1295);
#1130=LINE('',#2706,#1296);
#1131=LINE('',#2708,#1297);
#1132=LINE('',#2710,#1298);
#1133=LINE('',#2720,#1299);
#1134=LINE('',#2722,#1300);
#1135=LINE('',#2724,#1301);
#1136=LINE('',#2738,#1302);
#1137=LINE('',#2740,#1303);
#1138=LINE('',#2743,#1304);
#1139=LINE('',#2744,#1305);
#1140=LINE('',#2746,#1306);
#1141=LINE('',#2747,#1307);
#1142=VECTOR('',#1825,1.);
#1143=VECTOR('',#1826,1.);
#1144=VECTOR('',#1827,1.);
#1145=VECTOR('',#1828,1.);
#1146=VECTOR('',#1841,1.);
#1147=VECTOR('',#1844,1.);
#1148=VECTOR('',#1847,1.);
#1149=VECTOR('',#1850,1.);
#1150=VECTOR('',#1853,1.);
#1151=VECTOR('',#1856,1.);
#1152=VECTOR('',#1859,1.);
#1153=VECTOR('',#1862,1.);
#1154=VECTOR('',#1865,1.);
#1155=VECTOR('',#1868,1.);
#1156=VECTOR('',#1871,1.);
#1157=VECTOR('',#1874,1.);
#1158=VECTOR('',#1879,1.);
#1159=VECTOR('',#1882,1.);
#1160=VECTOR('',#1885,1.);
#1161=VECTOR('',#1888,1.);
#1162=VECTOR('',#1893,1.);
#1163=VECTOR('',#1896,1.);
#1164=VECTOR('',#1899,1.);
#1165=VECTOR('',#1902,1.);
#1166=VECTOR('',#1903,1.);
#1167=VECTOR('',#1904,1.);
#1168=VECTOR('',#1905,1.);
#1169=VECTOR('',#1906,1.);
#1170=VECTOR('',#1907,1.);
#1171=VECTOR('',#1908,1.);
#1172=VECTOR('',#1909,1.);
#1173=VECTOR('',#1910,1.);
#1174=VECTOR('',#1911,1.);
#1175=VECTOR('',#1912,1.);
#1176=VECTOR('',#1913,1.);
#1177=VECTOR('',#1914,1.);
#1178=VECTOR('',#1915,1.);
#1179=VECTOR('',#1916,1.);
#1180=VECTOR('',#1917,1.);
#1181=VECTOR('',#1918,1.);
#1182=VECTOR('',#1919,1.);
#1183=VECTOR('',#1920,1.);
#1184=VECTOR('',#1923,1.);
#1185=VECTOR('',#1926,1.);
#1186=VECTOR('',#1929,1.);
#1187=VECTOR('',#1932,1.);
#1188=VECTOR('',#1935,1.);
#1189=VECTOR('',#1938,1.);
#1190=VECTOR('',#1941,1.);
#1191=VECTOR('',#1946,1.);
#1192=VECTOR('',#1947,1.);
#1193=VECTOR('',#1948,1.);
#1194=VECTOR('',#1951,1.);
#1195=VECTOR('',#1952,1.);
#1196=VECTOR('',#1953,1.);
#1197=VECTOR('',#1956,1.);
#1198=VECTOR('',#1957,1.);
#1199=VECTOR('',#1958,1.);
#1200=VECTOR('',#1961,1.);
#1201=VECTOR('',#1962,1.);
#1202=VECTOR('',#1963,1.);
#1203=VECTOR('',#1966,1.);
#1204=VECTOR('',#1967,1.);
#1205=VECTOR('',#1968,1.);
#1206=VECTOR('',#1971,1.);
#1207=VECTOR('',#1972,1.);
#1208=VECTOR('',#1973,1.);
#1209=VECTOR('',#1976,1.);
#1210=VECTOR('',#1977,1.);
#1211=VECTOR('',#1978,1.);
#1212=VECTOR('',#1981,1.);
#1213=VECTOR('',#1982,1.);
#1214=VECTOR('',#1983,1.);
#1215=VECTOR('',#1988,1.);
#1216=VECTOR('',#1989,1.);
#1217=VECTOR('',#1992,1.);
#1218=VECTOR('',#1993,1.);
#1219=VECTOR('',#1998,1.);
#1220=VECTOR('',#2001,1.);
#1221=VECTOR('',#2002,1.);
#1222=VECTOR('',#2007,1.);
#1223=VECTOR('',#2010,1.);
#1224=VECTOR('',#2011,1.);
#1225=VECTOR('',#2016,1.);
#1226=VECTOR('',#2019,1.);
#1227=VECTOR('',#2020,1.);
#1228=VECTOR('',#2021,1.);
#1229=VECTOR('',#2026,1.);
#1230=VECTOR('',#2029,1.);
#1231=VECTOR('',#2030,1.);
#1232=VECTOR('',#2035,1.);
#1233=VECTOR('',#2038,1.);
#1234=VECTOR('',#2039,1.);
#1235=VECTOR('',#2044,1.);
#1236=VECTOR('',#2047,1.);
#1237=VECTOR('',#2048,1.);
#1238=VECTOR('',#2053,1.);
#1239=VECTOR('',#2054,1.);
#1240=VECTOR('',#2057,1.);
#1241=VECTOR('',#2058,1.);
#1242=VECTOR('',#2063,1.);
#1243=VECTOR('',#2066,1.);
#1244=VECTOR('',#2067,1.);
#1245=VECTOR('',#2072,1.);
#1246=VECTOR('',#2075,1.);
#1247=VECTOR('',#2076,1.);
#1248=VECTOR('',#2081,1.);
#1249=VECTOR('',#2086,1.);
#1250=VECTOR('',#2087,1.);
#1251=VECTOR('',#2090,1.);
#1252=VECTOR('',#2091,1.);
#1253=VECTOR('',#2096,1.);
#1254=VECTOR('',#2099,1.);
#1255=VECTOR('',#2100,1.);
#1256=VECTOR('',#2105,1.);
#1257=VECTOR('',#2108,1.);
#1258=VECTOR('',#2109,1.);
#1259=VECTOR('',#2114,1.);
#1260=VECTOR('',#2119,1.);
#1261=VECTOR('',#2120,1.);
#1262=VECTOR('',#2123,1.);
#1263=VECTOR('',#2124,1.);
#1264=VECTOR('',#2129,1.);
#1265=VECTOR('',#2132,1.);
#1266=VECTOR('',#2133,1.);
#1267=VECTOR('',#2138,1.);
#1268=VECTOR('',#2141,1.);
#1269=VECTOR('',#2142,1.);
#1270=VECTOR('',#2147,1.);
#1271=VECTOR('',#2150,1.);
#1272=VECTOR('',#2151,1.);
#1273=VECTOR('',#2152,1.);
#1274=VECTOR('',#2155,1.);
#1275=VECTOR('',#2156,1.);
#1276=VECTOR('',#2159,1.);
#1277=VECTOR('',#2160,1.);
#1278=VECTOR('',#2163,1.);
#1279=VECTOR('',#2164,1.);
#1280=VECTOR('',#2167,1.);
#1281=VECTOR('',#2168,1.);
#1282=VECTOR('',#2171,1.);
#1283=VECTOR('',#2172,1.);
#1284=VECTOR('',#2175,1.);
#1285=VECTOR('',#2176,1.);
#1286=VECTOR('',#2179,1.);
#1287=VECTOR('',#2180,1.);
#1288=VECTOR('',#2183,1.);
#1289=VECTOR('',#2184,1.);
#1290=VECTOR('',#2187,1.);
#1291=VECTOR('',#2188,1.);
#1292=VECTOR('',#2191,1.);
#1293=VECTOR('',#2192,1.);
#1294=VECTOR('',#2195,1.);
#1295=VECTOR('',#2196,1.);
#1296=VECTOR('',#2199,1.);
#1297=VECTOR('',#2200,1.);
#1298=VECTOR('',#2203,1.);
#1299=VECTOR('',#2218,1.);
#1300=VECTOR('',#2221,1.);
#1301=VECTOR('',#2224,1.);
#1302=VECTOR('',#2243,1.);
#1303=VECTOR('',#2246,1.);
#1304=VECTOR('',#2247,1.);
#1305=VECTOR('',#2248,1.);
#1306=VECTOR('',#2251,1.);
#1307=VECTOR('',#2252,1.);
#1308=EDGE_LOOP('',(#114,#115,#116,#117));
#1309=EDGE_LOOP('',(#118));
#1310=EDGE_LOOP('',(#119));
#1311=EDGE_LOOP('',(#120));
#1312=EDGE_LOOP('',(#121));
#1313=EDGE_LOOP('',(#122,#123,#124,#125,#126,#127,#128,#129));
#1314=EDGE_LOOP('',(#130,#131,#132,#133,#134,#135,#136,#137));
#1315=EDGE_LOOP('',(#138,#139,#140,#141,#142,#143,#144,#145));
#1316=EDGE_LOOP('',(#146));
#1317=EDGE_LOOP('',(#147));
#1318=EDGE_LOOP('',(#148,#149,#150,#151,#152,#153,#154,#155));
#1319=EDGE_LOOP('',(#156,#157,#158,#159,#160,#161,#162,#163));
#1320=EDGE_LOOP('',(#164,#165,#166,#167,#168,#169,#170,#171,#172,#173,#174,
#175,#176,#177,#178,#179,#180,#181,#182,#183,#184,#185,#186,#187,#188,#189,
#190,#191,#192,#193,#194,#195,#196,#197));
#1321=EDGE_LOOP('',(#198,#199,#200,#201));
#1322=EDGE_LOOP('',(#202,#203,#204,#205));
#1323=EDGE_LOOP('',(#206,#207,#208,#209));
#1324=EDGE_LOOP('',(#210,#211,#212,#213));
#1325=EDGE_LOOP('',(#214,#215,#216,#217));
#1326=EDGE_LOOP('',(#218,#219,#220,#221));
#1327=EDGE_LOOP('',(#222,#223,#224,#225));
#1328=EDGE_LOOP('',(#226,#227,#228,#229));
#1329=EDGE_LOOP('',(#230,#231,#232,#233));
#1330=EDGE_LOOP('',(#234,#235,#236,#237));
#1331=EDGE_LOOP('',(#238,#239,#240,#241));
#1332=EDGE_LOOP('',(#242,#243,#244,#245));
#1333=EDGE_LOOP('',(#246,#247,#248,#249));
#1334=EDGE_LOOP('',(#250,#251,#252,#253));
#1335=EDGE_LOOP('',(#254,#255,#256,#257));
#1336=EDGE_LOOP('',(#258,#259,#260,#261));
#1337=EDGE_LOOP('',(#262,#263,#264,#265));
#1338=EDGE_LOOP('',(#266,#267,#268,#269));
#1339=EDGE_LOOP('',(#270,#271,#272,#273));
#1340=EDGE_LOOP('',(#274,#275,#276,#277));
#1341=EDGE_LOOP('',(#278,#279,#280,#281));
#1342=EDGE_LOOP('',(#282,#283,#284,#285));
#1343=EDGE_LOOP('',(#286,#287,#288,#289));
#1344=EDGE_LOOP('',(#290,#291,#292,#293));
#1345=EDGE_LOOP('',(#294,#295,#296,#297));
#1346=EDGE_LOOP('',(#298,#299,#300,#301));
#1347=EDGE_LOOP('',(#302,#303,#304,#305));
#1348=EDGE_LOOP('',(#306,#307,#308,#309));
#1349=EDGE_LOOP('',(#310,#311,#312,#313));
#1350=EDGE_LOOP('',(#314,#315,#316,#317));
#1351=EDGE_LOOP('',(#318,#319,#320,#321));
#1352=EDGE_LOOP('',(#322,#323,#324,#325));
#1353=EDGE_LOOP('',(#326,#327,#328,#329));
#1354=EDGE_LOOP('',(#330,#331,#332,#333));
#1355=EDGE_LOOP('',(#334,#335,#336,#337));
#1356=EDGE_LOOP('',(#338,#339,#340,#341));
#1357=EDGE_LOOP('',(#342,#343,#344,#345));
#1358=EDGE_LOOP('',(#346,#347,#348,#349));
#1359=EDGE_LOOP('',(#350,#351,#352,#353));
#1360=EDGE_LOOP('',(#354,#355,#356,#357));
#1361=EDGE_LOOP('',(#358,#359,#360,#361));
#1362=EDGE_LOOP('',(#362,#363,#364,#365));
#1363=EDGE_LOOP('',(#366,#367,#368,#369));
#1364=EDGE_LOOP('',(#370,#371,#372,#373));
#1365=EDGE_LOOP('',(#374,#375,#376,#377));
#1366=EDGE_LOOP('',(#378,#379,#380,#381));
#1367=EDGE_LOOP('',(#382,#383,#384,#385));
#1368=EDGE_LOOP('',(#386,#387,#388,#389));
#1369=EDGE_LOOP('',(#390,#391,#392,#393));
#1370=EDGE_LOOP('',(#394,#395,#396,#397));
#1371=EDGE_LOOP('',(#398,#399,#400,#401));
#1372=EDGE_LOOP('',(#402,#403,#404,#405));
#1373=EDGE_LOOP('',(#406,#407,#408,#409));
#1374=EDGE_LOOP('',(#410,#411,#412,#413));
#1375=EDGE_LOOP('',(#414,#415,#416,#417));
#1376=EDGE_LOOP('',(#418,#419,#420,#421));
#1377=EDGE_LOOP('',(#422,#423,#424,#425));
#1378=EDGE_LOOP('',(#426,#427,#428,#429));
#1379=EDGE_LOOP('',(#430));
#1380=EDGE_LOOP('',(#431));
#1381=EDGE_LOOP('',(#432));
#1382=EDGE_LOOP('',(#433));
#1383=EDGE_LOOP('',(#434,#435,#436,#437));
#1384=EDGE_LOOP('',(#438,#439,#440,#441));
#1385=EDGE_LOOP('',(#442,#443,#444,#445));
#1386=EDGE_LOOP('',(#446));
#1387=EDGE_LOOP('',(#447));
#1388=EDGE_LOOP('',(#448));
#1389=EDGE_LOOP('',(#449));
#1390=EDGE_LOOP('',(#450));
#1391=EDGE_LOOP('',(#451));
#1392=EDGE_LOOP('',(#452));
#1393=EDGE_LOOP('',(#453));
#1394=EDGE_LOOP('',(#454,#455,#456,#457));
#1395=EDGE_LOOP('',(#458,#459,#460,#461));
#1396=EDGE_LOOP('',(#462));
#1397=EDGE_LOOP('',(#463));
#1398=EDGE_LOOP('',(#464));
#1399=EDGE_LOOP('',(#465));
#1400=EDGE_LOOP('',(#466,#467,#468,#469,#470,#471,#472,#473));
#1401=EDGE_LOOP('',(#474,#475,#476,#477,#478,#479,#480,#481));
#1402=EDGE_LOOP('',(#482,#483,#484,#485,#486,#487,#488,#489));
#1403=EDGE_LOOP('',(#490));
#1404=EDGE_LOOP('',(#491));
#1405=EDGE_LOOP('',(#492,#493,#494,#495,#496,#497,#498,#499));
#1406=EDGE_LOOP('',(#500,#501,#502,#503,#504,#505,#506,#507));
#1407=EDGE_LOOP('',(#508,#509,#510,#511,#512,#513,#514,#515,#516,#517,#518,
#519,#520,#521,#522,#523,#524,#525,#526,#527,#528,#529,#530,#531,#532,#533,
#534,#535,#536,#537,#538,#539,#540,#541));
#1408=EDGE_LOOP('',(#542,#543,#544,#545));
#1409=EDGE_LOOP('',(#546,#547,#548,#549));
#1410=EDGE_LOOP('',(#550,#551,#552,#553));
#1411=EDGE_LOOP('',(#554,#555,#556,#557));
#1412=EDGE_LOOP('',(#558,#559,#560,#561));
#1413=EDGE_LOOP('',(#562,#563,#564,#565));
#1414=EDGE_LOOP('',(#566,#567,#568,#569));
#1415=EDGE_LOOP('',(#570,#571,#572,#573));
#1416=EDGE_LOOP('',(#574,#575,#576,#577));
#1417=EDGE_LOOP('',(#578,#579,#580,#581));
#1418=FACE_BOUND('',#1308,.T.);
#1419=FACE_BOUND('',#1309,.T.);
#1420=FACE_BOUND('',#1310,.T.);
#1421=FACE_BOUND('',#1311,.T.);
#1422=FACE_BOUND('',#1312,.T.);
#1423=FACE_BOUND('',#1313,.T.);
#1424=FACE_BOUND('',#1314,.T.);
#1425=FACE_BOUND('',#1315,.T.);
#1426=FACE_BOUND('',#1316,.T.);
#1427=FACE_BOUND('',#1317,.T.);
#1428=FACE_BOUND('',#1318,.T.);
#1429=FACE_BOUND('',#1319,.T.);
#1430=FACE_BOUND('',#1320,.T.);
#1431=FACE_BOUND('',#1321,.T.);
#1432=FACE_BOUND('',#1322,.T.);
#1433=FACE_BOUND('',#1323,.T.);
#1434=FACE_BOUND('',#1324,.T.);
#1435=FACE_BOUND('',#1325,.T.);
#1436=FACE_BOUND('',#1326,.T.);
#1437=FACE_BOUND('',#1327,.T.);
#1438=FACE_BOUND('',#1328,.T.);
#1439=FACE_BOUND('',#1329,.T.);
#1440=FACE_BOUND('',#1330,.T.);
#1441=FACE_BOUND('',#1331,.T.);
#1442=FACE_BOUND('',#1332,.T.);
#1443=FACE_BOUND('',#1333,.T.);
#1444=FACE_BOUND('',#1334,.T.);
#1445=FACE_BOUND('',#1335,.T.);
#1446=FACE_BOUND('',#1336,.T.);
#1447=FACE_BOUND('',#1337,.T.);
#1448=FACE_BOUND('',#1338,.T.);
#1449=FACE_BOUND('',#1339,.T.);
#1450=FACE_BOUND('',#1340,.T.);
#1451=FACE_BOUND('',#1341,.T.);
#1452=FACE_BOUND('',#1342,.T.);
#1453=FACE_BOUND('',#1343,.T.);
#1454=FACE_BOUND('',#1344,.T.);
#1455=FACE_BOUND('',#1345,.T.);
#1456=FACE_BOUND('',#1346,.T.);
#1457=FACE_BOUND('',#1347,.T.);
#1458=FACE_BOUND('',#1348,.T.);
#1459=FACE_BOUND('',#1349,.T.);
#1460=FACE_BOUND('',#1350,.T.);
#1461=FACE_BOUND('',#1351,.T.);
#1462=FACE_BOUND('',#1352,.T.);
#1463=FACE_BOUND('',#1353,.T.);
#1464=FACE_BOUND('',#1354,.T.);
#1465=FACE_BOUND('',#1355,.T.);
#1466=FACE_BOUND('',#1356,.T.);
#1467=FACE_BOUND('',#1357,.T.);
#1468=FACE_BOUND('',#1358,.T.);
#1469=FACE_BOUND('',#1359,.T.);
#1470=FACE_BOUND('',#1360,.T.);
#1471=FACE_BOUND('',#1361,.T.);
#1472=FACE_BOUND('',#1362,.T.);
#1473=FACE_BOUND('',#1363,.T.);
#1474=FACE_BOUND('',#1364,.T.);
#1475=FACE_BOUND('',#1365,.T.);
#1476=FACE_BOUND('',#1366,.T.);
#1477=FACE_BOUND('',#1367,.T.);
#1478=FACE_BOUND('',#1368,.T.);
#1479=FACE_BOUND('',#1369,.T.);
#1480=FACE_BOUND('',#1370,.T.);
#1481=FACE_BOUND('',#1371,.T.);
#1482=FACE_BOUND('',#1372,.T.);
#1483=FACE_BOUND('',#1373,.T.);
#1484=FACE_BOUND('',#1374,.T.);
#1485=FACE_BOUND('',#1375,.T.);
#1486=FACE_BOUND('',#1376,.T.);
#1487=FACE_BOUND('',#1377,.T.);
#1488=FACE_BOUND('',#1378,.T.);
#1489=FACE_BOUND('',#1379,.T.);
#1490=FACE_BOUND('',#1380,.T.);
#1491=FACE_BOUND('',#1381,.T.);
#1492=FACE_BOUND('',#1382,.T.);
#1493=FACE_BOUND('',#1383,.T.);
#1494=FACE_BOUND('',#1384,.T.);
#1495=FACE_BOUND('',#1385,.T.);
#1496=FACE_BOUND('',#1386,.T.);
#1497=FACE_BOUND('',#1387,.T.);
#1498=FACE_BOUND('',#1388,.T.);
#1499=FACE_BOUND('',#1389,.T.);
#1500=FACE_BOUND('',#1390,.T.);
#1501=FACE_BOUND('',#1391,.T.);
#1502=FACE_BOUND('',#1392,.T.);
#1503=FACE_BOUND('',#1393,.T.);
#1504=FACE_BOUND('',#1394,.T.);
#1505=FACE_BOUND('',#1395,.T.);
#1506=FACE_BOUND('',#1396,.T.);
#1507=FACE_BOUND('',#1397,.T.);
#1508=FACE_BOUND('',#1398,.T.);
#1509=FACE_BOUND('',#1399,.T.);
#1510=FACE_BOUND('',#1400,.T.);
#1511=FACE_BOUND('',#1401,.T.);
#1512=FACE_BOUND('',#1402,.T.);
#1513=FACE_BOUND('',#1403,.T.);
#1514=FACE_BOUND('',#1404,.T.);
#1515=FACE_BOUND('',#1405,.T.);
#1516=FACE_BOUND('',#1406,.T.);
#1517=FACE_BOUND('',#1407,.T.);
#1518=FACE_BOUND('',#1408,.T.);
#1519=FACE_BOUND('',#1409,.T.);
#1520=FACE_BOUND('',#1410,.T.);
#1521=FACE_BOUND('',#1411,.T.);
#1522=FACE_BOUND('',#1412,.T.);
#1523=FACE_BOUND('',#1413,.T.);
#1524=FACE_BOUND('',#1414,.T.);
#1525=FACE_BOUND('',#1415,.T.);
#1526=FACE_BOUND('',#1416,.T.);
#1527=FACE_BOUND('',#1417,.T.);
#1528=PLANE('',#1671);
#1529=PLANE('',#1672);
#1530=PLANE('',#1707);
#1531=PLANE('',#1708);
#1532=PLANE('',#1709);
#1533=PLANE('',#1710);
#1534=PLANE('',#1711);
#1535=PLANE('',#1712);
#1536=PLANE('',#1713);
#1537=PLANE('',#1714);
#1538=PLANE('',#1717);
#1539=PLANE('',#1720);
#1540=PLANE('',#1723);
#1541=PLANE('',#1726);
#1542=PLANE('',#1729);
#1543=PLANE('',#1732);
#1544=PLANE('',#1735);
#1545=PLANE('',#1738);
#1546=PLANE('',#1741);
#1547=PLANE('',#1744);
#1548=PLANE('',#1749);
#1549=PLANE('',#1752);
#1550=PLANE('',#1755);
#1551=PLANE('',#1760);
#1552=PLANE('',#1763);
#1553=PLANE('',#1766);
#1554=PLANE('',#1769);
#1555=PLANE('',#1770);
#1556=PLANE('',#1771);
#1557=PLANE('',#1772);
#1558=PLANE('',#1773);
#1559=PLANE('',#1774);
#1560=PLANE('',#1775);
#1561=PLANE('',#1776);
#1562=PLANE('',#1777);
#1563=PLANE('',#1778);
#1564=PLANE('',#1779);
#1565=PLANE('',#1780);
#1566=PLANE('',#1781);
#1567=PLANE('',#1782);
#1568=PLANE('',#1789);
#1569=PLANE('',#1790);
#1570=PLANE('',#1791);
#1571=PLANE('',#1800);
#1572=PLANE('',#1801);
#1573=PLANE('',#1802);
#1574=PLANE('',#1819);
#1575=PLANE('',#1820);
#1576=ADVANCED_FACE('',(#1418),#1528,.T.);
#1577=ADVANCED_FACE('',(#1419,#1420,#1421,#1422,#1423,#1424,#1425,#1426,
#1427,#1428,#1429,#1430),#1529,.T.);
#1578=ADVANCED_FACE('',(#1431),#1530,.F.);
#1579=ADVANCED_FACE('',(#1432),#1531,.T.);
#1580=ADVANCED_FACE('',(#1433),#1532,.F.);
#1581=ADVANCED_FACE('',(#1434),#1533,.T.);
#1582=ADVANCED_FACE('',(#1435),#1534,.F.);
#1583=ADVANCED_FACE('',(#1436),#1535,.F.);
#1584=ADVANCED_FACE('',(#1437),#1536,.T.);
#1585=ADVANCED_FACE('',(#1438),#1537,.F.);
#1586=ADVANCED_FACE('',(#1439),#12,.F.);
#1587=ADVANCED_FACE('',(#1440),#1538,.T.);
#1588=ADVANCED_FACE('',(#1441),#13,.F.);
#1589=ADVANCED_FACE('',(#1442),#1539,.F.);
#1590=ADVANCED_FACE('',(#1443),#14,.F.);
#1591=ADVANCED_FACE('',(#1444),#1540,.F.);
#1592=ADVANCED_FACE('',(#1445),#15,.F.);
#1593=ADVANCED_FACE('',(#1446),#1541,.T.);
#1594=ADVANCED_FACE('',(#1447),#16,.F.);
#1595=ADVANCED_FACE('',(#1448),#1542,.T.);
#1596=ADVANCED_FACE('',(#1449),#17,.F.);
#1597=ADVANCED_FACE('',(#1450),#1543,.F.);
#1598=ADVANCED_FACE('',(#1451),#18,.F.);
#1599=ADVANCED_FACE('',(#1452),#1544,.F.);
#1600=ADVANCED_FACE('',(#1453),#19,.F.);
#1601=ADVANCED_FACE('',(#1454),#1545,.F.);
#1602=ADVANCED_FACE('',(#1455),#20,.F.);
#1603=ADVANCED_FACE('',(#1456),#1546,.T.);
#1604=ADVANCED_FACE('',(#1457),#21,.F.);
#1605=ADVANCED_FACE('',(#1458),#1547,.T.);
#1606=ADVANCED_FACE('',(#1459),#22,.F.);
#1607=ADVANCED_FACE('',(#1460),#23,.F.);
#1608=ADVANCED_FACE('',(#1461),#1548,.T.);
#1609=ADVANCED_FACE('',(#1462),#24,.F.);
#1610=ADVANCED_FACE('',(#1463),#1549,.F.);
#1611=ADVANCED_FACE('',(#1464),#25,.F.);
#1612=ADVANCED_FACE('',(#1465),#1550,.F.);
#1613=ADVANCED_FACE('',(#1466),#26,.F.);
#1614=ADVANCED_FACE('',(#1467),#27,.F.);
#1615=ADVANCED_FACE('',(#1468),#1551,.T.);
#1616=ADVANCED_FACE('',(#1469),#28,.F.);
#1617=ADVANCED_FACE('',(#1470),#1552,.F.);
#1618=ADVANCED_FACE('',(#1471),#29,.F.);
#1619=ADVANCED_FACE('',(#1472),#1553,.F.);
#1620=ADVANCED_FACE('',(#1473),#30,.F.);
#1621=ADVANCED_FACE('',(#1474),#1554,.T.);
#1622=ADVANCED_FACE('',(#1475),#1555,.T.);
#1623=ADVANCED_FACE('',(#1476),#1556,.F.);
#1624=ADVANCED_FACE('',(#1477),#1557,.F.);
#1625=ADVANCED_FACE('',(#1478),#1558,.T.);
#1626=ADVANCED_FACE('',(#1479),#1559,.T.);
#1627=ADVANCED_FACE('',(#1480),#1560,.T.);
#1628=ADVANCED_FACE('',(#1481),#1561,.F.);
#1629=ADVANCED_FACE('',(#1482),#1562,.F.);
#1630=ADVANCED_FACE('',(#1483),#1563,.F.);
#1631=ADVANCED_FACE('',(#1484),#1564,.T.);
#1632=ADVANCED_FACE('',(#1485),#1565,.T.);
#1633=ADVANCED_FACE('',(#1486),#1566,.T.);
#1634=ADVANCED_FACE('',(#1487),#1567,.T.);
#1635=ADVANCED_FACE('',(#1488),#31,.F.);
#1636=ADVANCED_FACE('',(#1489,#1490),#32,.F.);
#1637=ADVANCED_FACE('',(#1491,#1492),#33,.F.);
#1638=ADVANCED_FACE('',(#1493),#1568,.F.);
#1639=ADVANCED_FACE('',(#1494),#1569,.T.);
#1640=ADVANCED_FACE('',(#1495),#1570,.T.);
#1641=ADVANCED_FACE('',(#1496,#1497),#34,.F.);
#1642=ADVANCED_FACE('',(#1498,#1499),#35,.F.);
#1643=ADVANCED_FACE('',(#1500,#1501),#36,.F.);
#1644=ADVANCED_FACE('',(#1502,#1503),#37,.F.);
#1645=ADVANCED_FACE('',(#1504),#1571,.T.);
#1646=ADVANCED_FACE('',(#1505),#1572,.F.);
#1647=ADVANCED_FACE('',(#1506,#1507,#1508,#1509,#1510,#1511,#1512,#1513,
#1514,#1515,#1516,#1517),#1573,.F.);
#1648=ADVANCED_FACE('',(#1518),#38,.T.);
#1649=ADVANCED_FACE('',(#1519),#39,.T.);
#1650=ADVANCED_FACE('',(#1520),#40,.T.);
#1651=ADVANCED_FACE('',(#1521),#41,.T.);
#1652=ADVANCED_FACE('',(#1522),#42,.T.);
#1653=ADVANCED_FACE('',(#1523),#43,.T.);
#1654=ADVANCED_FACE('',(#1524),#44,.T.);
#1655=ADVANCED_FACE('',(#1525),#45,.T.);
#1656=ADVANCED_FACE('',(#1526),#1574,.F.);
#1657=ADVANCED_FACE('',(#1527),#1575,.T.);
#1658=CLOSED_SHELL('',(#1576,#1577,#1578,#1579,#1580,#1581,#1582,#1583,
#1584,#1585,#1586,#1587,#1588,#1589,#1590,#1591,#1592,#1593,#1594,#1595,
#1596,#1597,#1598,#1599,#1600,#1601,#1602,#1603,#1604,#1605,#1606,#1607,
#1608,#1609,#1610,#1611,#1612,#1613,#1614,#1615,#1616,#1617,#1618,#1619,
#1620,#1621,#1622,#1623,#1624,#1625,#1626,#1627,#1628,#1629,#1630,#1631,
#1632,#1633,#1634,#1635,#1636,#1637,#1638,#1639,#1640,#1641,#1642,#1643,
#1644,#1645,#1646,#1647,#1648,#1649,#1650,#1651,#1652,#1653,#1654,#1655,
#1656,#1657));
#1659=STYLED_ITEM('',(#1660),#1667);
#1660=PRESENTATION_STYLE_ASSIGNMENT((#1661));
#1661=SURFACE_STYLE_USAGE(.BOTH.,#1662);
#1662=SURFACE_SIDE_STYLE('',(#1663));
#1663=SURFACE_STYLE_FILL_AREA(#1664);
#1664=FILL_AREA_STYLE('',(#1665));
#1665=FILL_AREA_STYLE_COLOUR('',#1666);
#1666=COLOUR_RGB('',0.615686274509804,0.811764705882353,0.929411764705882);
#1667=MANIFOLD_SOLID_BREP('Part 1',#1658);
#1668=SHAPE_DEFINITION_REPRESENTATION(#2772,#1669);
#1669=SHAPE_REPRESENTATION('Part 1',(#1670),#2767);
#1670=AXIS2_PLACEMENT_3D('',#2289,#1821,#1822);
#1671=AXIS2_PLACEMENT_3D('',#2290,#1823,#1824);
#1672=AXIS2_PLACEMENT_3D('',#2299,#1829,#1830);
#1673=AXIS2_PLACEMENT_3D('',#2300,#1831,#1832);
#1674=AXIS2_PLACEMENT_3D('',#2302,#1833,#1834);
#1675=AXIS2_PLACEMENT_3D('',#2304,#1835,#1836);
#1676=AXIS2_PLACEMENT_3D('',#2306,#1837,#1838);
#1677=AXIS2_PLACEMENT_3D('',#2308,#1839,#1840);
#1678=AXIS2_PLACEMENT_3D('',#2313,#1842,#1843);
#1679=AXIS2_PLACEMENT_3D('',#2317,#1845,#1846);
#1680=AXIS2_PLACEMENT_3D('',#2321,#1848,#1849);
#1681=AXIS2_PLACEMENT_3D('',#2324,#1851,#1852);
#1682=AXIS2_PLACEMENT_3D('',#2329,#1854,#1855);
#1683=AXIS2_PLACEMENT_3D('',#2333,#1857,#1858);
#1684=AXIS2_PLACEMENT_3D('',#2337,#1860,#1861);
#1685=AXIS2_PLACEMENT_3D('',#2340,#1863,#1864);
#1686=AXIS2_PLACEMENT_3D('',#2345,#1866,#1867);
#1687=AXIS2_PLACEMENT_3D('',#2349,#1869,#1870);
#1688=AXIS2_PLACEMENT_3D('',#2353,#1872,#1873);
#1689=AXIS2_PLACEMENT_3D('',#2356,#1875,#1876);
#1690=AXIS2_PLACEMENT_3D('',#2358,#1877,#1878);
#1691=AXIS2_PLACEMENT_3D('',#2363,#1880,#1881);
#1692=AXIS2_PLACEMENT_3D('',#2367,#1883,#1884);
#1693=AXIS2_PLACEMENT_3D('',#2371,#1886,#1887);
#1694=AXIS2_PLACEMENT_3D('',#2375,#1889,#1890);
#1695=AXIS2_PLACEMENT_3D('',#2376,#1891,#1892);
#1696=AXIS2_PLACEMENT_3D('',#2381,#1894,#1895);
#1697=AXIS2_PLACEMENT_3D('',#2385,#1897,#1898);
#1698=AXIS2_PLACEMENT_3D('',#2389,#1900,#1901);
#1699=AXIS2_PLACEMENT_3D('',#2428,#1921,#1922);
#1700=AXIS2_PLACEMENT_3D('',#2432,#1924,#1925);
#1701=AXIS2_PLACEMENT_3D('',#2436,#1927,#1928);
#1702=AXIS2_PLACEMENT_3D('',#2440,#1930,#1931);
#1703=AXIS2_PLACEMENT_3D('',#2444,#1933,#1934);
#1704=AXIS2_PLACEMENT_3D('',#2448,#1936,#1937);
#1705=AXIS2_PLACEMENT_3D('',#2452,#1939,#1940);
#1706=AXIS2_PLACEMENT_3D('',#2456,#1942,#1943);
#1707=AXIS2_PLACEMENT_3D('',#2457,#1944,#1945);
#1708=AXIS2_PLACEMENT_3D('',#2463,#1949,#1950);
#1709=AXIS2_PLACEMENT_3D('',#2469,#1954,#1955);
#1710=AXIS2_PLACEMENT_3D('',#2475,#1959,#1960);
#1711=AXIS2_PLACEMENT_3D('',#2481,#1964,#1965);
#1712=AXIS2_PLACEMENT_3D('',#2487,#1969,#1970);
#1713=AXIS2_PLACEMENT_3D('',#2493,#1974,#1975);
#1714=AXIS2_PLACEMENT_3D('',#2499,#1979,#1980);
#1715=AXIS2_PLACEMENT_3D('',#2505,#1984,#1985);
#1716=AXIS2_PLACEMENT_3D('',#2506,#1986,#1987);
#1717=AXIS2_PLACEMENT_3D('',#2511,#1990,#1991);
#1718=AXIS2_PLACEMENT_3D('',#2515,#1994,#1995);
#1719=AXIS2_PLACEMENT_3D('',#2516,#1996,#1997);
#1720=AXIS2_PLACEMENT_3D('',#2519,#1999,#2000);
#1721=AXIS2_PLACEMENT_3D('',#2523,#2003,#2004);
#1722=AXIS2_PLACEMENT_3D('',#2524,#2005,#2006);
#1723=AXIS2_PLACEMENT_3D('',#2527,#2008,#2009);
#1724=AXIS2_PLACEMENT_3D('',#2531,#2012,#2013);
#1725=AXIS2_PLACEMENT_3D('',#2532,#2014,#2015);
#1726=AXIS2_PLACEMENT_3D('',#2535,#2017,#2018);
#1727=AXIS2_PLACEMENT_3D('',#2541,#2022,#2023);
#1728=AXIS2_PLACEMENT_3D('',#2542,#2024,#2025);
#1729=AXIS2_PLACEMENT_3D('',#2545,#2027,#2028);
#1730=AXIS2_PLACEMENT_3D('',#2549,#2031,#2032);
#1731=AXIS2_PLACEMENT_3D('',#2550,#2033,#2034);
#1732=AXIS2_PLACEMENT_3D('',#2553,#2036,#2037);
#1733=AXIS2_PLACEMENT_3D('',#2557,#2040,#2041);
#1734=AXIS2_PLACEMENT_3D('',#2558,#2042,#2043);
#1735=AXIS2_PLACEMENT_3D('',#2561,#2045,#2046);
#1736=AXIS2_PLACEMENT_3D('',#2565,#2049,#2050);
#1737=AXIS2_PLACEMENT_3D('',#2566,#2051,#2052);
#1738=AXIS2_PLACEMENT_3D('',#2571,#2055,#2056);
#1739=AXIS2_PLACEMENT_3D('',#2575,#2059,#2060);
#1740=AXIS2_PLACEMENT_3D('',#2576,#2061,#2062);
#1741=AXIS2_PLACEMENT_3D('',#2579,#2064,#2065);
#1742=AXIS2_PLACEMENT_3D('',#2583,#2068,#2069);
#1743=AXIS2_PLACEMENT_3D('',#2584,#2070,#2071);
#1744=AXIS2_PLACEMENT_3D('',#2587,#2073,#2074);
#1745=AXIS2_PLACEMENT_3D('',#2591,#2077,#2078);
#1746=AXIS2_PLACEMENT_3D('',#2592,#2079,#2080);
#1747=AXIS2_PLACEMENT_3D('',#2595,#2082,#2083);
#1748=AXIS2_PLACEMENT_3D('',#2596,#2084,#2085);
#1749=AXIS2_PLACEMENT_3D('',#2601,#2088,#2089);
#1750=AXIS2_PLACEMENT_3D('',#2605,#2092,#2093);
#1751=AXIS2_PLACEMENT_3D('',#2606,#2094,#2095);
#1752=AXIS2_PLACEMENT_3D('',#2609,#2097,#2098);
#1753=AXIS2_PLACEMENT_3D('',#2613,#2101,#2102);
#1754=AXIS2_PLACEMENT_3D('',#2614,#2103,#2104);
#1755=AXIS2_PLACEMENT_3D('',#2617,#2106,#2107);
#1756=AXIS2_PLACEMENT_3D('',#2621,#2110,#2111);
#1757=AXIS2_PLACEMENT_3D('',#2622,#2112,#2113);
#1758=AXIS2_PLACEMENT_3D('',#2625,#2115,#2116);
#1759=AXIS2_PLACEMENT_3D('',#2626,#2117,#2118);
#1760=AXIS2_PLACEMENT_3D('',#2631,#2121,#2122);
#1761=AXIS2_PLACEMENT_3D('',#2635,#2125,#2126);
#1762=AXIS2_PLACEMENT_3D('',#2636,#2127,#2128);
#1763=AXIS2_PLACEMENT_3D('',#2639,#2130,#2131);
#1764=AXIS2_PLACEMENT_3D('',#2643,#2134,#2135);
#1765=AXIS2_PLACEMENT_3D('',#2644,#2136,#2137);
#1766=AXIS2_PLACEMENT_3D('',#2647,#2139,#2140);
#1767=AXIS2_PLACEMENT_3D('',#2651,#2143,#2144);
#1768=AXIS2_PLACEMENT_3D('',#2652,#2145,#2146);
#1769=AXIS2_PLACEMENT_3D('',#2655,#2148,#2149);
#1770=AXIS2_PLACEMENT_3D('',#2661,#2153,#2154);
#1771=AXIS2_PLACEMENT_3D('',#2665,#2157,#2158);
#1772=AXIS2_PLACEMENT_3D('',#2669,#2161,#2162);
#1773=AXIS2_PLACEMENT_3D('',#2673,#2165,#2166);
#1774=AXIS2_PLACEMENT_3D('',#2677,#2169,#2170);
#1775=AXIS2_PLACEMENT_3D('',#2681,#2173,#2174);
#1776=AXIS2_PLACEMENT_3D('',#2685,#2177,#2178);
#1777=AXIS2_PLACEMENT_3D('',#2689,#2181,#2182);
#1778=AXIS2_PLACEMENT_3D('',#2693,#2185,#2186);
#1779=AXIS2_PLACEMENT_3D('',#2697,#2189,#2190);
#1780=AXIS2_PLACEMENT_3D('',#2701,#2193,#2194);
#1781=AXIS2_PLACEMENT_3D('',#2705,#2197,#2198);
#1782=AXIS2_PLACEMENT_3D('',#2709,#2201,#2202);
#1783=AXIS2_PLACEMENT_3D('',#2711,#2204,#2205);
#1784=AXIS2_PLACEMENT_3D('',#2712,#2206,#2207);
#1785=AXIS2_PLACEMENT_3D('',#2713,#2208,#2209);
#1786=AXIS2_PLACEMENT_3D('',#2714,#2210,#2211);
#1787=AXIS2_PLACEMENT_3D('',#2716,#2212,#2213);
#1788=AXIS2_PLACEMENT_3D('',#2717,#2214,#2215);
#1789=AXIS2_PLACEMENT_3D('',#2719,#2216,#2217);
#1790=AXIS2_PLACEMENT_3D('',#2721,#2219,#2220);
#1791=AXIS2_PLACEMENT_3D('',#2723,#2222,#2223);
#1792=AXIS2_PLACEMENT_3D('',#2725,#2225,#2226);
#1793=AXIS2_PLACEMENT_3D('',#2726,#2227,#2228);
#1794=AXIS2_PLACEMENT_3D('',#2728,#2229,#2230);
#1795=AXIS2_PLACEMENT_3D('',#2729,#2231,#2232);
#1796=AXIS2_PLACEMENT_3D('',#2731,#2233,#2234);
#1797=AXIS2_PLACEMENT_3D('',#2732,#2235,#2236);
#1798=AXIS2_PLACEMENT_3D('',#2734,#2237,#2238);
#1799=AXIS2_PLACEMENT_3D('',#2735,#2239,#2240);
#1800=AXIS2_PLACEMENT_3D('',#2737,#2241,#2242);
#1801=AXIS2_PLACEMENT_3D('',#2739,#2244,#2245);
#1802=AXIS2_PLACEMENT_3D('',#2745,#2249,#2250);
#1803=AXIS2_PLACEMENT_3D('',#2748,#2253,#2254);
#1804=AXIS2_PLACEMENT_3D('',#2749,#2255,#2256);
#1805=AXIS2_PLACEMENT_3D('',#2750,#2257,#2258);
#1806=AXIS2_PLACEMENT_3D('',#2751,#2259,#2260);
#1807=AXIS2_PLACEMENT_3D('',#2752,#2261,#2262);
#1808=AXIS2_PLACEMENT_3D('',#2753,#2263,#2264);
#1809=AXIS2_PLACEMENT_3D('',#2754,#2265,#2266);
#1810=AXIS2_PLACEMENT_3D('',#2755,#2267,#2268);
#1811=AXIS2_PLACEMENT_3D('',#2756,#2269,#2270);
#1812=AXIS2_PLACEMENT_3D('',#2757,#2271,#2272);
#1813=AXIS2_PLACEMENT_3D('',#2758,#2273,#2274);
#1814=AXIS2_PLACEMENT_3D('',#2759,#2275,#2276);
#1815=AXIS2_PLACEMENT_3D('',#2760,#2277,#2278);
#1816=AXIS2_PLACEMENT_3D('',#2761,#2279,#2280);
#1817=AXIS2_PLACEMENT_3D('',#2762,#2281,#2282);
#1818=AXIS2_PLACEMENT_3D('',#2763,#2283,#2284);
#1819=AXIS2_PLACEMENT_3D('',#2764,#2285,#2286);
#1820=AXIS2_PLACEMENT_3D('',#2765,#2287,#2288);
#1821=DIRECTION('',(0.,0.,1.));
#1822=DIRECTION('',(1.,0.,0.));
#1823=DIRECTION('',(1.,0.,0.));
#1824=DIRECTION('',(0.,0.,-1.));
#1825=DIRECTION('',(0.,-1.,0.));
#1826=DIRECTION('',(0.,0.,-1.));
#1827=DIRECTION('',(0.,-1.,0.));
#1828=DIRECTION('',(0.,0.,-1.));
#1829=DIRECTION('',(0.,0.,1.));
#1830=DIRECTION('',(1.,0.,0.));
#1831=DIRECTION('',(0.,0.,1.));
#1832=DIRECTION('',(1.,0.,0.));
#1833=DIRECTION('',(0.,0.,1.));
#1834=DIRECTION('',(1.,0.,0.));
#1835=DIRECTION('',(0.,0.,1.));
#1836=DIRECTION('',(1.,0.,0.));
#1837=DIRECTION('',(0.,0.,1.));
#1838=DIRECTION('',(1.,0.,0.));
#1839=DIRECTION('',(0.,0.,1.));
#1840=DIRECTION('',(1.,0.,0.));
#1841=DIRECTION('',(0.,-1.,0.));
#1842=DIRECTION('',(0.,0.,1.));
#1843=DIRECTION('',(1.,0.,0.));
#1844=DIRECTION('',(1.,0.,0.));
#1845=DIRECTION('',(0.,0.,1.));
#1846=DIRECTION('',(1.,0.,0.));
#1847=DIRECTION('',(0.,-1.,0.));
#1848=DIRECTION('',(0.,0.,1.));
#1849=DIRECTION('',(1.,0.,0.));
#1850=DIRECTION('',(1.,0.,0.));
#1851=DIRECTION('',(0.,0.,1.));
#1852=DIRECTION('',(1.,0.,0.));
#1853=DIRECTION('',(0.,-1.,0.));
#1854=DIRECTION('',(0.,0.,1.));
#1855=DIRECTION('',(1.,0.,0.));
#1856=DIRECTION('',(1.,0.,0.));
#1857=DIRECTION('',(0.,0.,1.));
#1858=DIRECTION('',(1.,0.,0.));
#1859=DIRECTION('',(0.,-1.,0.));
#1860=DIRECTION('',(0.,0.,1.));
#1861=DIRECTION('',(1.,0.,0.));
#1862=DIRECTION('',(1.,0.,0.));
#1863=DIRECTION('',(0.,0.,1.));
#1864=DIRECTION('',(1.,0.,0.));
#1865=DIRECTION('',(0.,-1.,0.));
#1866=DIRECTION('',(0.,0.,1.));
#1867=DIRECTION('',(1.,0.,0.));
#1868=DIRECTION('',(1.,0.,0.));
#1869=DIRECTION('',(0.,0.,1.));
#1870=DIRECTION('',(1.,0.,0.));
#1871=DIRECTION('',(0.,-1.,0.));
#1872=DIRECTION('',(0.,0.,1.));
#1873=DIRECTION('',(1.,0.,0.));
#1874=DIRECTION('',(1.,0.,0.));
#1875=DIRECTION('',(0.,0.,1.));
#1876=DIRECTION('',(1.,0.,0.));
#1877=DIRECTION('',(0.,0.,1.));
#1878=DIRECTION('',(1.,0.,0.));
#1879=DIRECTION('',(1.,0.,0.));
#1880=DIRECTION('',(0.,0.,1.));
#1881=DIRECTION('',(1.,0.,0.));
#1882=DIRECTION('',(0.,-1.,0.));
#1883=DIRECTION('',(0.,0.,1.));
#1884=DIRECTION('',(1.,0.,0.));
#1885=DIRECTION('',(1.,0.,0.));
#1886=DIRECTION('',(0.,0.,1.));
#1887=DIRECTION('',(1.,0.,0.));
#1888=DIRECTION('',(0.,-1.,0.));
#1889=DIRECTION('',(0.,0.,1.));
#1890=DIRECTION('',(1.,0.,0.));
#1891=DIRECTION('',(0.,0.,1.));
#1892=DIRECTION('',(1.,0.,0.));
#1893=DIRECTION('',(0.,-1.,0.));
#1894=DIRECTION('',(0.,0.,1.));
#1895=DIRECTION('',(1.,0.,0.));
#1896=DIRECTION('',(1.,0.,0.));
#1897=DIRECTION('',(0.,0.,1.));
#1898=DIRECTION('',(1.,0.,0.));
#1899=DIRECTION('',(0.,-1.,0.));
#1900=DIRECTION('',(0.,0.,1.));
#1901=DIRECTION('',(1.,0.,0.));
#1902=DIRECTION('',(1.,0.,0.));
#1903=DIRECTION('',(0.,-1.,0.));
#1904=DIRECTION('',(1.,0.,0.));
#1905=DIRECTION('',(-0.70710678118655,-0.707106781186545,0.));
#1906=DIRECTION('',(-1.,0.,0.));
#1907=DIRECTION('',(0.707106781186547,-0.707106781186549,0.));
#1908=DIRECTION('',(1.22663473334669E-15,1.,0.));
#1909=DIRECTION('',(-0.707106781186546,0.707106781186549,0.));
#1910=DIRECTION('',(-0.707106781186548,-0.707106781186548,0.));
#1911=DIRECTION('',(-1.,0.,0.));
#1912=DIRECTION('',(0.,1.,0.));
#1913=DIRECTION('',(1.,0.,0.));
#1914=DIRECTION('',(0.,1.,0.));
#1915=DIRECTION('',(0.707106781186547,0.707106781186548,0.));
#1916=DIRECTION('',(-1.,0.,0.));
#1917=DIRECTION('',(-0.707106781186548,0.707106781186547,0.));
#1918=DIRECTION('',(0.,-1.,0.));
#1919=DIRECTION('',(1.,0.,0.));
#1920=DIRECTION('',(0.,-1.,0.));
#1921=DIRECTION('',(0.,0.,1.));
#1922=DIRECTION('',(1.,0.,0.));
#1923=DIRECTION('',(0.707106781186548,-0.707106781186548,0.));
#1924=DIRECTION('',(0.,0.,1.));
#1925=DIRECTION('',(1.,0.,0.));
#1926=DIRECTION('',(-1.,0.,0.));
#1927=DIRECTION('',(0.,0.,1.));
#1928=DIRECTION('',(1.,0.,0.));
#1929=DIRECTION('',(0.707106781186548,0.707106781186548,0.));
#1930=DIRECTION('',(0.,0.,1.));
#1931=DIRECTION('',(1.,0.,0.));
#1932=DIRECTION('',(0.,-1.,0.));
#1933=DIRECTION('',(0.,0.,1.));
#1934=DIRECTION('',(1.,0.,0.));
#1935=DIRECTION('',(-0.707106781186548,0.707106781186547,0.));
#1936=DIRECTION('',(0.,0.,1.));
#1937=DIRECTION('',(1.,0.,0.));
#1938=DIRECTION('',(-1.,0.,0.));
#1939=DIRECTION('',(0.,0.,1.));
#1940=DIRECTION('',(1.,0.,0.));
#1941=DIRECTION('',(0.707106781186548,0.707106781186547,0.));
#1942=DIRECTION('',(0.,0.,1.));
#1943=DIRECTION('',(1.,0.,0.));
#1944=DIRECTION('',(1.,0.,0.));
#1945=DIRECTION('',(0.,0.,-1.));
#1946=DIRECTION('',(0.,0.,-1.));
#1947=DIRECTION('',(0.,0.,-1.));
#1948=DIRECTION('',(0.,-1.,0.));
#1949=DIRECTION('',(0.,-1.,0.));
#1950=DIRECTION('',(0.,0.,-1.));
#1951=DIRECTION('',(0.,0.,-1.));
#1952=DIRECTION('',(-1.,0.,0.));
#1953=DIRECTION('',(0.,0.,-1.));
#1954=DIRECTION('',(-0.707106781186548,0.707106781186548,0.));
#1955=DIRECTION('',(-0.707106781186548,-0.707106781186548,0.));
#1956=DIRECTION('',(0.,0.,-1.));
#1957=DIRECTION('',(0.707106781186548,0.707106781186548,0.));
#1958=DIRECTION('',(0.,0.,-1.));
#1959=DIRECTION('',(1.,0.,0.));
#1960=DIRECTION('',(0.,0.,-1.));
#1961=DIRECTION('',(0.,-1.,0.));
#1962=DIRECTION('',(0.,0.,-1.));
#1963=DIRECTION('',(0.,0.,-1.));
#1964=DIRECTION('',(-0.707106781186547,-0.707106781186548,0.));
#1965=DIRECTION('',(0.707106781186548,-0.707106781186547,0.));
#1966=DIRECTION('',(-0.707106781186548,0.707106781186547,0.));
#1967=DIRECTION('',(0.,0.,-1.));
#1968=DIRECTION('',(0.,0.,-1.));
#1969=DIRECTION('',(0.,-1.,0.));
#1970=DIRECTION('',(0.,0.,-1.));
#1971=DIRECTION('',(0.,0.,-1.));
#1972=DIRECTION('',(-1.,0.,0.));
#1973=DIRECTION('',(0.,0.,-1.));
#1974=DIRECTION('',(-0.707106781186547,0.707106781186548,0.));
#1975=DIRECTION('',(-0.707106781186548,-0.707106781186547,0.));
#1976=DIRECTION('',(0.707106781186548,0.707106781186547,0.));
#1977=DIRECTION('',(0.,0.,-1.));
#1978=DIRECTION('',(0.,0.,-1.));
#1979=DIRECTION('',(1.,0.,0.));
#1980=DIRECTION('',(0.,0.,-1.));
#1981=DIRECTION('',(0.,0.,-1.));
#1982=DIRECTION('',(0.,-1.,0.));
#1983=DIRECTION('',(0.,0.,-1.));
#1984=DIRECTION('',(0.,0.,-1.));
#1985=DIRECTION('',(-1.,0.,0.));
#1986=DIRECTION('',(0.,0.,1.));
#1987=DIRECTION('',(1.,0.,0.));
#1988=DIRECTION('',(0.,0.,-1.));
#1989=DIRECTION('',(0.,0.,-1.));
#1990=DIRECTION('',(1.,0.,0.));
#1991=DIRECTION('',(0.,0.,-1.));
#1992=DIRECTION('',(0.,-1.,0.));
#1993=DIRECTION('',(0.,0.,-1.));
#1994=DIRECTION('',(0.,0.,-1.));
#1995=DIRECTION('',(-1.,0.,0.));
#1996=DIRECTION('',(0.,0.,1.));
#1997=DIRECTION('',(1.,0.,0.));
#1998=DIRECTION('',(0.,0.,-1.));
#1999=DIRECTION('',(0.,1.,0.));
#2000=DIRECTION('',(0.,0.,1.));
#2001=DIRECTION('',(1.,0.,0.));
#2002=DIRECTION('',(0.,0.,-1.));
#2003=DIRECTION('',(0.,0.,-1.));
#2004=DIRECTION('',(-1.,0.,0.));
#2005=DIRECTION('',(0.,0.,1.));
#2006=DIRECTION('',(1.,0.,0.));
#2007=DIRECTION('',(0.,0.,-1.));
#2008=DIRECTION('',(1.,0.,0.));
#2009=DIRECTION('',(0.,0.,-1.));
#2010=DIRECTION('',(0.,-1.,0.));
#2011=DIRECTION('',(0.,0.,-1.));
#2012=DIRECTION('',(0.,0.,-1.));
#2013=DIRECTION('',(-1.,0.,0.));
#2014=DIRECTION('',(0.,0.,1.));
#2015=DIRECTION('',(1.,0.,0.));
#2016=DIRECTION('',(0.,0.,-1.));
#2017=DIRECTION('',(0.,1.,0.));
#2018=DIRECTION('',(0.,0.,1.));
#2019=DIRECTION('',(1.,0.,0.));
#2020=DIRECTION('',(0.,0.,-1.));
#2021=DIRECTION('',(0.,0.,-1.));
#2022=DIRECTION('',(0.,0.,-1.));
#2023=DIRECTION('',(-1.,0.,0.));
#2024=DIRECTION('',(0.,0.,1.));
#2025=DIRECTION('',(1.,0.,0.));
#2026=DIRECTION('',(0.,0.,-1.));
#2027=DIRECTION('',(1.,0.,0.));
#2028=DIRECTION('',(0.,0.,-1.));
#2029=DIRECTION('',(0.,-1.,0.));
#2030=DIRECTION('',(0.,0.,-1.));
#2031=DIRECTION('',(0.,0.,-1.));
#2032=DIRECTION('',(-1.,0.,0.));
#2033=DIRECTION('',(0.,0.,1.));
#2034=DIRECTION('',(1.,0.,0.));
#2035=DIRECTION('',(0.,0.,-1.));
#2036=DIRECTION('',(0.,1.,0.));
#2037=DIRECTION('',(0.,0.,1.));
#2038=DIRECTION('',(1.,0.,0.));
#2039=DIRECTION('',(0.,0.,-1.));
#2040=DIRECTION('',(0.,0.,-1.));
#2041=DIRECTION('',(-1.,0.,0.));
#2042=DIRECTION('',(0.,0.,1.));
#2043=DIRECTION('',(1.,0.,0.));
#2044=DIRECTION('',(0.,0.,-1.));
#2045=DIRECTION('',(1.,0.,0.));
#2046=DIRECTION('',(0.,0.,-1.));
#2047=DIRECTION('',(0.,-1.,0.));
#2048=DIRECTION('',(0.,0.,-1.));
#2049=DIRECTION('',(0.,0.,-1.));
#2050=DIRECTION('',(-1.,0.,0.));
#2051=DIRECTION('',(0.,0.,1.));
#2052=DIRECTION('',(1.,0.,0.));
#2053=DIRECTION('',(0.,0.,-1.));
#2054=DIRECTION('',(0.,0.,-1.));
#2055=DIRECTION('',(1.,0.,0.));
#2056=DIRECTION('',(0.,0.,-1.));
#2057=DIRECTION('',(0.,-1.,0.));
#2058=DIRECTION('',(0.,0.,-1.));
#2059=DIRECTION('',(0.,0.,-1.));
#2060=DIRECTION('',(-1.,0.,0.));
#2061=DIRECTION('',(0.,0.,1.));
#2062=DIRECTION('',(1.,0.,0.));
#2063=DIRECTION('',(0.,0.,-1.));
#2064=DIRECTION('',(0.,1.,0.));
#2065=DIRECTION('',(0.,0.,1.));
#2066=DIRECTION('',(1.,0.,0.));
#2067=DIRECTION('',(0.,0.,-1.));
#2068=DIRECTION('',(0.,0.,-1.));
#2069=DIRECTION('',(-1.,0.,0.));
#2070=DIRECTION('',(0.,0.,1.));
#2071=DIRECTION('',(1.,0.,0.));
#2072=DIRECTION('',(0.,0.,-1.));
#2073=DIRECTION('',(1.,0.,0.));
#2074=DIRECTION('',(0.,0.,-1.));
#2075=DIRECTION('',(0.,-1.,0.));
#2076=DIRECTION('',(0.,0.,-1.));
#2077=DIRECTION('',(0.,0.,-1.));
#2078=DIRECTION('',(-1.,0.,0.));
#2079=DIRECTION('',(0.,0.,1.));
#2080=DIRECTION('',(1.,0.,0.));
#2081=DIRECTION('',(0.,0.,-1.));
#2082=DIRECTION('',(0.,0.,-1.));
#2083=DIRECTION('',(-1.,0.,0.));
#2084=DIRECTION('',(0.,0.,1.));
#2085=DIRECTION('',(1.,0.,0.));
#2086=DIRECTION('',(0.,0.,-1.));
#2087=DIRECTION('',(0.,0.,-1.));
#2088=DIRECTION('',(1.,0.,0.));
#2089=DIRECTION('',(0.,0.,-1.));
#2090=DIRECTION('',(0.,-1.,0.));
#2091=DIRECTION('',(0.,0.,-1.));
#2092=DIRECTION('',(0.,0.,-1.));
#2093=DIRECTION('',(-1.,0.,0.));
#2094=DIRECTION('',(0.,0.,1.));
#2095=DIRECTION('',(1.,0.,0.));
#2096=DIRECTION('',(0.,0.,-1.));
#2097=DIRECTION('',(0.,1.,0.));
#2098=DIRECTION('',(0.,0.,1.));
#2099=DIRECTION('',(1.,0.,0.));
#2100=DIRECTION('',(0.,0.,-1.));
#2101=DIRECTION('',(0.,0.,-1.));
#2102=DIRECTION('',(-1.,0.,0.));
#2103=DIRECTION('',(0.,0.,1.));
#2104=DIRECTION('',(1.,0.,0.));
#2105=DIRECTION('',(0.,0.,-1.));
#2106=DIRECTION('',(1.,0.,0.));
#2107=DIRECTION('',(0.,0.,-1.));
#2108=DIRECTION('',(0.,-1.,0.));
#2109=DIRECTION('',(0.,0.,-1.));
#2110=DIRECTION('',(0.,0.,-1.));
#2111=DIRECTION('',(-1.,0.,0.));
#2112=DIRECTION('',(0.,0.,1.));
#2113=DIRECTION('',(1.,0.,0.));
#2114=DIRECTION('',(0.,0.,-1.));
#2115=DIRECTION('',(0.,0.,-1.));
#2116=DIRECTION('',(-1.,0.,0.));
#2117=DIRECTION('',(0.,0.,1.));
#2118=DIRECTION('',(1.,0.,0.));
#2119=DIRECTION('',(0.,0.,-1.));
#2120=DIRECTION('',(0.,0.,-1.));
#2121=DIRECTION('',(1.,0.,0.));
#2122=DIRECTION('',(0.,0.,-1.));
#2123=DIRECTION('',(0.,-1.,0.));
#2124=DIRECTION('',(0.,0.,-1.));
#2125=DIRECTION('',(0.,0.,-1.));
#2126=DIRECTION('',(-1.,0.,0.));
#2127=DIRECTION('',(0.,0.,1.));
#2128=DIRECTION('',(1.,0.,0.));
#2129=DIRECTION('',(0.,0.,-1.));
#2130=DIRECTION('',(0.,1.,0.));
#2131=DIRECTION('',(0.,0.,1.));
#2132=DIRECTION('',(1.,0.,0.));
#2133=DIRECTION('',(0.,0.,-1.));
#2134=DIRECTION('',(0.,0.,-1.));
#2135=DIRECTION('',(-1.,0.,0.));
#2136=DIRECTION('',(0.,0.,1.));
#2137=DIRECTION('',(1.,0.,0.));
#2138=DIRECTION('',(0.,0.,-1.));
#2139=DIRECTION('',(1.,0.,0.));
#2140=DIRECTION('',(0.,0.,-1.));
#2141=DIRECTION('',(0.,-1.,0.));
#2142=DIRECTION('',(0.,0.,-1.));
#2143=DIRECTION('',(0.,0.,-1.));
#2144=DIRECTION('',(-1.,0.,0.));
#2145=DIRECTION('',(0.,0.,1.));
#2146=DIRECTION('',(1.,0.,0.));
#2147=DIRECTION('',(0.,0.,-1.));
#2148=DIRECTION('',(-1.,0.,0.));
#2149=DIRECTION('',(0.,0.,1.));
#2150=DIRECTION('',(0.,1.,0.));
#2151=DIRECTION('',(0.,0.,-1.));
#2152=DIRECTION('',(0.,0.,-1.));
#2153=DIRECTION('',(-0.707106781186548,0.707106781186547,0.));
#2154=DIRECTION('',(-0.707106781186547,-0.707106781186548,0.));
#2155=DIRECTION('',(0.707106781186547,0.707106781186548,0.));
#2156=DIRECTION('',(0.,0.,-1.));
#2157=DIRECTION('',(0.,-1.,0.));
#2158=DIRECTION('',(0.,0.,-1.));
#2159=DIRECTION('',(-1.,0.,0.));
#2160=DIRECTION('',(0.,0.,-1.));
#2161=DIRECTION('',(-0.707106781186547,-0.707106781186548,0.));
#2162=DIRECTION('',(0.707106781186548,-0.707106781186547,0.));
#2163=DIRECTION('',(-0.707106781186548,0.707106781186547,0.));
#2164=DIRECTION('',(0.,0.,-1.));
#2165=DIRECTION('',(1.,0.,0.));
#2166=DIRECTION('',(0.,0.,-1.));
#2167=DIRECTION('',(0.,0.,-1.));
#2168=DIRECTION('',(0.,-1.,0.));
#2169=DIRECTION('',(0.707106781186545,-0.70710678118655,0.));
#2170=DIRECTION('',(0.70710678118655,0.707106781186545,0.));
#2171=DIRECTION('',(-0.70710678118655,-0.707106781186545,0.));
#2172=DIRECTION('',(0.,0.,-1.));
#2173=DIRECTION('',(0.,-1.,0.));
#2174=DIRECTION('',(0.,0.,-1.));
#2175=DIRECTION('',(-1.,0.,0.));
#2176=DIRECTION('',(0.,0.,-1.));
#2177=DIRECTION('',(0.707106781186549,0.707106781186546,0.));
#2178=DIRECTION('',(-0.707106781186547,0.707106781186549,0.));
#2179=DIRECTION('',(0.,0.,-1.));
#2180=DIRECTION('',(0.707106781186547,-0.707106781186549,0.));
#2181=DIRECTION('',(-1.,1.22663473334669E-15,0.));
#2182=DIRECTION('',(-1.22663473334669E-15,-1.,0.));
#2183=DIRECTION('',(1.22663473334669E-15,1.,0.));
#2184=DIRECTION('',(0.,0.,-1.));
#2185=DIRECTION('',(-0.707106781186549,-0.707106781186546,0.));
#2186=DIRECTION('',(0.707106781186546,-0.707106781186549,0.));
#2187=DIRECTION('',(-0.707106781186546,0.707106781186549,0.));
#2188=DIRECTION('',(0.,0.,-1.));
#2189=DIRECTION('',(0.707106781186548,-0.707106781186548,0.));
#2190=DIRECTION('',(0.707106781186548,0.707106781186548,0.));
#2191=DIRECTION('',(-0.707106781186548,-0.707106781186548,0.));
#2192=DIRECTION('',(0.,0.,-1.));
#2193=DIRECTION('',(0.,-1.,0.));
#2194=DIRECTION('',(0.,0.,-1.));
#2195=DIRECTION('',(-1.,0.,0.));
#2196=DIRECTION('',(0.,0.,-1.));
#2197=DIRECTION('',(-1.,0.,0.));
#2198=DIRECTION('',(0.,0.,1.));
#2199=DIRECTION('',(0.,1.,0.));
#2200=DIRECTION('',(0.,0.,-1.));
#2201=DIRECTION('',(0.,1.,0.));
#2202=DIRECTION('',(0.,0.,1.));
#2203=DIRECTION('',(1.,0.,0.));
#2204=DIRECTION('',(0.,0.,-1.));
#2205=DIRECTION('',(-1.,0.,0.));
#2206=DIRECTION('',(0.,0.,1.));
#2207=DIRECTION('',(1.,0.,0.));
#2208=DIRECTION('',(0.,0.,-1.));
#2209=DIRECTION('',(-1.,0.,0.));
#2210=DIRECTION('',(0.,0.,1.));
#2211=DIRECTION('',(1.,0.,0.));
#2212=DIRECTION('',(0.,0.,-1.));
#2213=DIRECTION('',(-1.,0.,0.));
#2214=DIRECTION('',(0.,0.,1.));
#2215=DIRECTION('',(1.,0.,0.));
#2216=DIRECTION('',(0.,1.,0.));
#2217=DIRECTION('',(0.,0.,1.));
#2218=DIRECTION('',(1.,0.,0.));
#2219=DIRECTION('',(0.,1.,0.));
#2220=DIRECTION('',(0.,0.,1.));
#2221=DIRECTION('',(1.,0.,0.));
#2222=DIRECTION('',(0.,1.,0.));
#2223=DIRECTION('',(0.,0.,1.));
#2224=DIRECTION('',(1.,0.,0.));
#2225=DIRECTION('',(0.,0.,-1.));
#2226=DIRECTION('',(-1.,0.,0.));
#2227=DIRECTION('',(0.,0.,1.));
#2228=DIRECTION('',(1.,0.,0.));
#2229=DIRECTION('',(0.,0.,-1.));
#2230=DIRECTION('',(-1.,0.,0.));
#2231=DIRECTION('',(0.,0.,1.));
#2232=DIRECTION('',(1.,0.,0.));
#2233=DIRECTION('',(0.,0.,-1.));
#2234=DIRECTION('',(-1.,0.,0.));
#2235=DIRECTION('',(0.,0.,1.));
#2236=DIRECTION('',(1.,0.,0.));
#2237=DIRECTION('',(0.,0.,-1.));
#2238=DIRECTION('',(-1.,0.,0.));
#2239=DIRECTION('',(0.,0.,1.));
#2240=DIRECTION('',(1.,0.,0.));
#2241=DIRECTION('',(0.,1.,0.));
#2242=DIRECTION('',(0.,0.,1.));
#2243=DIRECTION('',(1.,0.,0.));
#2244=DIRECTION('',(0.707106781186547,0.707106781186548,0.));
#2245=DIRECTION('',(-0.707106781186548,0.707106781186548,0.));
#2246=DIRECTION('',(0.707106781186548,-0.707106781186548,0.));
#2247=DIRECTION('',(0.,0.,-1.));
#2248=DIRECTION('',(0.,0.,-1.));
#2249=DIRECTION('',(0.,0.,1.));
#2250=DIRECTION('',(1.,0.,0.));
#2251=DIRECTION('',(1.,0.,0.));
#2252=DIRECTION('',(1.,0.,0.));
#2253=DIRECTION('',(0.,0.,1.));
#2254=DIRECTION('',(1.,0.,0.));
#2255=DIRECTION('',(0.,0.,1.));
#2256=DIRECTION('',(1.,0.,0.));
#2257=DIRECTION('',(0.,0.,1.));
#2258=DIRECTION('',(1.,0.,0.));
#2259=DIRECTION('',(0.,0.,1.));
#2260=DIRECTION('',(1.,0.,0.));
#2261=DIRECTION('',(0.,0.,1.));
#2262=DIRECTION('',(1.,0.,0.));
#2263=DIRECTION('',(0.,0.,1.));
#2264=DIRECTION('',(1.,0.,0.));
#2265=DIRECTION('',(0.,0.,1.));
#2266=DIRECTION('',(1.,0.,0.));
#2267=DIRECTION('',(0.,0.,1.));
#2268=DIRECTION('',(1.,0.,0.));
#2269=DIRECTION('',(0.,0.,-1.));
#2270=DIRECTION('',(-1.,0.,0.));
#2271=DIRECTION('',(0.,0.,1.));
#2272=DIRECTION('',(1.,0.,0.));
#2273=DIRECTION('',(0.,0.,1.));
#2274=DIRECTION('',(1.,0.,0.));
#2275=DIRECTION('',(0.,0.,1.));
#2276=DIRECTION('',(1.,0.,0.));
#2277=DIRECTION('',(0.,0.,1.));
#2278=DIRECTION('',(1.,0.,0.));
#2279=DIRECTION('',(0.,0.,-1.));
#2280=DIRECTION('',(-1.,0.,0.));
#2281=DIRECTION('',(0.,0.,1.));
#2282=DIRECTION('',(1.,0.,0.));
#2283=DIRECTION('',(0.,0.,1.));
#2284=DIRECTION('',(1.,0.,0.));
#2285=DIRECTION('',(0.,-1.,0.));
#2286=DIRECTION('',(0.,0.,-1.));
#2287=DIRECTION('',(0.,-1.,0.));
#2288=DIRECTION('',(0.,0.,-1.));
#2289=CARTESIAN_POINT('',(0.,0.,0.));
#2290=CARTESIAN_POINT('',(-0.02961,0.0321975,0.003));
#2291=CARTESIAN_POINT('',(-0.02961,0.0321975,0.003));
#2292=CARTESIAN_POINT('',(-0.02961,0.04487,0.003));
#2293=CARTESIAN_POINT('',(-0.02961,0.03887,0.003));
#2294=CARTESIAN_POINT('',(-0.02961,0.03887,0.00025));
#2295=CARTESIAN_POINT('',(-0.02961,0.03887,0.));
#2296=CARTESIAN_POINT('',(-0.02961,0.0321975,0.));
#2297=CARTESIAN_POINT('',(-0.02961,0.04487,0.));
#2298=CARTESIAN_POINT('',(-0.02961,0.04487,0.003));
#2299=CARTESIAN_POINT('',(0.010971,0.01737,0.003));
#2300=CARTESIAN_POINT('',(-0.034904,-0.01713,0.003));
#2301=CARTESIAN_POINT('',(-0.033204,-0.01713,0.003));
#2302=CARTESIAN_POINT('',(-0.034904,0.05187,0.003));
#2303=CARTESIAN_POINT('',(-0.033204,0.05187,0.003));
#2304=CARTESIAN_POINT('',(0.056846,0.05187,0.003));
#2305=CARTESIAN_POINT('',(0.058546,0.05187,0.003));
#2306=CARTESIAN_POINT('',(0.056846,-0.01713,0.003));
#2307=CARTESIAN_POINT('',(0.058546,-0.01713,0.003));
#2308=CARTESIAN_POINT('',(0.01255,-0.0065,0.003));
#2309=CARTESIAN_POINT('',(0.01205,-0.0065,0.003));
#2310=CARTESIAN_POINT('',(0.01255,-0.007,0.003));
#2311=CARTESIAN_POINT('',(0.01205,1.7347234759768E-18,0.003));
#2312=CARTESIAN_POINT('',(0.01205,0.0065,0.003));
#2313=CARTESIAN_POINT('',(0.01255,0.0065,0.003));
#2314=CARTESIAN_POINT('',(0.01255,0.007,0.003));
#2315=CARTESIAN_POINT('',(0.01905,0.007,0.003));
#2316=CARTESIAN_POINT('',(0.02555,0.007,0.003));
#2317=CARTESIAN_POINT('',(0.02555,0.0065,0.003));
#2318=CARTESIAN_POINT('',(0.02605,0.0065,0.003));
#2319=CARTESIAN_POINT('',(0.02605,1.7347234759768E-18,0.003));
#2320=CARTESIAN_POINT('',(0.02605,-0.0065,0.003));
#2321=CARTESIAN_POINT('',(0.02555,-0.0065,0.003));
#2322=CARTESIAN_POINT('',(0.02555,-0.007,0.003));
#2323=CARTESIAN_POINT('',(0.01905,-0.007,0.003));
#2324=CARTESIAN_POINT('',(0.0316,-0.0065,0.003));
#2325=CARTESIAN_POINT('',(0.0311,-0.0065,0.003));
#2326=CARTESIAN_POINT('',(0.0316,-0.007,0.003));
#2327=CARTESIAN_POINT('',(0.0311,1.7347234759768E-18,0.003));
#2328=CARTESIAN_POINT('',(0.0311,0.0065,0.003));
#2329=CARTESIAN_POINT('',(0.0316,0.0065,0.003));
#2330=CARTESIAN_POINT('',(0.0316,0.007,0.003));
#2331=CARTESIAN_POINT('',(0.0381,0.007,0.003));
#2332=CARTESIAN_POINT('',(0.0446,0.007,0.003));
#2333=CARTESIAN_POINT('',(0.0446,0.0065,0.003));
#2334=CARTESIAN_POINT('',(0.0451,0.0065,0.003));
#2335=CARTESIAN_POINT('',(0.0451,1.7347234759768E-18,0.003));
#2336=CARTESIAN_POINT('',(0.0451,-0.0065,0.003));
#2337=CARTESIAN_POINT('',(0.0446,-0.0065,0.003));
#2338=CARTESIAN_POINT('',(0.0446,-0.007,0.003));
#2339=CARTESIAN_POINT('',(0.0381,-0.007,0.003));
#2340=CARTESIAN_POINT('',(0.02555,0.02555,0.003));
#2341=CARTESIAN_POINT('',(0.02605,0.02555,0.003));
#2342=CARTESIAN_POINT('',(0.02555,0.02605,0.003));
#2343=CARTESIAN_POINT('',(0.02605,0.01905,0.003));
#2344=CARTESIAN_POINT('',(0.02605,0.01255,0.003));
#2345=CARTESIAN_POINT('',(0.02555,0.01255,0.003));
#2346=CARTESIAN_POINT('',(0.02555,0.01205,0.003));
#2347=CARTESIAN_POINT('',(0.01905,0.01205,0.003));
#2348=CARTESIAN_POINT('',(0.01255,0.01205,0.003));
#2349=CARTESIAN_POINT('',(0.01255,0.01255,0.003));
#2350=CARTESIAN_POINT('',(0.01205,0.01255,0.003));
#2351=CARTESIAN_POINT('',(0.01205,0.01905,0.003));
#2352=CARTESIAN_POINT('',(0.01205,0.02555,0.003));
#2353=CARTESIAN_POINT('',(0.01255,0.02555,0.003));
#2354=CARTESIAN_POINT('',(0.01255,0.02605,0.003));
#2355=CARTESIAN_POINT('',(0.01905,0.02605,0.003));
#2356=CARTESIAN_POINT('',(0.0448900571289063,0.0376652316372394,0.003));
#2357=CARTESIAN_POINT('',(0.0478900571289063,0.0376652316372394,0.003));
#2358=CARTESIAN_POINT('',(-0.02161,-0.002585,0.003));
#2359=CARTESIAN_POINT('',(-0.01861,-0.002585,0.003));
#2360=CARTESIAN_POINT('',(-1.7347234759768E-18,-0.007,0.003));
#2361=CARTESIAN_POINT('',(-0.0065,-0.007,0.003));
#2362=CARTESIAN_POINT('',(0.0065,-0.007,0.003));
#2363=CARTESIAN_POINT('',(-0.0065,-0.0065,0.003));
#2364=CARTESIAN_POINT('',(-0.007,-0.0065,0.003));
#2365=CARTESIAN_POINT('',(-0.007,1.7347234759768E-18,0.003));
#2366=CARTESIAN_POINT('',(-0.007,0.0065,0.003));
#2367=CARTESIAN_POINT('',(-0.0065,0.0065,0.003));
#2368=CARTESIAN_POINT('',(-0.0065,0.007,0.003));
#2369=CARTESIAN_POINT('',(-1.7347234759768E-18,0.007,0.003));
#2370=CARTESIAN_POINT('',(0.0065,0.007,0.003));
#2371=CARTESIAN_POINT('',(0.0065,0.0065,0.003));
#2372=CARTESIAN_POINT('',(0.007,0.0065,0.003));
#2373=CARTESIAN_POINT('',(0.007,1.7347234759768E-18,0.003));
#2374=CARTESIAN_POINT('',(0.007,-0.0065,0.003));
#2375=CARTESIAN_POINT('',(0.0065,-0.0065,0.003));
#2376=CARTESIAN_POINT('',(0.0316,0.01255,0.003));
#2377=CARTESIAN_POINT('',(0.0311,0.01255,0.003));
#2378=CARTESIAN_POINT('',(0.0316,0.01205,0.003));
#2379=CARTESIAN_POINT('',(0.0311,0.01905,0.003));
#2380=CARTESIAN_POINT('',(0.0311,0.02555,0.003));
#2381=CARTESIAN_POINT('',(0.0316,0.02555,0.003));
#2382=CARTESIAN_POINT('',(0.0316,0.02605,0.003));
#2383=CARTESIAN_POINT('',(0.0381,0.02605,0.003));
#2384=CARTESIAN_POINT('',(0.0446,0.02605,0.003));
#2385=CARTESIAN_POINT('',(0.0446,0.02555,0.003));
#2386=CARTESIAN_POINT('',(0.0451,0.02555,0.003));
#2387=CARTESIAN_POINT('',(0.0451,0.01905,0.003));
#2388=CARTESIAN_POINT('',(0.0451,0.01255,0.003));
#2389=CARTESIAN_POINT('',(0.0446,0.01255,0.003));
#2390=CARTESIAN_POINT('',(0.0446,0.01205,0.003));
#2391=CARTESIAN_POINT('',(0.0381,0.01205,0.003));
#2392=CARTESIAN_POINT('',(-0.042904,0.01737,0.003));
#2393=CARTESIAN_POINT('',(-0.042904,0.0494557864376269,0.003));
#2394=CARTESIAN_POINT('',(-0.042904,0.03887,0.003));
#2395=CARTESIAN_POINT('',(-0.05461,0.03887,0.003));
#2396=CARTESIAN_POINT('',(-0.02861,0.04587,0.003));
#2397=CARTESIAN_POINT('',(-0.02761,0.04687,0.003));
#2398=CARTESIAN_POINT('',(-0.019656,0.04687,0.003));
#2399=CARTESIAN_POINT('',(-0.011702,0.04687,0.003));
#2400=CARTESIAN_POINT('',(-0.00887357287525382,0.0440415728752538,0.003));
#2401=CARTESIAN_POINT('',(-0.00463093218813453,0.0397989321881345,0.003));
#2402=CARTESIAN_POINT('',(-0.00463093218813453,0.0412131457505076,0.003));
#2403=CARTESIAN_POINT('',(-0.00463093218813453,0.0426273593128808,0.003));
#2404=CARTESIAN_POINT('',(-0.00650225253169417,0.0444986796564404,0.003));
#2405=CARTESIAN_POINT('',(-0.00837357287525381,0.04637,0.003));
#2406=CARTESIAN_POINT('',(-0.00812357287525381,0.04662,0.003));
#2407=CARTESIAN_POINT('',(-0.0078735728752538,0.04687,0.003));
#2408=CARTESIAN_POINT('',(-0.00695935931288071,0.04687,0.003));
#2409=CARTESIAN_POINT('',(0.041046,0.04687,0.003));
#2410=CARTESIAN_POINT('',(0.041046,0.0387225,0.003));
#2411=CARTESIAN_POINT('',(0.041046,0.030575,0.003));
#2412=CARTESIAN_POINT('',(0.0246355,0.030575,0.003));
#2413=CARTESIAN_POINT('',(0.008225,0.030575,0.003));
#2414=CARTESIAN_POINT('',(0.008225,0.0200910052977502,0.003));
#2415=CARTESIAN_POINT('',(0.008225,0.0136070105955005,0.003));
#2416=CARTESIAN_POINT('',(0.00618399470224976,0.0115660052977502,0.003));
#2417=CARTESIAN_POINT('',(0.00414298940449953,0.009525,0.003));
#2418=CARTESIAN_POINT('',(-0.00773350529775023,0.009525,0.003));
#2419=CARTESIAN_POINT('',(-0.01961,0.009525,0.003));
#2420=CARTESIAN_POINT('',(-0.02461,0.014525,0.003));
#2421=CARTESIAN_POINT('',(-0.02961,0.019525,0.003));
#2422=CARTESIAN_POINT('',(-0.02961,0.0321975,0.003));
#2423=CARTESIAN_POINT('',(-0.02961,0.02487,0.003));
#2424=CARTESIAN_POINT('',(-0.05461,0.02487,0.003));
#2425=CARTESIAN_POINT('',(-0.042904,0.02487,0.003));
#2426=CARTESIAN_POINT('',(-0.042904,0.01737,0.003));
#2427=CARTESIAN_POINT('',(-0.042904,-0.0147157864376269,0.003));
#2428=CARTESIAN_POINT('',(-0.041904,-0.0147157864376269,0.003));
#2429=CARTESIAN_POINT('',(-0.0426111067811865,-0.0154228932188135,0.003));
#2430=CARTESIAN_POINT('',(-0.037904,-0.02013,0.003));
#2431=CARTESIAN_POINT('',(-0.0331968932188135,-0.0248371067811866,0.003));
#2432=CARTESIAN_POINT('',(-0.0324897864376269,-0.02413,0.003));
#2433=CARTESIAN_POINT('',(-0.0324897864376269,-0.02513,0.003));
#2434=CARTESIAN_POINT('',(0.0226605,-0.02513,0.003));
#2435=CARTESIAN_POINT('',(0.0544317864376269,-0.02513,0.003));
#2436=CARTESIAN_POINT('',(0.0544317864376269,-0.02413,0.003));
#2437=CARTESIAN_POINT('',(0.0551388932188135,-0.0248371067811866,0.003));
#2438=CARTESIAN_POINT('',(0.059846,-0.02013,0.003));
#2439=CARTESIAN_POINT('',(0.0645531067811865,-0.0154228932188135,0.003));
#2440=CARTESIAN_POINT('',(0.063846,-0.0147157864376269,0.003));
#2441=CARTESIAN_POINT('',(0.064846,-0.0147157864376269,0.003));
#2442=CARTESIAN_POINT('',(0.064846,-0.0028025,0.003));
#2443=CARTESIAN_POINT('',(0.064846,0.0494557864376269,0.003));
#2444=CARTESIAN_POINT('',(0.063846,0.0494557864376269,0.003));
#2445=CARTESIAN_POINT('',(0.0645531067811865,0.0501628932188135,0.003));
#2446=CARTESIAN_POINT('',(0.059846,0.05487,0.003));
#2447=CARTESIAN_POINT('',(0.0551388932188135,0.0595771067811865,0.003));
#2448=CARTESIAN_POINT('',(0.0544317864376269,0.05887,0.003));
#2449=CARTESIAN_POINT('',(0.0544317864376269,0.05987,0.003));
#2450=CARTESIAN_POINT('',(0.010971,0.05987,0.003));
#2451=CARTESIAN_POINT('',(-0.0324897864376269,0.05987,0.003));
#2452=CARTESIAN_POINT('',(-0.0324897864376269,0.05887,0.003));
#2453=CARTESIAN_POINT('',(-0.0331968932188135,0.0595771067811865,0.003));
#2454=CARTESIAN_POINT('',(-0.037904,0.05487,0.003));
#2455=CARTESIAN_POINT('',(-0.0426111067811865,0.0501628932188135,0.003));
#2456=CARTESIAN_POINT('',(-0.041904,0.0494557864376269,0.003));
#2457=CARTESIAN_POINT('',(-0.042904,0.01737,0.003));
#2458=CARTESIAN_POINT('',(-0.042904,0.03887,0.003));
#2459=CARTESIAN_POINT('',(-0.042904,0.03887,0.));
#2460=CARTESIAN_POINT('',(-0.042904,0.0494557864376269,0.));
#2461=CARTESIAN_POINT('',(-0.042904,0.0494557864376269,0.));
#2462=CARTESIAN_POINT('',(-0.042904,0.01737,0.));
#2463=CARTESIAN_POINT('',(0.0226605,-0.02513,0.003));
#2464=CARTESIAN_POINT('',(-0.0324897864376269,-0.02513,0.));
#2465=CARTESIAN_POINT('',(-0.0324897864376269,-0.02513,0.));
#2466=CARTESIAN_POINT('',(0.0226605,-0.02513,0.));
#2467=CARTESIAN_POINT('',(0.0544317864376269,-0.02513,0.));
#2468=CARTESIAN_POINT('',(0.0544317864376269,-0.02513,0.003));
#2469=CARTESIAN_POINT('',(0.059846,-0.02013,0.003));
#2470=CARTESIAN_POINT('',(0.0551388932188135,-0.0248371067811866,0.));
#2471=CARTESIAN_POINT('',(0.0551388932188135,-0.0248371067811866,0.));
#2472=CARTESIAN_POINT('',(0.059846,-0.02013,0.));
#2473=CARTESIAN_POINT('',(0.0645531067811865,-0.0154228932188135,0.));
#2474=CARTESIAN_POINT('',(0.0645531067811865,-0.0154228932188135,0.003));
#2475=CARTESIAN_POINT('',(0.064846,-0.0028025,0.003));
#2476=CARTESIAN_POINT('',(0.064846,-0.0028025,0.));
#2477=CARTESIAN_POINT('',(0.064846,0.0494557864376269,0.));
#2478=CARTESIAN_POINT('',(0.064846,-0.0147157864376269,0.));
#2479=CARTESIAN_POINT('',(0.064846,0.0494557864376269,0.003));
#2480=CARTESIAN_POINT('',(0.064846,-0.0147157864376269,0.));
#2481=CARTESIAN_POINT('',(0.059846,0.05487,0.003));
#2482=CARTESIAN_POINT('',(0.059846,0.05487,0.));
#2483=CARTESIAN_POINT('',(0.0645531067811865,0.0501628932188135,0.));
#2484=CARTESIAN_POINT('',(0.0551388932188135,0.0595771067811865,0.));
#2485=CARTESIAN_POINT('',(0.0551388932188135,0.0595771067811865,0.003));
#2486=CARTESIAN_POINT('',(0.0645531067811865,0.0501628932188135,0.));
#2487=CARTESIAN_POINT('',(0.010971,0.05987,0.003));
#2488=CARTESIAN_POINT('',(0.0544317864376269,0.05987,0.003));
#2489=CARTESIAN_POINT('',(0.0544317864376269,0.05987,0.));
#2490=CARTESIAN_POINT('',(0.010971,0.05987,0.));
#2491=CARTESIAN_POINT('',(-0.0324897864376269,0.05987,0.));
#2492=CARTESIAN_POINT('',(-0.0324897864376269,0.05987,0.003));
#2493=CARTESIAN_POINT('',(-0.037904,0.05487,0.003));
#2494=CARTESIAN_POINT('',(-0.037904,0.05487,0.));
#2495=CARTESIAN_POINT('',(-0.0426111067811865,0.0501628932188135,0.));
#2496=CARTESIAN_POINT('',(-0.0331968932188135,0.0595771067811865,0.));
#2497=CARTESIAN_POINT('',(-0.0426111067811865,0.0501628932188135,0.003));
#2498=CARTESIAN_POINT('',(-0.0331968932188135,0.0595771067811865,0.));
#2499=CARTESIAN_POINT('',(-0.042904,0.01737,0.003));
#2500=CARTESIAN_POINT('',(-0.042904,0.02487,0.003));
#2501=CARTESIAN_POINT('',(-0.042904,0.02487,0.));
#2502=CARTESIAN_POINT('',(-0.042904,0.01737,0.));
#2503=CARTESIAN_POINT('',(-0.042904,-0.0147157864376269,0.));
#2504=CARTESIAN_POINT('',(-0.042904,-0.0147157864376269,0.003));
#2505=CARTESIAN_POINT('',(0.0316,0.01255,0.003));
#2506=CARTESIAN_POINT('',(0.0316,0.01255,0.));
#2507=CARTESIAN_POINT('',(0.0311,0.01255,0.));
#2508=CARTESIAN_POINT('',(0.0316,0.01205,0.));
#2509=CARTESIAN_POINT('',(0.0311,0.01255,0.003));
#2510=CARTESIAN_POINT('',(0.0316,0.01205,0.003));
#2511=CARTESIAN_POINT('',(0.0311,0.01905,0.003));
#2512=CARTESIAN_POINT('',(0.0311,0.01905,0.));
#2513=CARTESIAN_POINT('',(0.0311,0.02555,0.));
#2514=CARTESIAN_POINT('',(0.0311,0.02555,0.003));
#2515=CARTESIAN_POINT('',(0.0316,0.02555,0.003));
#2516=CARTESIAN_POINT('',(0.0316,0.02555,0.));
#2517=CARTESIAN_POINT('',(0.0316,0.02605,0.));
#2518=CARTESIAN_POINT('',(0.0316,0.02605,0.003));
#2519=CARTESIAN_POINT('',(0.0381,0.02605,0.003));
#2520=CARTESIAN_POINT('',(0.0381,0.02605,0.));
#2521=CARTESIAN_POINT('',(0.0446,0.02605,0.));
#2522=CARTESIAN_POINT('',(0.0446,0.02605,0.003));
#2523=CARTESIAN_POINT('',(0.0446,0.02555,0.003));
#2524=CARTESIAN_POINT('',(0.0446,0.02555,0.));
#2525=CARTESIAN_POINT('',(0.0451,0.02555,0.));
#2526=CARTESIAN_POINT('',(0.0451,0.02555,0.003));
#2527=CARTESIAN_POINT('',(0.0451,0.01905,0.003));
#2528=CARTESIAN_POINT('',(0.0451,0.01905,0.));
#2529=CARTESIAN_POINT('',(0.0451,0.01255,0.));
#2530=CARTESIAN_POINT('',(0.0451,0.01255,0.003));
#2531=CARTESIAN_POINT('',(0.0446,0.01255,0.003));
#2532=CARTESIAN_POINT('',(0.0446,0.01255,0.));
#2533=CARTESIAN_POINT('',(0.0446,0.01205,0.));
#2534=CARTESIAN_POINT('',(0.0446,0.01205,0.003));
#2535=CARTESIAN_POINT('',(-1.7347234759768E-18,-0.007,0.003));
#2536=CARTESIAN_POINT('',(-1.7347234759768E-18,-0.007,0.));
#2537=CARTESIAN_POINT('',(-0.0065,-0.007,0.));
#2538=CARTESIAN_POINT('',(0.0065,-0.007,0.));
#2539=CARTESIAN_POINT('',(-0.0065,-0.007,0.003));
#2540=CARTESIAN_POINT('',(0.0065,-0.007,0.003));
#2541=CARTESIAN_POINT('',(-0.0065,-0.0065,0.003));
#2542=CARTESIAN_POINT('',(-0.0065,-0.0065,0.));
#2543=CARTESIAN_POINT('',(-0.007,-0.0065,0.));
#2544=CARTESIAN_POINT('',(-0.007,-0.0065,0.003));
#2545=CARTESIAN_POINT('',(-0.007,1.7347234759768E-18,0.003));
#2546=CARTESIAN_POINT('',(-0.007,1.7347234759768E-18,0.));
#2547=CARTESIAN_POINT('',(-0.007,0.0065,0.));
#2548=CARTESIAN_POINT('',(-0.007,0.0065,0.003));
#2549=CARTESIAN_POINT('',(-0.0065,0.0065,0.003));
#2550=CARTESIAN_POINT('',(-0.0065,0.0065,0.));
#2551=CARTESIAN_POINT('',(-0.0065,0.007,0.));
#2552=CARTESIAN_POINT('',(-0.0065,0.007,0.003));
#2553=CARTESIAN_POINT('',(-1.7347234759768E-18,0.007,0.003));
#2554=CARTESIAN_POINT('',(-1.7347234759768E-18,0.007,0.));
#2555=CARTESIAN_POINT('',(0.0065,0.007,0.));
#2556=CARTESIAN_POINT('',(0.0065,0.007,0.003));
#2557=CARTESIAN_POINT('',(0.0065,0.0065,0.003));
#2558=CARTESIAN_POINT('',(0.0065,0.0065,0.));
#2559=CARTESIAN_POINT('',(0.007,0.0065,0.));
#2560=CARTESIAN_POINT('',(0.007,0.0065,0.003));
#2561=CARTESIAN_POINT('',(0.007,1.7347234759768E-18,0.003));
#2562=CARTESIAN_POINT('',(0.007,1.7347234759768E-18,0.));
#2563=CARTESIAN_POINT('',(0.007,-0.0065,0.));
#2564=CARTESIAN_POINT('',(0.007,-0.0065,0.003));
#2565=CARTESIAN_POINT('',(0.02555,0.02555,0.003));
#2566=CARTESIAN_POINT('',(0.02555,0.02555,0.));
#2567=CARTESIAN_POINT('',(0.02605,0.02555,0.));
#2568=CARTESIAN_POINT('',(0.02555,0.02605,0.));
#2569=CARTESIAN_POINT('',(0.02605,0.02555,0.003));
#2570=CARTESIAN_POINT('',(0.02555,0.02605,0.003));
#2571=CARTESIAN_POINT('',(0.02605,0.01905,0.003));
#2572=CARTESIAN_POINT('',(0.02605,0.01905,0.));
#2573=CARTESIAN_POINT('',(0.02605,0.01255,0.));
#2574=CARTESIAN_POINT('',(0.02605,0.01255,0.003));
#2575=CARTESIAN_POINT('',(0.02555,0.01255,0.003));
#2576=CARTESIAN_POINT('',(0.02555,0.01255,0.));
#2577=CARTESIAN_POINT('',(0.02555,0.01205,0.));
#2578=CARTESIAN_POINT('',(0.02555,0.01205,0.003));
#2579=CARTESIAN_POINT('',(0.01905,0.01205,0.003));
#2580=CARTESIAN_POINT('',(0.01905,0.01205,0.));
#2581=CARTESIAN_POINT('',(0.01255,0.01205,0.));
#2582=CARTESIAN_POINT('',(0.01255,0.01205,0.003));
#2583=CARTESIAN_POINT('',(0.01255,0.01255,0.003));
#2584=CARTESIAN_POINT('',(0.01255,0.01255,0.));
#2585=CARTESIAN_POINT('',(0.01205,0.01255,0.));
#2586=CARTESIAN_POINT('',(0.01205,0.01255,0.003));
#2587=CARTESIAN_POINT('',(0.01205,0.01905,0.003));
#2588=CARTESIAN_POINT('',(0.01205,0.01905,0.));
#2589=CARTESIAN_POINT('',(0.01205,0.02555,0.));
#2590=CARTESIAN_POINT('',(0.01205,0.02555,0.003));
#2591=CARTESIAN_POINT('',(0.01255,0.02555,0.003));
#2592=CARTESIAN_POINT('',(0.01255,0.02555,0.));
#2593=CARTESIAN_POINT('',(0.01255,0.02605,0.));
#2594=CARTESIAN_POINT('',(0.01255,0.02605,0.003));
#2595=CARTESIAN_POINT('',(0.0316,-0.0065,0.003));
#2596=CARTESIAN_POINT('',(0.0316,-0.0065,0.));
#2597=CARTESIAN_POINT('',(0.0311,-0.0065,0.));
#2598=CARTESIAN_POINT('',(0.0316,-0.007,0.));
#2599=CARTESIAN_POINT('',(0.0311,-0.0065,0.003));
#2600=CARTESIAN_POINT('',(0.0316,-0.007,0.003));
#2601=CARTESIAN_POINT('',(0.0311,1.7347234759768E-18,0.003));
#2602=CARTESIAN_POINT('',(0.0311,1.7347234759768E-18,0.));
#2603=CARTESIAN_POINT('',(0.0311,0.0065,0.));
#2604=CARTESIAN_POINT('',(0.0311,0.0065,0.003));
#2605=CARTESIAN_POINT('',(0.0316,0.0065,0.003));
#2606=CARTESIAN_POINT('',(0.0316,0.0065,0.));
#2607=CARTESIAN_POINT('',(0.0316,0.007,0.));
#2608=CARTESIAN_POINT('',(0.0316,0.007,0.003));
#2609=CARTESIAN_POINT('',(0.0381,0.007,0.003));
#2610=CARTESIAN_POINT('',(0.0381,0.007,0.));
#2611=CARTESIAN_POINT('',(0.0446,0.007,0.));
#2612=CARTESIAN_POINT('',(0.0446,0.007,0.003));
#2613=CARTESIAN_POINT('',(0.0446,0.0065,0.003));
#2614=CARTESIAN_POINT('',(0.0446,0.0065,0.));
#2615=CARTESIAN_POINT('',(0.0451,0.0065,0.));
#2616=CARTESIAN_POINT('',(0.0451,0.0065,0.003));
#2617=CARTESIAN_POINT('',(0.0451,1.7347234759768E-18,0.003));
#2618=CARTESIAN_POINT('',(0.0451,1.7347234759768E-18,0.));
#2619=CARTESIAN_POINT('',(0.0451,-0.0065,0.));
#2620=CARTESIAN_POINT('',(0.0451,-0.0065,0.003));
#2621=CARTESIAN_POINT('',(0.0446,-0.0065,0.003));
#2622=CARTESIAN_POINT('',(0.0446,-0.0065,0.));
#2623=CARTESIAN_POINT('',(0.0446,-0.007,0.));
#2624=CARTESIAN_POINT('',(0.0446,-0.007,0.003));
#2625=CARTESIAN_POINT('',(0.01255,-0.0065,0.003));
#2626=CARTESIAN_POINT('',(0.01255,-0.0065,0.));
#2627=CARTESIAN_POINT('',(0.01205,-0.0065,0.));
#2628=CARTESIAN_POINT('',(0.01255,-0.007,0.));
#2629=CARTESIAN_POINT('',(0.01205,-0.0065,0.003));
#2630=CARTESIAN_POINT('',(0.01255,-0.007,0.003));
#2631=CARTESIAN_POINT('',(0.01205,1.7347234759768E-18,0.003));
#2632=CARTESIAN_POINT('',(0.01205,1.7347234759768E-18,0.));
#2633=CARTESIAN_POINT('',(0.01205,0.0065,0.));
#2634=CARTESIAN_POINT('',(0.01205,0.0065,0.003));
#2635=CARTESIAN_POINT('',(0.01255,0.0065,0.003));
#2636=CARTESIAN_POINT('',(0.01255,0.0065,0.));
#2637=CARTESIAN_POINT('',(0.01255,0.007,0.));
#2638=CARTESIAN_POINT('',(0.01255,0.007,0.003));
#2639=CARTESIAN_POINT('',(0.01905,0.007,0.003));
#2640=CARTESIAN_POINT('',(0.01905,0.007,0.));
#2641=CARTESIAN_POINT('',(0.02555,0.007,0.));
#2642=CARTESIAN_POINT('',(0.02555,0.007,0.003));
#2643=CARTESIAN_POINT('',(0.02555,0.0065,0.003));
#2644=CARTESIAN_POINT('',(0.02555,0.0065,0.));
#2645=CARTESIAN_POINT('',(0.02605,0.0065,0.));
#2646=CARTESIAN_POINT('',(0.02605,0.0065,0.003));
#2647=CARTESIAN_POINT('',(0.02605,1.7347234759768E-18,0.003));
#2648=CARTESIAN_POINT('',(0.02605,1.7347234759768E-18,0.));
#2649=CARTESIAN_POINT('',(0.02605,-0.0065,0.));
#2650=CARTESIAN_POINT('',(0.02605,-0.0065,0.003));
#2651=CARTESIAN_POINT('',(0.02555,-0.0065,0.003));
#2652=CARTESIAN_POINT('',(0.02555,-0.0065,0.));
#2653=CARTESIAN_POINT('',(0.02555,-0.007,0.));
#2654=CARTESIAN_POINT('',(0.02555,-0.007,0.003));
#2655=CARTESIAN_POINT('',(0.008225,0.0200910052977502,0.003));
#2656=CARTESIAN_POINT('',(0.008225,0.0200910052977502,0.));
#2657=CARTESIAN_POINT('',(0.008225,0.0136070105955005,0.));
#2658=CARTESIAN_POINT('',(0.008225,0.030575,0.));
#2659=CARTESIAN_POINT('',(0.008225,0.0136070105955005,0.003));
#2660=CARTESIAN_POINT('',(0.008225,0.030575,0.003));
#2661=CARTESIAN_POINT('',(0.00618399470224976,0.0115660052977502,0.003));
#2662=CARTESIAN_POINT('',(0.00618399470224976,0.0115660052977502,0.));
#2663=CARTESIAN_POINT('',(0.00414298940449953,0.009525,0.));
#2664=CARTESIAN_POINT('',(0.00414298940449953,0.009525,0.003));
#2665=CARTESIAN_POINT('',(-0.00773350529775023,0.009525,0.003));
#2666=CARTESIAN_POINT('',(-0.00773350529775023,0.009525,0.));
#2667=CARTESIAN_POINT('',(-0.01961,0.009525,0.));
#2668=CARTESIAN_POINT('',(-0.01961,0.009525,0.003));
#2669=CARTESIAN_POINT('',(-0.02461,0.014525,0.003));
#2670=CARTESIAN_POINT('',(-0.02461,0.014525,0.));
#2671=CARTESIAN_POINT('',(-0.02961,0.019525,0.));
#2672=CARTESIAN_POINT('',(-0.02961,0.019525,0.003));
#2673=CARTESIAN_POINT('',(-0.02961,0.0321975,0.003));
#2674=CARTESIAN_POINT('',(-0.02961,0.02487,0.00175));
#2675=CARTESIAN_POINT('',(-0.02961,0.02487,0.));
#2676=CARTESIAN_POINT('',(-0.02961,0.0321975,0.));
#2677=CARTESIAN_POINT('',(-0.02861,0.04587,0.003));
#2678=CARTESIAN_POINT('',(-0.02861,0.04587,0.));
#2679=CARTESIAN_POINT('',(-0.02761,0.04687,0.));
#2680=CARTESIAN_POINT('',(-0.02761,0.04687,0.003));
#2681=CARTESIAN_POINT('',(-0.019656,0.04687,0.003));
#2682=CARTESIAN_POINT('',(-0.019656,0.04687,0.));
#2683=CARTESIAN_POINT('',(-0.011702,0.04687,0.));
#2684=CARTESIAN_POINT('',(-0.011702,0.04687,0.003));
#2685=CARTESIAN_POINT('',(-0.00887357287525382,0.0440415728752538,0.003));
#2686=CARTESIAN_POINT('',(-0.00463093218813453,0.0397989321881345,0.003));
#2687=CARTESIAN_POINT('',(-0.00463093218813453,0.0397989321881345,0.));
#2688=CARTESIAN_POINT('',(-0.00887357287525382,0.0440415728752538,0.));
#2689=CARTESIAN_POINT('',(-0.00463093218813453,0.0412131457505076,0.003));
#2690=CARTESIAN_POINT('',(-0.00463093218813453,0.0412131457505076,0.));
#2691=CARTESIAN_POINT('',(-0.00463093218813453,0.0426273593128808,0.));
#2692=CARTESIAN_POINT('',(-0.00463093218813453,0.0426273593128808,0.003));
#2693=CARTESIAN_POINT('',(-0.00650225253169417,0.0444986796564404,0.003));
#2694=CARTESIAN_POINT('',(-0.00650225253169417,0.0444986796564404,0.));
#2695=CARTESIAN_POINT('',(-0.00837357287525381,0.04637,0.));
#2696=CARTESIAN_POINT('',(-0.00837357287525381,0.04637,0.003));
#2697=CARTESIAN_POINT('',(-0.00812357287525381,0.04662,0.003));
#2698=CARTESIAN_POINT('',(-0.00812357287525381,0.04662,0.));
#2699=CARTESIAN_POINT('',(-0.0078735728752538,0.04687,0.));
#2700=CARTESIAN_POINT('',(-0.0078735728752538,0.04687,0.003));
#2701=CARTESIAN_POINT('',(-0.00695935931288071,0.04687,0.003));
#2702=CARTESIAN_POINT('',(-0.00695935931288071,0.04687,0.));
#2703=CARTESIAN_POINT('',(0.041046,0.04687,0.));
#2704=CARTESIAN_POINT('',(0.041046,0.04687,0.003));
#2705=CARTESIAN_POINT('',(0.041046,0.0387225,0.003));
#2706=CARTESIAN_POINT('',(0.041046,0.0387225,0.));
#2707=CARTESIAN_POINT('',(0.041046,0.030575,0.));
#2708=CARTESIAN_POINT('',(0.041046,0.030575,0.003));
#2709=CARTESIAN_POINT('',(0.0381,0.01205,0.003));
#2710=CARTESIAN_POINT('',(0.0381,0.01205,0.));
#2711=CARTESIAN_POINT('',(0.0065,-0.0065,0.003));
#2712=CARTESIAN_POINT('',(0.0065,-0.0065,0.));
#2713=CARTESIAN_POINT('',(-0.02161,-0.002585,0.003));
#2714=CARTESIAN_POINT('',(-0.02161,-0.002585,0.));
#2715=CARTESIAN_POINT('',(-0.01861,-0.002585,0.));
#2716=CARTESIAN_POINT('',(0.0448900571289063,0.0376652316372394,0.003));
#2717=CARTESIAN_POINT('',(0.0448900571289063,0.0376652316372394,0.));
#2718=CARTESIAN_POINT('',(0.0478900571289063,0.0376652316372394,0.));
#2719=CARTESIAN_POINT('',(0.01905,0.02605,0.003));
#2720=CARTESIAN_POINT('',(0.01905,0.02605,0.));
#2721=CARTESIAN_POINT('',(0.0381,-0.007,0.003));
#2722=CARTESIAN_POINT('',(0.0381,-0.007,0.));
#2723=CARTESIAN_POINT('',(0.01905,-0.007,0.003));
#2724=CARTESIAN_POINT('',(0.01905,-0.007,0.));
#2725=CARTESIAN_POINT('',(0.056846,-0.01713,0.003));
#2726=CARTESIAN_POINT('',(0.056846,-0.01713,0.));
#2727=CARTESIAN_POINT('',(0.058546,-0.01713,0.));
#2728=CARTESIAN_POINT('',(0.056846,0.05187,0.003));
#2729=CARTESIAN_POINT('',(0.056846,0.05187,0.));
#2730=CARTESIAN_POINT('',(0.058546,0.05187,0.));
#2731=CARTESIAN_POINT('',(-0.034904,0.05187,0.003));
#2732=CARTESIAN_POINT('',(-0.034904,0.05187,0.));
#2733=CARTESIAN_POINT('',(-0.033204,0.05187,0.));
#2734=CARTESIAN_POINT('',(-0.034904,-0.01713,0.003));
#2735=CARTESIAN_POINT('',(-0.034904,-0.01713,0.));
#2736=CARTESIAN_POINT('',(-0.033204,-0.01713,0.));
#2737=CARTESIAN_POINT('',(0.0246355,0.030575,0.003));
#2738=CARTESIAN_POINT('',(0.0246355,0.030575,0.));
#2739=CARTESIAN_POINT('',(-0.037904,-0.02013,0.003));
#2740=CARTESIAN_POINT('',(-0.037904,-0.02013,0.));
#2741=CARTESIAN_POINT('',(-0.0426111067811865,-0.0154228932188135,0.));
#2742=CARTESIAN_POINT('',(-0.0331968932188135,-0.0248371067811866,0.));
#2743=CARTESIAN_POINT('',(-0.0331968932188135,-0.0248371067811866,0.003));
#2744=CARTESIAN_POINT('',(-0.0426111067811865,-0.0154228932188135,0.003));
#2745=CARTESIAN_POINT('',(0.010971,0.01737,0.));
#2746=CARTESIAN_POINT('',(-0.05461,0.02487,0.));
#2747=CARTESIAN_POINT('',(-0.05461,0.03887,0.));
#2748=CARTESIAN_POINT('',(-0.041904,0.0494557864376269,0.));
#2749=CARTESIAN_POINT('',(-0.0324897864376269,0.05887,0.));
#2750=CARTESIAN_POINT('',(0.0544317864376269,0.05887,0.));
#2751=CARTESIAN_POINT('',(0.063846,0.0494557864376269,0.));
#2752=CARTESIAN_POINT('',(0.063846,-0.0147157864376269,0.));
#2753=CARTESIAN_POINT('',(0.0544317864376269,-0.02413,0.));
#2754=CARTESIAN_POINT('',(-0.0324897864376269,-0.02413,0.));
#2755=CARTESIAN_POINT('',(-0.041904,-0.0147157864376269,0.));
#2756=CARTESIAN_POINT('',(0.0544317864376269,0.05887,0.003));
#2757=CARTESIAN_POINT('',(0.063846,0.0494557864376269,0.003));
#2758=CARTESIAN_POINT('',(-0.041904,0.0494557864376269,0.003));
#2759=CARTESIAN_POINT('',(-0.0324897864376269,0.05887,0.003));
#2760=CARTESIAN_POINT('',(-0.0324897864376269,-0.02413,0.003));
#2761=CARTESIAN_POINT('',(-0.041904,-0.0147157864376269,0.003));
#2762=CARTESIAN_POINT('',(0.0544317864376269,-0.02413,0.003));
#2763=CARTESIAN_POINT('',(0.063846,-0.0147157864376269,0.003));
#2764=CARTESIAN_POINT('',(-0.05461,0.02487,0.00175));
#2765=CARTESIAN_POINT('',(-0.05461,0.03887,0.00025));
#2766=MECHANICAL_DESIGN_GEOMETRIC_PRESENTATION_REPRESENTATION('',(#1659),
#2767);
#2767=(
GEOMETRIC_REPRESENTATION_CONTEXT(3)
GLOBAL_UNCERTAINTY_ASSIGNED_CONTEXT((#2768))
GLOBAL_UNIT_ASSIGNED_CONTEXT((#2771,#2770,#2769))
REPRESENTATION_CONTEXT('Part 1','TOP_LEVEL_ASSEMBLY_PART')
);
#2768=UNCERTAINTY_MEASURE_WITH_UNIT(LENGTH_MEASURE(1.E-8),#2771,
'DISTANCE_ACCURACY_VALUE','Maximum Tolerance applied to model');
#2769=(
NAMED_UNIT(*)
SI_UNIT($,.STERADIAN.)
SOLID_ANGLE_UNIT()
);
#2770=(
NAMED_UNIT(*)
PLANE_ANGLE_UNIT()
SI_UNIT($,.RADIAN.)
);
#2771=(
LENGTH_UNIT()
NAMED_UNIT(*)
SI_UNIT($,.METRE.)
);
#2772=PRODUCT_DEFINITION_SHAPE('','',#2773);
#2773=PRODUCT_DEFINITION('','',#2775,#2774);
#2774=PRODUCT_DEFINITION_CONTEXT('',#2781,'design');
#2775=PRODUCT_DEFINITION_FORMATION_WITH_SPECIFIED_SOURCE('','',#2777,
 .NOT_KNOWN.);
#2776=PRODUCT_RELATED_PRODUCT_CATEGORY('','',(#2777));
#2777=PRODUCT('Part 1','Part 1','Part 1',(#2779));
#2778=PRODUCT_CATEGORY('','');
#2779=PRODUCT_CONTEXT('',#2781,'mechanical');
#2780=APPLICATION_PROTOCOL_DEFINITION('international standard',
'ap242_managed_model_based_3d_engineering',2020,#2781);
#2781=APPLICATION_CONTEXT('managed model based 3d engineering');
ENDSEC;
END-ISO-10303-21;
