ISO-10303-21;
HEADER;
/* Generated by software containing ST-Developer
 * from STEP Tools, Inc. (www.steptools.com) 
 */
/* OPTION: using custom renumber hook */

FILE_DESCRIPTION(
/* description */ ('STEP AP242 Edition 2',
'CAx-IF Rec.Pracs.---Representation and Presentation of Product Manufa
cturing Information (PMI)---4.0---2014-10-13',
'CAx-IF Rec.Pracs.---3D Tessellated Geometry---0.4---2014-09-14','2;1',
'CAx-IF Rec.Pracs.---User Defined Attributes---1.5---2016-08-15'),
/* implementation_level */ '2;1');

FILE_NAME(
/* name */ 'In between shell-',
/* time_stamp */ '2026-08-20T00:14:37Z',
/* author */ (''),
/* organization */ (''),
/* preprocessor_version */ 'ST-DEVELOPER v20',
/* originating_system */ 'ONSHAPE BY PTC INC, 1.219',
/* authorisation */ '  ');

FILE_SCHEMA (('AP242_MANAGED_MODEL_BASED_3D_ENGINEERING_MIM_LF { 1 0 10303 442 3 1 4 }'));
ENDSEC;

DATA;
#10=SHAPE_REPRESENTATION_RELATIONSHIP('','',#1589,#11);
#11=ADVANCED_BREP_SHAPE_REPRESENTATION('',(#1587),#2639);
#12=CIRCLE('',#1599,0.0005);
#13=CIRCLE('',#1600,0.0005);
#14=CIRCLE('',#1603,0.0005);
#15=CIRCLE('',#1604,0.0005);
#16=CIRCLE('',#1607,0.0005);
#17=CIRCLE('',#1608,0.0005);
#18=CIRCLE('',#1611,0.0005);
#19=CIRCLE('',#1612,0.0005);
#20=CIRCLE('',#1615,0.0005);
#21=CIRCLE('',#1616,0.0005);
#22=CIRCLE('',#1619,0.0005);
#23=CIRCLE('',#1620,0.0005);
#24=CIRCLE('',#1623,0.0005);
#25=CIRCLE('',#1624,0.0005);
#26=CIRCLE('',#1627,0.000500000000000007);
#27=CIRCLE('',#1628,0.000500000000000007);
#28=CIRCLE('',#1631,0.0005);
#29=CIRCLE('',#1632,0.0005);
#30=CIRCLE('',#1635,0.0005);
#31=CIRCLE('',#1636,0.0005);
#32=CIRCLE('',#1639,0.0005);
#33=CIRCLE('',#1640,0.0005);
#34=CIRCLE('',#1642,0.0005);
#35=CIRCLE('',#1643,0.0005);
#36=CIRCLE('',#1646,0.0005);
#37=CIRCLE('',#1647,0.0005);
#38=CIRCLE('',#1650,0.0005);
#39=CIRCLE('',#1651,0.0005);
#40=CIRCLE('',#1654,0.0005);
#41=CIRCLE('',#1655,0.0005);
#42=CIRCLE('',#1657,0.0005);
#43=CIRCLE('',#1658,0.0005);
#44=CIRCLE('',#1661,0.0005);
#45=CIRCLE('',#1662,0.0005);
#46=CIRCLE('',#1665,0.0005);
#47=CIRCLE('',#1666,0.0005);
#48=CIRCLE('',#1669,0.0005);
#49=CIRCLE('',#1670,0.0005);
#50=CIRCLE('',#1686,0.0005);
#51=CIRCLE('',#1687,0.0005);
#52=CIRCLE('',#1689,0.003);
#53=CIRCLE('',#1690,0.003);
#54=CIRCLE('',#1692,0.003);
#55=CIRCLE('',#1693,0.003);
#56=CIRCLE('',#1698,0.0017);
#57=CIRCLE('',#1699,0.0017);
#58=CIRCLE('',#1701,0.0017);
#59=CIRCLE('',#1702,0.0017);
#60=CIRCLE('',#1704,0.0017);
#61=CIRCLE('',#1705,0.0017);
#62=CIRCLE('',#1707,0.0017);
#63=CIRCLE('',#1708,0.0017);
#64=CIRCLE('',#1712,0.001);
#65=CIRCLE('',#1713,0.001);
#66=CIRCLE('',#1714,0.001);
#67=CIRCLE('',#1715,0.001);
#68=CIRCLE('',#1716,0.001);
#69=CIRCLE('',#1717,0.001);
#70=CIRCLE('',#1718,0.001);
#71=CIRCLE('',#1719,0.001);
#72=CIRCLE('',#1721,0.001);
#73=CIRCLE('',#1722,0.001);
#74=CIRCLE('',#1723,0.001);
#75=CIRCLE('',#1724,0.001);
#76=CIRCLE('',#1725,0.001);
#77=CIRCLE('',#1726,0.001);
#78=CIRCLE('',#1727,0.001);
#79=CIRCLE('',#1728,0.001);
#80=CYLINDRICAL_SURFACE('',#1598,0.0005);
#81=CYLINDRICAL_SURFACE('',#1602,0.0005);
#82=CYLINDRICAL_SURFACE('',#1606,0.0005);
#83=CYLINDRICAL_SURFACE('',#1610,0.0005);
#84=CYLINDRICAL_SURFACE('',#1614,0.0005);
#85=CYLINDRICAL_SURFACE('',#1618,0.0005);
#86=CYLINDRICAL_SURFACE('',#1622,0.0005);
#87=CYLINDRICAL_SURFACE('',#1626,0.000500000000000007);
#88=CYLINDRICAL_SURFACE('',#1630,0.0005);
#89=CYLINDRICAL_SURFACE('',#1634,0.0005);
#90=CYLINDRICAL_SURFACE('',#1638,0.0005);
#91=CYLINDRICAL_SURFACE('',#1641,0.0005);
#92=CYLINDRICAL_SURFACE('',#1645,0.0005);
#93=CYLINDRICAL_SURFACE('',#1649,0.0005);
#94=CYLINDRICAL_SURFACE('',#1653,0.0005);
#95=CYLINDRICAL_SURFACE('',#1656,0.0005);
#96=CYLINDRICAL_SURFACE('',#1660,0.0005);
#97=CYLINDRICAL_SURFACE('',#1664,0.0005);
#98=CYLINDRICAL_SURFACE('',#1668,0.0005);
#99=CYLINDRICAL_SURFACE('',#1685,0.0005);
#100=CYLINDRICAL_SURFACE('',#1688,0.003);
#101=CYLINDRICAL_SURFACE('',#1691,0.003);
#102=CYLINDRICAL_SURFACE('',#1697,0.0017);
#103=CYLINDRICAL_SURFACE('',#1700,0.0017);
#104=CYLINDRICAL_SURFACE('',#1703,0.0017);
#105=CYLINDRICAL_SURFACE('',#1706,0.0017);
#106=CYLINDRICAL_SURFACE('',#1729,0.001);
#107=CYLINDRICAL_SURFACE('',#1730,0.001);
#108=CYLINDRICAL_SURFACE('',#1731,0.001);
#109=CYLINDRICAL_SURFACE('',#1732,0.001);
#110=CYLINDRICAL_SURFACE('',#1733,0.001);
#111=CYLINDRICAL_SURFACE('',#1734,0.001);
#112=CYLINDRICAL_SURFACE('',#1735,0.001);
#113=CYLINDRICAL_SURFACE('',#1736,0.001);
#114=ORIENTED_EDGE('',*,*,#558,.T.);
#115=ORIENTED_EDGE('',*,*,#559,.T.);
#116=ORIENTED_EDGE('',*,*,#560,.F.);
#117=ORIENTED_EDGE('',*,*,#561,.T.);
#118=ORIENTED_EDGE('',*,*,#562,.F.);
#119=ORIENTED_EDGE('',*,*,#563,.T.);
#120=ORIENTED_EDGE('',*,*,#564,.T.);
#121=ORIENTED_EDGE('',*,*,#565,.T.);
#122=ORIENTED_EDGE('',*,*,#566,.F.);
#123=ORIENTED_EDGE('',*,*,#567,.T.);
#124=ORIENTED_EDGE('',*,*,#568,.T.);
#125=ORIENTED_EDGE('',*,*,#569,.T.);
#126=ORIENTED_EDGE('',*,*,#570,.T.);
#127=ORIENTED_EDGE('',*,*,#571,.T.);
#128=ORIENTED_EDGE('',*,*,#572,.F.);
#129=ORIENTED_EDGE('',*,*,#573,.T.);
#130=ORIENTED_EDGE('',*,*,#574,.F.);
#131=ORIENTED_EDGE('',*,*,#575,.T.);
#132=ORIENTED_EDGE('',*,*,#576,.T.);
#133=ORIENTED_EDGE('',*,*,#577,.T.);
#134=ORIENTED_EDGE('',*,*,#578,.F.);
#135=ORIENTED_EDGE('',*,*,#579,.T.);
#136=ORIENTED_EDGE('',*,*,#580,.T.);
#137=ORIENTED_EDGE('',*,*,#581,.T.);
#138=ORIENTED_EDGE('',*,*,#582,.F.);
#139=ORIENTED_EDGE('',*,*,#583,.T.);
#140=ORIENTED_EDGE('',*,*,#584,.T.);
#141=ORIENTED_EDGE('',*,*,#585,.T.);
#142=ORIENTED_EDGE('',*,*,#586,.F.);
#143=ORIENTED_EDGE('',*,*,#587,.F.);
#144=ORIENTED_EDGE('',*,*,#588,.T.);
#145=ORIENTED_EDGE('',*,*,#589,.T.);
#146=ORIENTED_EDGE('',*,*,#590,.F.);
#147=ORIENTED_EDGE('',*,*,#591,.F.);
#148=ORIENTED_EDGE('',*,*,#592,.T.);
#149=ORIENTED_EDGE('',*,*,#587,.T.);
#150=ORIENTED_EDGE('',*,*,#593,.F.);
#151=ORIENTED_EDGE('',*,*,#594,.F.);
#152=ORIENTED_EDGE('',*,*,#595,.T.);
#153=ORIENTED_EDGE('',*,*,#591,.T.);
#154=ORIENTED_EDGE('',*,*,#596,.T.);
#155=ORIENTED_EDGE('',*,*,#597,.F.);
#156=ORIENTED_EDGE('',*,*,#598,.F.);
#157=ORIENTED_EDGE('',*,*,#594,.T.);
#158=ORIENTED_EDGE('',*,*,#599,.F.);
#159=ORIENTED_EDGE('',*,*,#600,.F.);
#160=ORIENTED_EDGE('',*,*,#601,.T.);
#161=ORIENTED_EDGE('',*,*,#597,.T.);
#162=ORIENTED_EDGE('',*,*,#602,.T.);
#163=ORIENTED_EDGE('',*,*,#603,.F.);
#164=ORIENTED_EDGE('',*,*,#604,.F.);
#165=ORIENTED_EDGE('',*,*,#600,.T.);
#166=ORIENTED_EDGE('',*,*,#605,.F.);
#167=ORIENTED_EDGE('',*,*,#606,.F.);
#168=ORIENTED_EDGE('',*,*,#607,.T.);
#169=ORIENTED_EDGE('',*,*,#603,.T.);
#170=ORIENTED_EDGE('',*,*,#608,.F.);
#171=ORIENTED_EDGE('',*,*,#609,.F.);
#172=ORIENTED_EDGE('',*,*,#610,.T.);
#173=ORIENTED_EDGE('',*,*,#611,.T.);
#174=ORIENTED_EDGE('',*,*,#612,.F.);
#175=ORIENTED_EDGE('',*,*,#613,.F.);
#176=ORIENTED_EDGE('',*,*,#614,.T.);
#177=ORIENTED_EDGE('',*,*,#609,.T.);
#178=ORIENTED_EDGE('',*,*,#615,.F.);
#179=ORIENTED_EDGE('',*,*,#616,.F.);
#180=ORIENTED_EDGE('',*,*,#617,.T.);
#181=ORIENTED_EDGE('',*,*,#613,.T.);
#182=ORIENTED_EDGE('',*,*,#618,.F.);
#183=ORIENTED_EDGE('',*,*,#619,.F.);
#184=ORIENTED_EDGE('',*,*,#620,.T.);
#185=ORIENTED_EDGE('',*,*,#616,.T.);
#186=ORIENTED_EDGE('',*,*,#621,.T.);
#187=ORIENTED_EDGE('',*,*,#622,.F.);
#188=ORIENTED_EDGE('',*,*,#623,.F.);
#189=ORIENTED_EDGE('',*,*,#619,.T.);
#190=ORIENTED_EDGE('',*,*,#624,.F.);
#191=ORIENTED_EDGE('',*,*,#625,.F.);
#192=ORIENTED_EDGE('',*,*,#626,.T.);
#193=ORIENTED_EDGE('',*,*,#622,.T.);
#194=ORIENTED_EDGE('',*,*,#627,.T.);
#195=ORIENTED_EDGE('',*,*,#628,.F.);
#196=ORIENTED_EDGE('',*,*,#629,.F.);
#197=ORIENTED_EDGE('',*,*,#625,.T.);
#198=ORIENTED_EDGE('',*,*,#630,.F.);
#199=ORIENTED_EDGE('',*,*,#631,.F.);
#200=ORIENTED_EDGE('',*,*,#632,.T.);
#201=ORIENTED_EDGE('',*,*,#633,.T.);
#202=ORIENTED_EDGE('',*,*,#634,.T.);
#203=ORIENTED_EDGE('',*,*,#635,.F.);
#204=ORIENTED_EDGE('',*,*,#636,.F.);
#205=ORIENTED_EDGE('',*,*,#631,.T.);
#206=ORIENTED_EDGE('',*,*,#637,.F.);
#207=ORIENTED_EDGE('',*,*,#638,.F.);
#208=ORIENTED_EDGE('',*,*,#639,.T.);
#209=ORIENTED_EDGE('',*,*,#635,.T.);
#210=ORIENTED_EDGE('',*,*,#640,.F.);
#211=ORIENTED_EDGE('',*,*,#641,.F.);
#212=ORIENTED_EDGE('',*,*,#642,.T.);
#213=ORIENTED_EDGE('',*,*,#638,.T.);
#214=ORIENTED_EDGE('',*,*,#643,.F.);
#215=ORIENTED_EDGE('',*,*,#644,.F.);
#216=ORIENTED_EDGE('',*,*,#645,.T.);
#217=ORIENTED_EDGE('',*,*,#641,.T.);
#218=ORIENTED_EDGE('',*,*,#646,.F.);
#219=ORIENTED_EDGE('',*,*,#647,.F.);
#220=ORIENTED_EDGE('',*,*,#648,.T.);
#221=ORIENTED_EDGE('',*,*,#644,.T.);
#222=ORIENTED_EDGE('',*,*,#649,.F.);
#223=ORIENTED_EDGE('',*,*,#650,.F.);
#224=ORIENTED_EDGE('',*,*,#651,.T.);
#225=ORIENTED_EDGE('',*,*,#647,.T.);
#226=ORIENTED_EDGE('',*,*,#652,.F.);
#227=ORIENTED_EDGE('',*,*,#653,.F.);
#228=ORIENTED_EDGE('',*,*,#654,.T.);
#229=ORIENTED_EDGE('',*,*,#655,.T.);
#230=ORIENTED_EDGE('',*,*,#656,.F.);
#231=ORIENTED_EDGE('',*,*,#657,.F.);
#232=ORIENTED_EDGE('',*,*,#658,.T.);
#233=ORIENTED_EDGE('',*,*,#653,.T.);
#234=ORIENTED_EDGE('',*,*,#659,.F.);
#235=ORIENTED_EDGE('',*,*,#660,.F.);
#236=ORIENTED_EDGE('',*,*,#661,.T.);
#237=ORIENTED_EDGE('',*,*,#657,.T.);
#238=ORIENTED_EDGE('',*,*,#662,.T.);
#239=ORIENTED_EDGE('',*,*,#663,.F.);
#240=ORIENTED_EDGE('',*,*,#664,.F.);
#241=ORIENTED_EDGE('',*,*,#660,.T.);
#242=ORIENTED_EDGE('',*,*,#665,.F.);
#243=ORIENTED_EDGE('',*,*,#666,.F.);
#244=ORIENTED_EDGE('',*,*,#667,.T.);
#245=ORIENTED_EDGE('',*,*,#663,.T.);
#246=ORIENTED_EDGE('',*,*,#668,.T.);
#247=ORIENTED_EDGE('',*,*,#669,.F.);
#248=ORIENTED_EDGE('',*,*,#670,.F.);
#249=ORIENTED_EDGE('',*,*,#666,.T.);
#250=ORIENTED_EDGE('',*,*,#671,.F.);
#251=ORIENTED_EDGE('',*,*,#672,.F.);
#252=ORIENTED_EDGE('',*,*,#673,.T.);
#253=ORIENTED_EDGE('',*,*,#669,.T.);
#254=ORIENTED_EDGE('',*,*,#674,.F.);
#255=ORIENTED_EDGE('',*,*,#675,.F.);
#256=ORIENTED_EDGE('',*,*,#676,.T.);
#257=ORIENTED_EDGE('',*,*,#677,.T.);
#258=ORIENTED_EDGE('',*,*,#678,.F.);
#259=ORIENTED_EDGE('',*,*,#679,.F.);
#260=ORIENTED_EDGE('',*,*,#680,.T.);
#261=ORIENTED_EDGE('',*,*,#675,.T.);
#262=ORIENTED_EDGE('',*,*,#681,.F.);
#263=ORIENTED_EDGE('',*,*,#682,.F.);
#264=ORIENTED_EDGE('',*,*,#683,.T.);
#265=ORIENTED_EDGE('',*,*,#679,.T.);
#266=ORIENTED_EDGE('',*,*,#684,.T.);
#267=ORIENTED_EDGE('',*,*,#685,.F.);
#268=ORIENTED_EDGE('',*,*,#686,.F.);
#269=ORIENTED_EDGE('',*,*,#682,.T.);
#270=ORIENTED_EDGE('',*,*,#687,.F.);
#271=ORIENTED_EDGE('',*,*,#688,.F.);
#272=ORIENTED_EDGE('',*,*,#689,.T.);
#273=ORIENTED_EDGE('',*,*,#685,.T.);
#274=ORIENTED_EDGE('',*,*,#690,.T.);
#275=ORIENTED_EDGE('',*,*,#691,.F.);
#276=ORIENTED_EDGE('',*,*,#692,.F.);
#277=ORIENTED_EDGE('',*,*,#688,.T.);
#278=ORIENTED_EDGE('',*,*,#693,.F.);
#279=ORIENTED_EDGE('',*,*,#694,.F.);
#280=ORIENTED_EDGE('',*,*,#695,.T.);
#281=ORIENTED_EDGE('',*,*,#691,.T.);
#282=ORIENTED_EDGE('',*,*,#696,.F.);
#283=ORIENTED_EDGE('',*,*,#697,.F.);
#284=ORIENTED_EDGE('',*,*,#698,.T.);
#285=ORIENTED_EDGE('',*,*,#699,.T.);
#286=ORIENTED_EDGE('',*,*,#700,.F.);
#287=ORIENTED_EDGE('',*,*,#701,.F.);
#288=ORIENTED_EDGE('',*,*,#702,.T.);
#289=ORIENTED_EDGE('',*,*,#697,.T.);
#290=ORIENTED_EDGE('',*,*,#703,.T.);
#291=ORIENTED_EDGE('',*,*,#704,.F.);
#292=ORIENTED_EDGE('',*,*,#705,.F.);
#293=ORIENTED_EDGE('',*,*,#701,.T.);
#294=ORIENTED_EDGE('',*,*,#706,.T.);
#295=ORIENTED_EDGE('',*,*,#707,.F.);
#296=ORIENTED_EDGE('',*,*,#708,.F.);
#297=ORIENTED_EDGE('',*,*,#704,.T.);
#298=ORIENTED_EDGE('',*,*,#709,.F.);
#299=ORIENTED_EDGE('',*,*,#710,.F.);
#300=ORIENTED_EDGE('',*,*,#711,.T.);
#301=ORIENTED_EDGE('',*,*,#707,.T.);
#302=ORIENTED_EDGE('',*,*,#712,.F.);
#303=ORIENTED_EDGE('',*,*,#713,.F.);
#304=ORIENTED_EDGE('',*,*,#714,.T.);
#305=ORIENTED_EDGE('',*,*,#710,.T.);
#306=ORIENTED_EDGE('',*,*,#715,.F.);
#307=ORIENTED_EDGE('',*,*,#716,.F.);
#308=ORIENTED_EDGE('',*,*,#717,.T.);
#309=ORIENTED_EDGE('',*,*,#713,.T.);
#310=ORIENTED_EDGE('',*,*,#718,.F.);
#311=ORIENTED_EDGE('',*,*,#719,.F.);
#312=ORIENTED_EDGE('',*,*,#716,.T.);
#313=ORIENTED_EDGE('',*,*,#720,.T.);
#314=ORIENTED_EDGE('',*,*,#721,.T.);
#315=ORIENTED_EDGE('',*,*,#722,.F.);
#316=ORIENTED_EDGE('',*,*,#723,.F.);
#317=ORIENTED_EDGE('',*,*,#718,.T.);
#318=ORIENTED_EDGE('',*,*,#724,.T.);
#319=ORIENTED_EDGE('',*,*,#725,.F.);
#320=ORIENTED_EDGE('',*,*,#726,.F.);
#321=ORIENTED_EDGE('',*,*,#722,.T.);
#322=ORIENTED_EDGE('',*,*,#727,.F.);
#323=ORIENTED_EDGE('',*,*,#728,.F.);
#324=ORIENTED_EDGE('',*,*,#729,.T.);
#325=ORIENTED_EDGE('',*,*,#725,.T.);
#326=ORIENTED_EDGE('',*,*,#730,.F.);
#327=ORIENTED_EDGE('',*,*,#731,.F.);
#328=ORIENTED_EDGE('',*,*,#732,.T.);
#329=ORIENTED_EDGE('',*,*,#728,.T.);
#330=ORIENTED_EDGE('',*,*,#733,.F.);
#331=ORIENTED_EDGE('',*,*,#734,.F.);
#332=ORIENTED_EDGE('',*,*,#735,.T.);
#333=ORIENTED_EDGE('',*,*,#731,.T.);
#334=ORIENTED_EDGE('',*,*,#736,.F.);
#335=ORIENTED_EDGE('',*,*,#589,.F.);
#336=ORIENTED_EDGE('',*,*,#737,.T.);
#337=ORIENTED_EDGE('',*,*,#606,.T.);
#338=ORIENTED_EDGE('',*,*,#738,.F.);
#339=ORIENTED_EDGE('',*,*,#611,.F.);
#340=ORIENTED_EDGE('',*,*,#739,.T.);
#341=ORIENTED_EDGE('',*,*,#628,.T.);
#342=ORIENTED_EDGE('',*,*,#740,.T.);
#343=ORIENTED_EDGE('',*,*,#741,.F.);
#344=ORIENTED_EDGE('',*,*,#742,.T.);
#345=ORIENTED_EDGE('',*,*,#743,.F.);
#346=ORIENTED_EDGE('',*,*,#744,.T.);
#347=ORIENTED_EDGE('',*,*,#633,.F.);
#348=ORIENTED_EDGE('',*,*,#745,.F.);
#349=ORIENTED_EDGE('',*,*,#650,.T.);
#350=ORIENTED_EDGE('',*,*,#746,.F.);
#351=ORIENTED_EDGE('',*,*,#655,.F.);
#352=ORIENTED_EDGE('',*,*,#747,.T.);
#353=ORIENTED_EDGE('',*,*,#672,.T.);
#354=ORIENTED_EDGE('',*,*,#748,.F.);
#355=ORIENTED_EDGE('',*,*,#677,.F.);
#356=ORIENTED_EDGE('',*,*,#749,.T.);
#357=ORIENTED_EDGE('',*,*,#694,.T.);
#358=ORIENTED_EDGE('',*,*,#750,.T.);
#359=ORIENTED_EDGE('',*,*,#751,.F.);
#360=ORIENTED_EDGE('',*,*,#752,.T.);
#361=ORIENTED_EDGE('',*,*,#753,.F.);
#362=ORIENTED_EDGE('',*,*,#754,.T.);
#363=ORIENTED_EDGE('',*,*,#755,.F.);
#364=ORIENTED_EDGE('',*,*,#756,.T.);
#365=ORIENTED_EDGE('',*,*,#757,.F.);
#366=ORIENTED_EDGE('',*,*,#758,.F.);
#367=ORIENTED_EDGE('',*,*,#699,.F.);
#368=ORIENTED_EDGE('',*,*,#759,.T.);
#369=ORIENTED_EDGE('',*,*,#734,.T.);
#370=ORIENTED_EDGE('',*,*,#760,.T.);
#371=ORIENTED_EDGE('',*,*,#761,.T.);
#372=ORIENTED_EDGE('',*,*,#762,.F.);
#373=ORIENTED_EDGE('',*,*,#763,.T.);
#374=ORIENTED_EDGE('',*,*,#723,.T.);
#375=ORIENTED_EDGE('',*,*,#726,.T.);
#376=ORIENTED_EDGE('',*,*,#729,.F.);
#377=ORIENTED_EDGE('',*,*,#732,.F.);
#378=ORIENTED_EDGE('',*,*,#735,.F.);
#379=ORIENTED_EDGE('',*,*,#759,.F.);
#380=ORIENTED_EDGE('',*,*,#698,.F.);
#381=ORIENTED_EDGE('',*,*,#702,.F.);
#382=ORIENTED_EDGE('',*,*,#705,.T.);
#383=ORIENTED_EDGE('',*,*,#708,.T.);
#384=ORIENTED_EDGE('',*,*,#711,.F.);
#385=ORIENTED_EDGE('',*,*,#714,.F.);
#386=ORIENTED_EDGE('',*,*,#717,.F.);
#387=ORIENTED_EDGE('',*,*,#719,.T.);
#388=ORIENTED_EDGE('',*,*,#756,.F.);
#389=ORIENTED_EDGE('',*,*,#754,.F.);
#390=ORIENTED_EDGE('',*,*,#752,.F.);
#391=ORIENTED_EDGE('',*,*,#750,.F.);
#392=ORIENTED_EDGE('',*,*,#676,.F.);
#393=ORIENTED_EDGE('',*,*,#680,.F.);
#394=ORIENTED_EDGE('',*,*,#683,.F.);
#395=ORIENTED_EDGE('',*,*,#686,.T.);
#396=ORIENTED_EDGE('',*,*,#689,.F.);
#397=ORIENTED_EDGE('',*,*,#692,.T.);
#398=ORIENTED_EDGE('',*,*,#695,.F.);
#399=ORIENTED_EDGE('',*,*,#749,.F.);
#400=ORIENTED_EDGE('',*,*,#654,.F.);
#401=ORIENTED_EDGE('',*,*,#658,.F.);
#402=ORIENTED_EDGE('',*,*,#661,.F.);
#403=ORIENTED_EDGE('',*,*,#664,.T.);
#404=ORIENTED_EDGE('',*,*,#667,.F.);
#405=ORIENTED_EDGE('',*,*,#670,.T.);
#406=ORIENTED_EDGE('',*,*,#673,.F.);
#407=ORIENTED_EDGE('',*,*,#747,.F.);
#408=ORIENTED_EDGE('',*,*,#632,.F.);
#409=ORIENTED_EDGE('',*,*,#636,.T.);
#410=ORIENTED_EDGE('',*,*,#639,.F.);
#411=ORIENTED_EDGE('',*,*,#642,.F.);
#412=ORIENTED_EDGE('',*,*,#645,.F.);
#413=ORIENTED_EDGE('',*,*,#648,.F.);
#414=ORIENTED_EDGE('',*,*,#651,.F.);
#415=ORIENTED_EDGE('',*,*,#745,.T.);
#416=ORIENTED_EDGE('',*,*,#742,.F.);
#417=ORIENTED_EDGE('',*,*,#740,.F.);
#418=ORIENTED_EDGE('',*,*,#610,.F.);
#419=ORIENTED_EDGE('',*,*,#614,.F.);
#420=ORIENTED_EDGE('',*,*,#617,.F.);
#421=ORIENTED_EDGE('',*,*,#620,.F.);
#422=ORIENTED_EDGE('',*,*,#623,.T.);
#423=ORIENTED_EDGE('',*,*,#626,.F.);
#424=ORIENTED_EDGE('',*,*,#629,.T.);
#425=ORIENTED_EDGE('',*,*,#739,.F.);
#426=ORIENTED_EDGE('',*,*,#588,.F.);
#427=ORIENTED_EDGE('',*,*,#592,.F.);
#428=ORIENTED_EDGE('',*,*,#595,.F.);
#429=ORIENTED_EDGE('',*,*,#598,.T.);
#430=ORIENTED_EDGE('',*,*,#601,.F.);
#431=ORIENTED_EDGE('',*,*,#604,.T.);
#432=ORIENTED_EDGE('',*,*,#607,.F.);
#433=ORIENTED_EDGE('',*,*,#737,.F.);
#434=ORIENTED_EDGE('',*,*,#572,.T.);
#435=ORIENTED_EDGE('',*,*,#764,.T.);
#436=ORIENTED_EDGE('',*,*,#574,.T.);
#437=ORIENTED_EDGE('',*,*,#765,.T.);
#438=ORIENTED_EDGE('',*,*,#580,.F.);
#439=ORIENTED_EDGE('',*,*,#766,.T.);
#440=ORIENTED_EDGE('',*,*,#582,.T.);
#441=ORIENTED_EDGE('',*,*,#767,.T.);
#442=ORIENTED_EDGE('',*,*,#762,.T.);
#443=ORIENTED_EDGE('',*,*,#768,.T.);
#444=ORIENTED_EDGE('',*,*,#558,.F.);
#445=ORIENTED_EDGE('',*,*,#769,.T.);
#446=ORIENTED_EDGE('',*,*,#562,.T.);
#447=ORIENTED_EDGE('',*,*,#770,.T.);
#448=ORIENTED_EDGE('',*,*,#568,.F.);
#449=ORIENTED_EDGE('',*,*,#771,.T.);
#450=ORIENTED_EDGE('',*,*,#730,.T.);
#451=ORIENTED_EDGE('',*,*,#727,.T.);
#452=ORIENTED_EDGE('',*,*,#724,.F.);
#453=ORIENTED_EDGE('',*,*,#721,.F.);
#454=ORIENTED_EDGE('',*,*,#720,.F.);
#455=ORIENTED_EDGE('',*,*,#715,.T.);
#456=ORIENTED_EDGE('',*,*,#712,.T.);
#457=ORIENTED_EDGE('',*,*,#709,.T.);
#458=ORIENTED_EDGE('',*,*,#706,.F.);
#459=ORIENTED_EDGE('',*,*,#703,.F.);
#460=ORIENTED_EDGE('',*,*,#700,.T.);
#461=ORIENTED_EDGE('',*,*,#696,.T.);
#462=ORIENTED_EDGE('',*,*,#758,.T.);
#463=ORIENTED_EDGE('',*,*,#733,.T.);
#464=ORIENTED_EDGE('',*,*,#757,.T.);
#465=ORIENTED_EDGE('',*,*,#755,.T.);
#466=ORIENTED_EDGE('',*,*,#753,.T.);
#467=ORIENTED_EDGE('',*,*,#751,.T.);
#468=ORIENTED_EDGE('',*,*,#674,.T.);
#469=ORIENTED_EDGE('',*,*,#748,.T.);
#470=ORIENTED_EDGE('',*,*,#693,.T.);
#471=ORIENTED_EDGE('',*,*,#690,.F.);
#472=ORIENTED_EDGE('',*,*,#687,.T.);
#473=ORIENTED_EDGE('',*,*,#684,.F.);
#474=ORIENTED_EDGE('',*,*,#681,.T.);
#475=ORIENTED_EDGE('',*,*,#678,.T.);
#476=ORIENTED_EDGE('',*,*,#652,.T.);
#477=ORIENTED_EDGE('',*,*,#746,.T.);
#478=ORIENTED_EDGE('',*,*,#671,.T.);
#479=ORIENTED_EDGE('',*,*,#668,.F.);
#480=ORIENTED_EDGE('',*,*,#665,.T.);
#481=ORIENTED_EDGE('',*,*,#662,.F.);
#482=ORIENTED_EDGE('',*,*,#659,.T.);
#483=ORIENTED_EDGE('',*,*,#656,.T.);
#484=ORIENTED_EDGE('',*,*,#630,.T.);
#485=ORIENTED_EDGE('',*,*,#744,.F.);
#486=ORIENTED_EDGE('',*,*,#649,.T.);
#487=ORIENTED_EDGE('',*,*,#646,.T.);
#488=ORIENTED_EDGE('',*,*,#643,.T.);
#489=ORIENTED_EDGE('',*,*,#640,.T.);
#490=ORIENTED_EDGE('',*,*,#637,.T.);
#491=ORIENTED_EDGE('',*,*,#634,.F.);
#492=ORIENTED_EDGE('',*,*,#743,.T.);
#493=ORIENTED_EDGE('',*,*,#741,.T.);
#494=ORIENTED_EDGE('',*,*,#608,.T.);
#495=ORIENTED_EDGE('',*,*,#738,.T.);
#496=ORIENTED_EDGE('',*,*,#627,.F.);
#497=ORIENTED_EDGE('',*,*,#624,.T.);
#498=ORIENTED_EDGE('',*,*,#621,.F.);
#499=ORIENTED_EDGE('',*,*,#618,.T.);
#500=ORIENTED_EDGE('',*,*,#615,.T.);
#501=ORIENTED_EDGE('',*,*,#612,.T.);
#502=ORIENTED_EDGE('',*,*,#586,.T.);
#503=ORIENTED_EDGE('',*,*,#736,.T.);
#504=ORIENTED_EDGE('',*,*,#605,.T.);
#505=ORIENTED_EDGE('',*,*,#602,.F.);
#506=ORIENTED_EDGE('',*,*,#599,.T.);
#507=ORIENTED_EDGE('',*,*,#596,.F.);
#508=ORIENTED_EDGE('',*,*,#593,.T.);
#509=ORIENTED_EDGE('',*,*,#590,.T.);
#510=ORIENTED_EDGE('',*,*,#576,.F.);
#511=ORIENTED_EDGE('',*,*,#772,.T.);
#512=ORIENTED_EDGE('',*,*,#570,.F.);
#513=ORIENTED_EDGE('',*,*,#773,.T.);
#514=ORIENTED_EDGE('',*,*,#566,.T.);
#515=ORIENTED_EDGE('',*,*,#774,.T.);
#516=ORIENTED_EDGE('',*,*,#564,.F.);
#517=ORIENTED_EDGE('',*,*,#775,.T.);
#518=ORIENTED_EDGE('',*,*,#560,.T.);
#519=ORIENTED_EDGE('',*,*,#776,.T.);
#520=ORIENTED_EDGE('',*,*,#760,.F.);
#521=ORIENTED_EDGE('',*,*,#777,.T.);
#522=ORIENTED_EDGE('',*,*,#584,.F.);
#523=ORIENTED_EDGE('',*,*,#778,.T.);
#524=ORIENTED_EDGE('',*,*,#578,.T.);
#525=ORIENTED_EDGE('',*,*,#779,.T.);
#526=ORIENTED_EDGE('',*,*,#764,.F.);
#527=ORIENTED_EDGE('',*,*,#571,.F.);
#528=ORIENTED_EDGE('',*,*,#772,.F.);
#529=ORIENTED_EDGE('',*,*,#575,.F.);
#530=ORIENTED_EDGE('',*,*,#771,.F.);
#531=ORIENTED_EDGE('',*,*,#567,.F.);
#532=ORIENTED_EDGE('',*,*,#773,.F.);
#533=ORIENTED_EDGE('',*,*,#573,.F.);
#534=ORIENTED_EDGE('',*,*,#766,.F.);
#535=ORIENTED_EDGE('',*,*,#579,.F.);
#536=ORIENTED_EDGE('',*,*,#778,.F.);
#537=ORIENTED_EDGE('',*,*,#583,.F.);
#538=ORIENTED_EDGE('',*,*,#765,.F.);
#539=ORIENTED_EDGE('',*,*,#577,.F.);
#540=ORIENTED_EDGE('',*,*,#779,.F.);
#541=ORIENTED_EDGE('',*,*,#581,.F.);
#542=ORIENTED_EDGE('',*,*,#768,.F.);
#543=ORIENTED_EDGE('',*,*,#761,.F.);
#544=ORIENTED_EDGE('',*,*,#776,.F.);
#545=ORIENTED_EDGE('',*,*,#559,.F.);
#546=ORIENTED_EDGE('',*,*,#767,.F.);
#547=ORIENTED_EDGE('',*,*,#585,.F.);
#548=ORIENTED_EDGE('',*,*,#777,.F.);
#549=ORIENTED_EDGE('',*,*,#763,.F.);
#550=ORIENTED_EDGE('',*,*,#769,.F.);
#551=ORIENTED_EDGE('',*,*,#561,.F.);
#552=ORIENTED_EDGE('',*,*,#775,.F.);
#553=ORIENTED_EDGE('',*,*,#563,.F.);
#554=ORIENTED_EDGE('',*,*,#770,.F.);
#555=ORIENTED_EDGE('',*,*,#565,.F.);
#556=ORIENTED_EDGE('',*,*,#774,.F.);
#557=ORIENTED_EDGE('',*,*,#569,.F.);
#558=EDGE_CURVE('',#780,#781,#932,.T.);
#559=EDGE_CURVE('',#781,#782,#933,.T.);
#560=EDGE_CURVE('',#783,#782,#934,.T.);
#561=EDGE_CURVE('',#783,#780,#935,.F.);
#562=EDGE_CURVE('',#784,#785,#936,.T.);
#563=EDGE_CURVE('',#784,#786,#937,.T.);
#564=EDGE_CURVE('',#786,#787,#938,.T.);
#565=EDGE_CURVE('',#787,#785,#939,.F.);
#566=EDGE_CURVE('',#788,#789,#940,.T.);
#567=EDGE_CURVE('',#788,#790,#941,.F.);
#568=EDGE_CURVE('',#790,#791,#942,.T.);
#569=EDGE_CURVE('',#791,#789,#943,.T.);
#570=EDGE_CURVE('',#792,#793,#944,.T.);
#571=EDGE_CURVE('',#793,#794,#945,.F.);
#572=EDGE_CURVE('',#795,#794,#946,.T.);
#573=EDGE_CURVE('',#795,#792,#947,.T.);
#574=EDGE_CURVE('',#796,#797,#948,.T.);
#575=EDGE_CURVE('',#796,#798,#949,.T.);
#576=EDGE_CURVE('',#798,#799,#950,.T.);
#577=EDGE_CURVE('',#799,#797,#951,.F.);
#578=EDGE_CURVE('',#800,#801,#952,.T.);
#579=EDGE_CURVE('',#800,#802,#953,.F.);
#580=EDGE_CURVE('',#802,#803,#954,.T.);
#581=EDGE_CURVE('',#803,#801,#955,.T.);
#582=EDGE_CURVE('',#804,#805,#956,.T.);
#583=EDGE_CURVE('',#804,#806,#957,.T.);
#584=EDGE_CURVE('',#806,#807,#958,.T.);
#585=EDGE_CURVE('',#807,#805,#959,.F.);
#586=EDGE_CURVE('',#808,#809,#12,.T.);
#587=EDGE_CURVE('',#810,#808,#960,.T.);
#588=EDGE_CURVE('',#810,#811,#13,.T.);
#589=EDGE_CURVE('',#811,#809,#961,.T.);
#590=EDGE_CURVE('',#812,#808,#962,.T.);
#591=EDGE_CURVE('',#813,#812,#963,.T.);
#592=EDGE_CURVE('',#813,#810,#964,.T.);
#593=EDGE_CURVE('',#814,#812,#14,.T.);
#594=EDGE_CURVE('',#815,#814,#965,.T.);
#595=EDGE_CURVE('',#815,#813,#15,.T.);
#596=EDGE_CURVE('',#814,#816,#966,.T.);
#597=EDGE_CURVE('',#817,#816,#967,.T.);
#598=EDGE_CURVE('',#815,#817,#968,.T.);
#599=EDGE_CURVE('',#818,#816,#16,.T.);
#600=EDGE_CURVE('',#819,#818,#969,.T.);
#601=EDGE_CURVE('',#819,#817,#17,.T.);
#602=EDGE_CURVE('',#818,#820,#970,.T.);
#603=EDGE_CURVE('',#821,#820,#971,.T.);
#604=EDGE_CURVE('',#819,#821,#972,.T.);
#605=EDGE_CURVE('',#822,#820,#18,.T.);
#606=EDGE_CURVE('',#823,#822,#973,.T.);
#607=EDGE_CURVE('',#823,#821,#19,.T.);
#608=EDGE_CURVE('',#824,#825,#974,.T.);
#609=EDGE_CURVE('',#826,#824,#975,.T.);
#610=EDGE_CURVE('',#826,#827,#976,.T.);
#611=EDGE_CURVE('',#827,#825,#977,.T.);
#612=EDGE_CURVE('',#828,#824,#20,.T.);
#613=EDGE_CURVE('',#829,#828,#978,.T.);
#614=EDGE_CURVE('',#829,#826,#21,.T.);
#615=EDGE_CURVE('',#830,#828,#979,.T.);
#616=EDGE_CURVE('',#831,#830,#980,.T.);
#617=EDGE_CURVE('',#831,#829,#981,.T.);
#618=EDGE_CURVE('',#832,#830,#22,.T.);
#619=EDGE_CURVE('',#833,#832,#982,.T.);
#620=EDGE_CURVE('',#833,#831,#23,.T.);
#621=EDGE_CURVE('',#832,#834,#983,.T.);
#622=EDGE_CURVE('',#835,#834,#984,.T.);
#623=EDGE_CURVE('',#833,#835,#985,.T.);
#624=EDGE_CURVE('',#836,#834,#24,.T.);
#625=EDGE_CURVE('',#837,#836,#986,.T.);
#626=EDGE_CURVE('',#837,#835,#25,.T.);
#627=EDGE_CURVE('',#836,#838,#987,.T.);
#628=EDGE_CURVE('',#839,#838,#988,.T.);
#629=EDGE_CURVE('',#837,#839,#989,.T.);
#630=EDGE_CURVE('',#840,#841,#26,.T.);
#631=EDGE_CURVE('',#842,#840,#990,.T.);
#632=EDGE_CURVE('',#842,#843,#27,.T.);
#633=EDGE_CURVE('',#843,#841,#991,.T.);
#634=EDGE_CURVE('',#840,#844,#992,.T.);
#635=EDGE_CURVE('',#845,#844,#993,.T.);
#636=EDGE_CURVE('',#842,#845,#994,.T.);
#637=EDGE_CURVE('',#846,#844,#28,.T.);
#638=EDGE_CURVE('',#847,#846,#995,.T.);
#639=EDGE_CURVE('',#847,#845,#29,.T.);
#640=EDGE_CURVE('',#848,#846,#996,.T.);
#641=EDGE_CURVE('',#849,#848,#997,.T.);
#642=EDGE_CURVE('',#849,#847,#998,.T.);
#643=EDGE_CURVE('',#850,#848,#30,.T.);
#644=EDGE_CURVE('',#851,#850,#999,.T.);
#645=EDGE_CURVE('',#851,#849,#31,.T.);
#646=EDGE_CURVE('',#852,#850,#1000,.T.);
#647=EDGE_CURVE('',#853,#852,#1001,.T.);
#648=EDGE_CURVE('',#853,#851,#1002,.T.);
#649=EDGE_CURVE('',#854,#852,#32,.T.);
#650=EDGE_CURVE('',#855,#854,#1003,.T.);
#651=EDGE_CURVE('',#855,#853,#33,.T.);
#652=EDGE_CURVE('',#856,#857,#34,.T.);
#653=EDGE_CURVE('',#858,#856,#1004,.T.);
#654=EDGE_CURVE('',#858,#859,#35,.T.);
#655=EDGE_CURVE('',#859,#857,#1005,.T.);
#656=EDGE_CURVE('',#860,#856,#1006,.T.);
#657=EDGE_CURVE('',#861,#860,#1007,.T.);
#658=EDGE_CURVE('',#861,#858,#1008,.T.);
#659=EDGE_CURVE('',#862,#860,#36,.T.);
#660=EDGE_CURVE('',#863,#862,#1009,.T.);
#661=EDGE_CURVE('',#863,#861,#37,.T.);
#662=EDGE_CURVE('',#862,#864,#1010,.T.);
#663=EDGE_CURVE('',#865,#864,#1011,.T.);
#664=EDGE_CURVE('',#863,#865,#1012,.T.);
#665=EDGE_CURVE('',#866,#864,#38,.T.);
#666=EDGE_CURVE('',#867,#866,#1013,.T.);
#667=EDGE_CURVE('',#867,#865,#39,.T.);
#668=EDGE_CURVE('',#866,#868,#1014,.T.);
#669=EDGE_CURVE('',#869,#868,#1015,.T.);
#670=EDGE_CURVE('',#867,#869,#1016,.T.);
#671=EDGE_CURVE('',#870,#868,#40,.T.);
#672=EDGE_CURVE('',#871,#870,#1017,.T.);
#673=EDGE_CURVE('',#871,#869,#41,.T.);
#674=EDGE_CURVE('',#872,#873,#42,.T.);
#675=EDGE_CURVE('',#874,#872,#1018,.T.);
#676=EDGE_CURVE('',#874,#875,#43,.T.);
#677=EDGE_CURVE('',#875,#873,#1019,.T.);
#678=EDGE_CURVE('',#876,#872,#1020,.T.);
#679=EDGE_CURVE('',#877,#876,#1021,.T.);
#680=EDGE_CURVE('',#877,#874,#1022,.T.);
#681=EDGE_CURVE('',#878,#876,#44,.T.);
#682=EDGE_CURVE('',#879,#878,#1023,.T.);
#683=EDGE_CURVE('',#879,#877,#45,.T.);
#684=EDGE_CURVE('',#878,#880,#1024,.T.);
#685=EDGE_CURVE('',#881,#880,#1025,.T.);
#686=EDGE_CURVE('',#879,#881,#1026,.T.);
#687=EDGE_CURVE('',#882,#880,#46,.T.);
#688=EDGE_CURVE('',#883,#882,#1027,.T.);
#689=EDGE_CURVE('',#883,#881,#47,.T.);
#690=EDGE_CURVE('',#882,#884,#1028,.T.);
#691=EDGE_CURVE('',#885,#884,#1029,.T.);
#692=EDGE_CURVE('',#883,#885,#1030,.T.);
#693=EDGE_CURVE('',#886,#884,#48,.T.);
#694=EDGE_CURVE('',#887,#886,#1031,.T.);
#695=EDGE_CURVE('',#887,#885,#49,.T.);
#696=EDGE_CURVE('',#888,#889,#1032,.T.);
#697=EDGE_CURVE('',#890,#888,#1033,.T.);
#698=EDGE_CURVE('',#890,#891,#1034,.T.);
#699=EDGE_CURVE('',#891,#889,#1035,.T.);
#700=EDGE_CURVE('',#892,#888,#1036,.T.);
#701=EDGE_CURVE('',#893,#892,#1037,.T.);
#702=EDGE_CURVE('',#893,#890,#1038,.T.);
#703=EDGE_CURVE('',#892,#894,#1039,.T.);
#704=EDGE_CURVE('',#895,#894,#1040,.T.);
#705=EDGE_CURVE('',#893,#895,#1041,.T.);
#706=EDGE_CURVE('',#894,#896,#1042,.T.);
#707=EDGE_CURVE('',#897,#896,#1043,.T.);
#708=EDGE_CURVE('',#895,#897,#1044,.T.);
#709=EDGE_CURVE('',#898,#896,#1045,.T.);
#710=EDGE_CURVE('',#899,#898,#1046,.T.);
#711=EDGE_CURVE('',#899,#897,#1047,.T.);
#712=EDGE_CURVE('',#900,#898,#1048,.T.);
#713=EDGE_CURVE('',#901,#900,#1049,.T.);
#714=EDGE_CURVE('',#901,#899,#1050,.T.);
#715=EDGE_CURVE('',#902,#900,#1051,.T.);
#716=EDGE_CURVE('',#903,#902,#1052,.T.);
#717=EDGE_CURVE('',#903,#901,#1053,.T.);
#718=EDGE_CURVE('',#904,#905,#1054,.T.);
#719=EDGE_CURVE('',#903,#904,#1055,.T.);
#720=EDGE_CURVE('',#902,#905,#1056,.T.);
#721=EDGE_CURVE('',#905,#906,#1057,.T.);
#722=EDGE_CURVE('',#907,#906,#1058,.T.);
#723=EDGE_CURVE('',#904,#907,#1059,.T.);
#724=EDGE_CURVE('',#906,#908,#1060,.T.);
#725=EDGE_CURVE('',#909,#908,#1061,.T.);
#726=EDGE_CURVE('',#907,#909,#1062,.T.);
#727=EDGE_CURVE('',#910,#908,#1063,.T.);
#728=EDGE_CURVE('',#911,#910,#1064,.T.);
#729=EDGE_CURVE('',#911,#909,#1065,.T.);
#730=EDGE_CURVE('',#912,#910,#1066,.T.);
#731=EDGE_CURVE('',#913,#912,#1067,.T.);
#732=EDGE_CURVE('',#913,#911,#1068,.T.);
#733=EDGE_CURVE('',#914,#912,#1069,.T.);
#734=EDGE_CURVE('',#915,#914,#1070,.T.);
#735=EDGE_CURVE('',#915,#913,#1071,.T.);
#736=EDGE_CURVE('',#809,#822,#1072,.T.);
#737=EDGE_CURVE('',#811,#823,#1073,.T.);
#738=EDGE_CURVE('',#825,#838,#50,.T.);
#739=EDGE_CURVE('',#827,#839,#51,.T.);
#740=EDGE_CURVE('',#916,#916,#52,.T.);
#741=EDGE_CURVE('',#917,#917,#53,.T.);
#742=EDGE_CURVE('',#918,#918,#54,.T.);
#743=EDGE_CURVE('',#919,#919,#55,.T.);
#744=EDGE_CURVE('',#854,#841,#1074,.T.);
#745=EDGE_CURVE('',#855,#843,#1075,.T.);
#746=EDGE_CURVE('',#857,#870,#1076,.T.);
#747=EDGE_CURVE('',#859,#871,#1077,.T.);
#748=EDGE_CURVE('',#873,#886,#1078,.T.);
#749=EDGE_CURVE('',#875,#887,#1079,.T.);
#750=EDGE_CURVE('',#920,#920,#56,.T.);
#751=EDGE_CURVE('',#921,#921,#57,.T.);
#752=EDGE_CURVE('',#922,#922,#58,.T.);
#753=EDGE_CURVE('',#923,#923,#59,.T.);
#754=EDGE_CURVE('',#924,#924,#60,.T.);
#755=EDGE_CURVE('',#925,#925,#61,.T.);
#756=EDGE_CURVE('',#926,#926,#62,.T.);
#757=EDGE_CURVE('',#927,#927,#63,.T.);
#758=EDGE_CURVE('',#889,#914,#1080,.T.);
#759=EDGE_CURVE('',#891,#915,#1081,.T.);
#760=EDGE_CURVE('',#928,#929,#1082,.T.);
#761=EDGE_CURVE('',#929,#930,#1083,.F.);
#762=EDGE_CURVE('',#931,#930,#1084,.T.);
#763=EDGE_CURVE('',#931,#928,#1085,.T.);
#764=EDGE_CURVE('',#794,#796,#64,.T.);
#765=EDGE_CURVE('',#797,#803,#65,.T.);
#766=EDGE_CURVE('',#802,#804,#66,.T.);
#767=EDGE_CURVE('',#805,#931,#67,.T.);
#768=EDGE_CURVE('',#930,#781,#68,.T.);
#769=EDGE_CURVE('',#780,#784,#69,.T.);
#770=EDGE_CURVE('',#785,#791,#70,.T.);
#771=EDGE_CURVE('',#790,#795,#71,.T.);
#772=EDGE_CURVE('',#798,#793,#72,.F.);
#773=EDGE_CURVE('',#792,#788,#73,.F.);
#774=EDGE_CURVE('',#789,#787,#74,.F.);
#775=EDGE_CURVE('',#786,#783,#75,.F.);
#776=EDGE_CURVE('',#782,#929,#76,.F.);
#777=EDGE_CURVE('',#928,#807,#77,.F.);
#778=EDGE_CURVE('',#806,#800,#78,.F.);
#779=EDGE_CURVE('',#801,#799,#79,.F.);
#780=VERTEX_POINT('',#2188);
#781=VERTEX_POINT('',#2189);
#782=VERTEX_POINT('',#2191);
#783=VERTEX_POINT('',#2193);
#784=VERTEX_POINT('',#2197);
#785=VERTEX_POINT('',#2198);
#786=VERTEX_POINT('',#2200);
#787=VERTEX_POINT('',#2202);
#788=VERTEX_POINT('',#2206);
#789=VERTEX_POINT('',#2207);
#790=VERTEX_POINT('',#2209);
#791=VERTEX_POINT('',#2211);
#792=VERTEX_POINT('',#2215);
#793=VERTEX_POINT('',#2216);
#794=VERTEX_POINT('',#2218);
#795=VERTEX_POINT('',#2220);
#796=VERTEX_POINT('',#2224);
#797=VERTEX_POINT('',#2225);
#798=VERTEX_POINT('',#2227);
#799=VERTEX_POINT('',#2229);
#800=VERTEX_POINT('',#2233);
#801=VERTEX_POINT('',#2234);
#802=VERTEX_POINT('',#2236);
#803=VERTEX_POINT('',#2238);
#804=VERTEX_POINT('',#2242);
#805=VERTEX_POINT('',#2243);
#806=VERTEX_POINT('',#2245);
#807=VERTEX_POINT('',#2247);
#808=VERTEX_POINT('',#2251);
#809=VERTEX_POINT('',#2252);
#810=VERTEX_POINT('',#2254);
#811=VERTEX_POINT('',#2256);
#812=VERTEX_POINT('',#2260);
#813=VERTEX_POINT('',#2262);
#814=VERTEX_POINT('',#2266);
#815=VERTEX_POINT('',#2268);
#816=VERTEX_POINT('',#2272);
#817=VERTEX_POINT('',#2274);
#818=VERTEX_POINT('',#2278);
#819=VERTEX_POINT('',#2280);
#820=VERTEX_POINT('',#2284);
#821=VERTEX_POINT('',#2286);
#822=VERTEX_POINT('',#2290);
#823=VERTEX_POINT('',#2292);
#824=VERTEX_POINT('',#2296);
#825=VERTEX_POINT('',#2297);
#826=VERTEX_POINT('',#2299);
#827=VERTEX_POINT('',#2301);
#828=VERTEX_POINT('',#2305);
#829=VERTEX_POINT('',#2307);
#830=VERTEX_POINT('',#2311);
#831=VERTEX_POINT('',#2313);
#832=VERTEX_POINT('',#2317);
#833=VERTEX_POINT('',#2319);
#834=VERTEX_POINT('',#2323);
#835=VERTEX_POINT('',#2325);
#836=VERTEX_POINT('',#2329);
#837=VERTEX_POINT('',#2331);
#838=VERTEX_POINT('',#2335);
#839=VERTEX_POINT('',#2337);
#840=VERTEX_POINT('',#2341);
#841=VERTEX_POINT('',#2342);
#842=VERTEX_POINT('',#2344);
#843=VERTEX_POINT('',#2346);
#844=VERTEX_POINT('',#2350);
#845=VERTEX_POINT('',#2352);
#846=VERTEX_POINT('',#2356);
#847=VERTEX_POINT('',#2358);
#848=VERTEX_POINT('',#2362);
#849=VERTEX_POINT('',#2364);
#850=VERTEX_POINT('',#2368);
#851=VERTEX_POINT('',#2370);
#852=VERTEX_POINT('',#2374);
#853=VERTEX_POINT('',#2376);
#854=VERTEX_POINT('',#2380);
#855=VERTEX_POINT('',#2382);
#856=VERTEX_POINT('',#2386);
#857=VERTEX_POINT('',#2387);
#858=VERTEX_POINT('',#2389);
#859=VERTEX_POINT('',#2391);
#860=VERTEX_POINT('',#2395);
#861=VERTEX_POINT('',#2397);
#862=VERTEX_POINT('',#2401);
#863=VERTEX_POINT('',#2403);
#864=VERTEX_POINT('',#2407);
#865=VERTEX_POINT('',#2409);
#866=VERTEX_POINT('',#2413);
#867=VERTEX_POINT('',#2415);
#868=VERTEX_POINT('',#2419);
#869=VERTEX_POINT('',#2421);
#870=VERTEX_POINT('',#2425);
#871=VERTEX_POINT('',#2427);
#872=VERTEX_POINT('',#2431);
#873=VERTEX_POINT('',#2432);
#874=VERTEX_POINT('',#2434);
#875=VERTEX_POINT('',#2436);
#876=VERTEX_POINT('',#2440);
#877=VERTEX_POINT('',#2442);
#878=VERTEX_POINT('',#2446);
#879=VERTEX_POINT('',#2448);
#880=VERTEX_POINT('',#2452);
#881=VERTEX_POINT('',#2454);
#882=VERTEX_POINT('',#2458);
#883=VERTEX_POINT('',#2460);
#884=VERTEX_POINT('',#2464);
#885=VERTEX_POINT('',#2466);
#886=VERTEX_POINT('',#2470);
#887=VERTEX_POINT('',#2472);
#888=VERTEX_POINT('',#2476);
#889=VERTEX_POINT('',#2477);
#890=VERTEX_POINT('',#2479);
#891=VERTEX_POINT('',#2481);
#892=VERTEX_POINT('',#2485);
#893=VERTEX_POINT('',#2487);
#894=VERTEX_POINT('',#2491);
#895=VERTEX_POINT('',#2493);
#896=VERTEX_POINT('',#2497);
#897=VERTEX_POINT('',#2499);
#898=VERTEX_POINT('',#2503);
#899=VERTEX_POINT('',#2505);
#900=VERTEX_POINT('',#2509);
#901=VERTEX_POINT('',#2511);
#902=VERTEX_POINT('',#2515);
#903=VERTEX_POINT('',#2517);
#904=VERTEX_POINT('',#2521);
#905=VERTEX_POINT('',#2522);
#906=VERTEX_POINT('',#2527);
#907=VERTEX_POINT('',#2529);
#908=VERTEX_POINT('',#2533);
#909=VERTEX_POINT('',#2535);
#910=VERTEX_POINT('',#2539);
#911=VERTEX_POINT('',#2541);
#912=VERTEX_POINT('',#2545);
#913=VERTEX_POINT('',#2547);
#914=VERTEX_POINT('',#2551);
#915=VERTEX_POINT('',#2553);
#916=VERTEX_POINT('',#2563);
#917=VERTEX_POINT('',#2565);
#918=VERTEX_POINT('',#2568);
#919=VERTEX_POINT('',#2570);
#920=VERTEX_POINT('',#2582);
#921=VERTEX_POINT('',#2584);
#922=VERTEX_POINT('',#2587);
#923=VERTEX_POINT('',#2589);
#924=VERTEX_POINT('',#2592);
#925=VERTEX_POINT('',#2594);
#926=VERTEX_POINT('',#2597);
#927=VERTEX_POINT('',#2599);
#928=VERTEX_POINT('',#2605);
#929=VERTEX_POINT('',#2606);
#930=VERTEX_POINT('',#2608);
#931=VERTEX_POINT('',#2610);
#932=LINE('',#2187,#1086);
#933=LINE('',#2190,#1087);
#934=LINE('',#2192,#1088);
#935=LINE('',#2194,#1089);
#936=LINE('',#2196,#1090);
#937=LINE('',#2199,#1091);
#938=LINE('',#2201,#1092);
#939=LINE('',#2203,#1093);
#940=LINE('',#2205,#1094);
#941=LINE('',#2208,#1095);
#942=LINE('',#2210,#1096);
#943=LINE('',#2212,#1097);
#944=LINE('',#2214,#1098);
#945=LINE('',#2217,#1099);
#946=LINE('',#2219,#1100);
#947=LINE('',#2221,#1101);
#948=LINE('',#2223,#1102);
#949=LINE('',#2226,#1103);
#950=LINE('',#2228,#1104);
#951=LINE('',#2230,#1105);
#952=LINE('',#2232,#1106);
#953=LINE('',#2235,#1107);
#954=LINE('',#2237,#1108);
#955=LINE('',#2239,#1109);
#956=LINE('',#2241,#1110);
#957=LINE('',#2244,#1111);
#958=LINE('',#2246,#1112);
#959=LINE('',#2248,#1113);
#960=LINE('',#2253,#1114);
#961=LINE('',#2257,#1115);
#962=LINE('',#2259,#1116);
#963=LINE('',#2261,#1117);
#964=LINE('',#2263,#1118);
#965=LINE('',#2267,#1119);
#966=LINE('',#2271,#1120);
#967=LINE('',#2273,#1121);
#968=LINE('',#2275,#1122);
#969=LINE('',#2279,#1123);
#970=LINE('',#2283,#1124);
#971=LINE('',#2285,#1125);
#972=LINE('',#2287,#1126);
#973=LINE('',#2291,#1127);
#974=LINE('',#2295,#1128);
#975=LINE('',#2298,#1129);
#976=LINE('',#2300,#1130);
#977=LINE('',#2302,#1131);
#978=LINE('',#2306,#1132);
#979=LINE('',#2310,#1133);
#980=LINE('',#2312,#1134);
#981=LINE('',#2314,#1135);
#982=LINE('',#2318,#1136);
#983=LINE('',#2322,#1137);
#984=LINE('',#2324,#1138);
#985=LINE('',#2326,#1139);
#986=LINE('',#2330,#1140);
#987=LINE('',#2334,#1141);
#988=LINE('',#2336,#1142);
#989=LINE('',#2338,#1143);
#990=LINE('',#2343,#1144);
#991=LINE('',#2347,#1145);
#992=LINE('',#2349,#1146);
#993=LINE('',#2351,#1147);
#994=LINE('',#2353,#1148);
#995=LINE('',#2357,#1149);
#996=LINE('',#2361,#1150);
#997=LINE('',#2363,#1151);
#998=LINE('',#2365,#1152);
#999=LINE('',#2369,#1153);
#1000=LINE('',#2373,#1154);
#1001=LINE('',#2375,#1155);
#1002=LINE('',#2377,#1156);
#1003=LINE('',#2381,#1157);
#1004=LINE('',#2388,#1158);
#1005=LINE('',#2392,#1159);
#1006=LINE('',#2394,#1160);
#1007=LINE('',#2396,#1161);
#1008=LINE('',#2398,#1162);
#1009=LINE('',#2402,#1163);
#1010=LINE('',#2406,#1164);
#1011=LINE('',#2408,#1165);
#1012=LINE('',#2410,#1166);
#1013=LINE('',#2414,#1167);
#1014=LINE('',#2418,#1168);
#1015=LINE('',#2420,#1169);
#1016=LINE('',#2422,#1170);
#1017=LINE('',#2426,#1171);
#1018=LINE('',#2433,#1172);
#1019=LINE('',#2437,#1173);
#1020=LINE('',#2439,#1174);
#1021=LINE('',#2441,#1175);
#1022=LINE('',#2443,#1176);
#1023=LINE('',#2447,#1177);
#1024=LINE('',#2451,#1178);
#1025=LINE('',#2453,#1179);
#1026=LINE('',#2455,#1180);
#1027=LINE('',#2459,#1181);
#1028=LINE('',#2463,#1182);
#1029=LINE('',#2465,#1183);
#1030=LINE('',#2467,#1184);
#1031=LINE('',#2471,#1185);
#1032=LINE('',#2475,#1186);
#1033=LINE('',#2478,#1187);
#1034=LINE('',#2480,#1188);
#1035=LINE('',#2482,#1189);
#1036=LINE('',#2484,#1190);
#1037=LINE('',#2486,#1191);
#1038=LINE('',#2488,#1192);
#1039=LINE('',#2490,#1193);
#1040=LINE('',#2492,#1194);
#1041=LINE('',#2494,#1195);
#1042=LINE('',#2496,#1196);
#1043=LINE('',#2498,#1197);
#1044=LINE('',#2500,#1198);
#1045=LINE('',#2502,#1199);
#1046=LINE('',#2504,#1200);
#1047=LINE('',#2506,#1201);
#1048=LINE('',#2508,#1202);
#1049=LINE('',#2510,#1203);
#1050=LINE('',#2512,#1204);
#1051=LINE('',#2514,#1205);
#1052=LINE('',#2516,#1206);
#1053=LINE('',#2518,#1207);
#1054=LINE('',#2520,#1208);
#1055=LINE('',#2523,#1209);
#1056=LINE('',#2524,#1210);
#1057=LINE('',#2526,#1211);
#1058=LINE('',#2528,#1212);
#1059=LINE('',#2530,#1213);
#1060=LINE('',#2532,#1214);
#1061=LINE('',#2534,#1215);
#1062=LINE('',#2536,#1216);
#1063=LINE('',#2538,#1217);
#1064=LINE('',#2540,#1218);
#1065=LINE('',#2542,#1219);
#1066=LINE('',#2544,#1220);
#1067=LINE('',#2546,#1221);
#1068=LINE('',#2548,#1222);
#1069=LINE('',#2550,#1223);
#1070=LINE('',#2552,#1224);
#1071=LINE('',#2554,#1225);
#1072=LINE('',#2556,#1226);
#1073=LINE('',#2557,#1227);
#1074=LINE('',#2572,#1228);
#1075=LINE('',#2573,#1229);
#1076=LINE('',#2575,#1230);
#1077=LINE('',#2576,#1231);
#1078=LINE('',#2578,#1232);
#1079=LINE('',#2579,#1233);
#1080=LINE('',#2601,#1234);
#1081=LINE('',#2602,#1235);
#1082=LINE('',#2604,#1236);
#1083=LINE('',#2607,#1237);
#1084=LINE('',#2609,#1238);
#1085=LINE('',#2611,#1239);
#1086=VECTOR('',#1741,1.);
#1087=VECTOR('',#1742,1.);
#1088=VECTOR('',#1743,1.);
#1089=VECTOR('',#1744,1.);
#1090=VECTOR('',#1747,1.);
#1091=VECTOR('',#1748,1.);
#1092=VECTOR('',#1749,1.);
#1093=VECTOR('',#1750,1.);
#1094=VECTOR('',#1753,1.);
#1095=VECTOR('',#1754,1.);
#1096=VECTOR('',#1755,1.);
#1097=VECTOR('',#1756,1.);
#1098=VECTOR('',#1759,1.);
#1099=VECTOR('',#1760,1.);
#1100=VECTOR('',#1761,1.);
#1101=VECTOR('',#1762,1.);
#1102=VECTOR('',#1765,1.);
#1103=VECTOR('',#1766,1.);
#1104=VECTOR('',#1767,1.);
#1105=VECTOR('',#1768,1.);
#1106=VECTOR('',#1771,1.);
#1107=VECTOR('',#1772,1.);
#1108=VECTOR('',#1773,1.);
#1109=VECTOR('',#1774,1.);
#1110=VECTOR('',#1777,1.);
#1111=VECTOR('',#1778,1.);
#1112=VECTOR('',#1779,1.);
#1113=VECTOR('',#1780,1.);
#1114=VECTOR('',#1785,1.);
#1115=VECTOR('',#1788,1.);
#1116=VECTOR('',#1791,1.);
#1117=VECTOR('',#1792,1.);
#1118=VECTOR('',#1793,1.);
#1119=VECTOR('',#1798,1.);
#1120=VECTOR('',#1803,1.);
#1121=VECTOR('',#1804,1.);
#1122=VECTOR('',#1805,1.);
#1123=VECTOR('',#1810,1.);
#1124=VECTOR('',#1815,1.);
#1125=VECTOR('',#1816,1.);
#1126=VECTOR('',#1817,1.);
#1127=VECTOR('',#1822,1.);
#1128=VECTOR('',#1827,1.);
#1129=VECTOR('',#1828,1.);
#1130=VECTOR('',#1829,1.);
#1131=VECTOR('',#1830,1.);
#1132=VECTOR('',#1835,1.);
#1133=VECTOR('',#1840,1.);
#1134=VECTOR('',#1841,1.);
#1135=VECTOR('',#1842,1.);
#1136=VECTOR('',#1847,1.);
#1137=VECTOR('',#1852,1.);
#1138=VECTOR('',#1853,1.);
#1139=VECTOR('',#1854,1.);
#1140=VECTOR('',#1859,1.);
#1141=VECTOR('',#1864,1.);
#1142=VECTOR('',#1865,1.);
#1143=VECTOR('',#1866,1.);
#1144=VECTOR('',#1871,1.);
#1145=VECTOR('',#1874,1.);
#1146=VECTOR('',#1877,1.);
#1147=VECTOR('',#1878,1.);
#1148=VECTOR('',#1879,1.);
#1149=VECTOR('',#1884,1.);
#1150=VECTOR('',#1889,1.);
#1151=VECTOR('',#1890,1.);
#1152=VECTOR('',#1891,1.);
#1153=VECTOR('',#1896,1.);
#1154=VECTOR('',#1901,1.);
#1155=VECTOR('',#1902,1.);
#1156=VECTOR('',#1903,1.);
#1157=VECTOR('',#1908,1.);
#1158=VECTOR('',#1915,1.);
#1159=VECTOR('',#1918,1.);
#1160=VECTOR('',#1921,1.);
#1161=VECTOR('',#1922,1.);
#1162=VECTOR('',#1923,1.);
#1163=VECTOR('',#1928,1.);
#1164=VECTOR('',#1933,1.);
#1165=VECTOR('',#1934,1.);
#1166=VECTOR('',#1935,1.);
#1167=VECTOR('',#1940,1.);
#1168=VECTOR('',#1945,1.);
#1169=VECTOR('',#1946,1.);
#1170=VECTOR('',#1947,1.);
#1171=VECTOR('',#1952,1.);
#1172=VECTOR('',#1959,1.);
#1173=VECTOR('',#1962,1.);
#1174=VECTOR('',#1965,1.);
#1175=VECTOR('',#1966,1.);
#1176=VECTOR('',#1967,1.);
#1177=VECTOR('',#1972,1.);
#1178=VECTOR('',#1977,1.);
#1179=VECTOR('',#1978,1.);
#1180=VECTOR('',#1979,1.);
#1181=VECTOR('',#1984,1.);
#1182=VECTOR('',#1989,1.);
#1183=VECTOR('',#1990,1.);
#1184=VECTOR('',#1991,1.);
#1185=VECTOR('',#1996,1.);
#1186=VECTOR('',#2001,1.);
#1187=VECTOR('',#2002,1.);
#1188=VECTOR('',#2003,1.);
#1189=VECTOR('',#2004,1.);
#1190=VECTOR('',#2007,1.);
#1191=VECTOR('',#2008,1.);
#1192=VECTOR('',#2009,1.);
#1193=VECTOR('',#2012,1.);
#1194=VECTOR('',#2013,1.);
#1195=VECTOR('',#2014,1.);
#1196=VECTOR('',#2017,1.);
#1197=VECTOR('',#2018,1.);
#1198=VECTOR('',#2019,1.);
#1199=VECTOR('',#2022,1.);
#1200=VECTOR('',#2023,1.);
#1201=VECTOR('',#2024,1.);
#1202=VECTOR('',#2027,1.);
#1203=VECTOR('',#2028,1.);
#1204=VECTOR('',#2029,1.);
#1205=VECTOR('',#2032,1.);
#1206=VECTOR('',#2033,1.);
#1207=VECTOR('',#2034,1.);
#1208=VECTOR('',#2037,1.);
#1209=VECTOR('',#2038,1.);
#1210=VECTOR('',#2039,1.);
#1211=VECTOR('',#2042,1.);
#1212=VECTOR('',#2043,1.);
#1213=VECTOR('',#2044,1.);
#1214=VECTOR('',#2047,1.);
#1215=VECTOR('',#2048,1.);
#1216=VECTOR('',#2049,1.);
#1217=VECTOR('',#2052,1.);
#1218=VECTOR('',#2053,1.);
#1219=VECTOR('',#2054,1.);
#1220=VECTOR('',#2057,1.);
#1221=VECTOR('',#2058,1.);
#1222=VECTOR('',#2059,1.);
#1223=VECTOR('',#2062,1.);
#1224=VECTOR('',#2063,1.);
#1225=VECTOR('',#2064,1.);
#1226=VECTOR('',#2067,1.);
#1227=VECTOR('',#2068,1.);
#1228=VECTOR('',#2089,1.);
#1229=VECTOR('',#2090,1.);
#1230=VECTOR('',#2093,1.);
#1231=VECTOR('',#2094,1.);
#1232=VECTOR('',#2097,1.);
#1233=VECTOR('',#2098,1.);
#1234=VECTOR('',#2125,1.);
#1235=VECTOR('',#2126,1.);
#1236=VECTOR('',#2129,1.);
#1237=VECTOR('',#2130,1.);
#1238=VECTOR('',#2131,1.);
#1239=VECTOR('',#2132,1.);
#1240=EDGE_LOOP('',(#114,#115,#116,#117));
#1241=EDGE_LOOP('',(#118,#119,#120,#121));
#1242=EDGE_LOOP('',(#122,#123,#124,#125));
#1243=EDGE_LOOP('',(#126,#127,#128,#129));
#1244=EDGE_LOOP('',(#130,#131,#132,#133));
#1245=EDGE_LOOP('',(#134,#135,#136,#137));
#1246=EDGE_LOOP('',(#138,#139,#140,#141));
#1247=EDGE_LOOP('',(#142,#143,#144,#145));
#1248=EDGE_LOOP('',(#146,#147,#148,#149));
#1249=EDGE_LOOP('',(#150,#151,#152,#153));
#1250=EDGE_LOOP('',(#154,#155,#156,#157));
#1251=EDGE_LOOP('',(#158,#159,#160,#161));
#1252=EDGE_LOOP('',(#162,#163,#164,#165));
#1253=EDGE_LOOP('',(#166,#167,#168,#169));
#1254=EDGE_LOOP('',(#170,#171,#172,#173));
#1255=EDGE_LOOP('',(#174,#175,#176,#177));
#1256=EDGE_LOOP('',(#178,#179,#180,#181));
#1257=EDGE_LOOP('',(#182,#183,#184,#185));
#1258=EDGE_LOOP('',(#186,#187,#188,#189));
#1259=EDGE_LOOP('',(#190,#191,#192,#193));
#1260=EDGE_LOOP('',(#194,#195,#196,#197));
#1261=EDGE_LOOP('',(#198,#199,#200,#201));
#1262=EDGE_LOOP('',(#202,#203,#204,#205));
#1263=EDGE_LOOP('',(#206,#207,#208,#209));
#1264=EDGE_LOOP('',(#210,#211,#212,#213));
#1265=EDGE_LOOP('',(#214,#215,#216,#217));
#1266=EDGE_LOOP('',(#218,#219,#220,#221));
#1267=EDGE_LOOP('',(#222,#223,#224,#225));
#1268=EDGE_LOOP('',(#226,#227,#228,#229));
#1269=EDGE_LOOP('',(#230,#231,#232,#233));
#1270=EDGE_LOOP('',(#234,#235,#236,#237));
#1271=EDGE_LOOP('',(#238,#239,#240,#241));
#1272=EDGE_LOOP('',(#242,#243,#244,#245));
#1273=EDGE_LOOP('',(#246,#247,#248,#249));
#1274=EDGE_LOOP('',(#250,#251,#252,#253));
#1275=EDGE_LOOP('',(#254,#255,#256,#257));
#1276=EDGE_LOOP('',(#258,#259,#260,#261));
#1277=EDGE_LOOP('',(#262,#263,#264,#265));
#1278=EDGE_LOOP('',(#266,#267,#268,#269));
#1279=EDGE_LOOP('',(#270,#271,#272,#273));
#1280=EDGE_LOOP('',(#274,#275,#276,#277));
#1281=EDGE_LOOP('',(#278,#279,#280,#281));
#1282=EDGE_LOOP('',(#282,#283,#284,#285));
#1283=EDGE_LOOP('',(#286,#287,#288,#289));
#1284=EDGE_LOOP('',(#290,#291,#292,#293));
#1285=EDGE_LOOP('',(#294,#295,#296,#297));
#1286=EDGE_LOOP('',(#298,#299,#300,#301));
#1287=EDGE_LOOP('',(#302,#303,#304,#305));
#1288=EDGE_LOOP('',(#306,#307,#308,#309));
#1289=EDGE_LOOP('',(#310,#311,#312,#313));
#1290=EDGE_LOOP('',(#314,#315,#316,#317));
#1291=EDGE_LOOP('',(#318,#319,#320,#321));
#1292=EDGE_LOOP('',(#322,#323,#324,#325));
#1293=EDGE_LOOP('',(#326,#327,#328,#329));
#1294=EDGE_LOOP('',(#330,#331,#332,#333));
#1295=EDGE_LOOP('',(#334,#335,#336,#337));
#1296=EDGE_LOOP('',(#338,#339,#340,#341));
#1297=EDGE_LOOP('',(#342));
#1298=EDGE_LOOP('',(#343));
#1299=EDGE_LOOP('',(#344));
#1300=EDGE_LOOP('',(#345));
#1301=EDGE_LOOP('',(#346,#347,#348,#349));
#1302=EDGE_LOOP('',(#350,#351,#352,#353));
#1303=EDGE_LOOP('',(#354,#355,#356,#357));
#1304=EDGE_LOOP('',(#358));
#1305=EDGE_LOOP('',(#359));
#1306=EDGE_LOOP('',(#360));
#1307=EDGE_LOOP('',(#361));
#1308=EDGE_LOOP('',(#362));
#1309=EDGE_LOOP('',(#363));
#1310=EDGE_LOOP('',(#364));
#1311=EDGE_LOOP('',(#365));
#1312=EDGE_LOOP('',(#366,#367,#368,#369));
#1313=EDGE_LOOP('',(#370,#371,#372,#373));
#1314=EDGE_LOOP('',(#374,#375,#376,#377,#378,#379,#380,#381,#382,#383,#384,
#385,#386,#387));
#1315=EDGE_LOOP('',(#388));
#1316=EDGE_LOOP('',(#389));
#1317=EDGE_LOOP('',(#390));
#1318=EDGE_LOOP('',(#391));
#1319=EDGE_LOOP('',(#392,#393,#394,#395,#396,#397,#398,#399));
#1320=EDGE_LOOP('',(#400,#401,#402,#403,#404,#405,#406,#407));
#1321=EDGE_LOOP('',(#408,#409,#410,#411,#412,#413,#414,#415));
#1322=EDGE_LOOP('',(#416));
#1323=EDGE_LOOP('',(#417));
#1324=EDGE_LOOP('',(#418,#419,#420,#421,#422,#423,#424,#425));
#1325=EDGE_LOOP('',(#426,#427,#428,#429,#430,#431,#432,#433));
#1326=EDGE_LOOP('',(#434,#435,#436,#437,#438,#439,#440,#441,#442,#443,#444,
#445,#446,#447,#448,#449));
#1327=EDGE_LOOP('',(#450,#451,#452,#453,#454,#455,#456,#457,#458,#459,#460,
#461,#462,#463));
#1328=EDGE_LOOP('',(#464));
#1329=EDGE_LOOP('',(#465));
#1330=EDGE_LOOP('',(#466));
#1331=EDGE_LOOP('',(#467));
#1332=EDGE_LOOP('',(#468,#469,#470,#471,#472,#473,#474,#475));
#1333=EDGE_LOOP('',(#476,#477,#478,#479,#480,#481,#482,#483));
#1334=EDGE_LOOP('',(#484,#485,#486,#487,#488,#489,#490,#491));
#1335=EDGE_LOOP('',(#492));
#1336=EDGE_LOOP('',(#493));
#1337=EDGE_LOOP('',(#494,#495,#496,#497,#498,#499,#500,#501));
#1338=EDGE_LOOP('',(#502,#503,#504,#505,#506,#507,#508,#509));
#1339=EDGE_LOOP('',(#510,#511,#512,#513,#514,#515,#516,#517,#518,#519,#520,
#521,#522,#523,#524,#525));
#1340=EDGE_LOOP('',(#526,#527,#528,#529));
#1341=EDGE_LOOP('',(#530,#531,#532,#533));
#1342=EDGE_LOOP('',(#534,#535,#536,#537));
#1343=EDGE_LOOP('',(#538,#539,#540,#541));
#1344=EDGE_LOOP('',(#542,#543,#544,#545));
#1345=EDGE_LOOP('',(#546,#547,#548,#549));
#1346=EDGE_LOOP('',(#550,#551,#552,#553));
#1347=EDGE_LOOP('',(#554,#555,#556,#557));
#1348=FACE_BOUND('',#1240,.T.);
#1349=FACE_BOUND('',#1241,.T.);
#1350=FACE_BOUND('',#1242,.T.);
#1351=FACE_BOUND('',#1243,.T.);
#1352=FACE_BOUND('',#1244,.T.);
#1353=FACE_BOUND('',#1245,.T.);
#1354=FACE_BOUND('',#1246,.T.);
#1355=FACE_BOUND('',#1247,.T.);
#1356=FACE_BOUND('',#1248,.T.);
#1357=FACE_BOUND('',#1249,.T.);
#1358=FACE_BOUND('',#1250,.T.);
#1359=FACE_BOUND('',#1251,.T.);
#1360=FACE_BOUND('',#1252,.T.);
#1361=FACE_BOUND('',#1253,.T.);
#1362=FACE_BOUND('',#1254,.T.);
#1363=FACE_BOUND('',#1255,.T.);
#1364=FACE_BOUND('',#1256,.T.);
#1365=FACE_BOUND('',#1257,.T.);
#1366=FACE_BOUND('',#1258,.T.);
#1367=FACE_BOUND('',#1259,.T.);
#1368=FACE_BOUND('',#1260,.T.);
#1369=FACE_BOUND('',#1261,.T.);
#1370=FACE_BOUND('',#1262,.T.);
#1371=FACE_BOUND('',#1263,.T.);
#1372=FACE_BOUND('',#1264,.T.);
#1373=FACE_BOUND('',#1265,.T.);
#1374=FACE_BOUND('',#1266,.T.);
#1375=FACE_BOUND('',#1267,.T.);
#1376=FACE_BOUND('',#1268,.T.);
#1377=FACE_BOUND('',#1269,.T.);
#1378=FACE_BOUND('',#1270,.T.);
#1379=FACE_BOUND('',#1271,.T.);
#1380=FACE_BOUND('',#1272,.T.);
#1381=FACE_BOUND('',#1273,.T.);
#1382=FACE_BOUND('',#1274,.T.);
#1383=FACE_BOUND('',#1275,.T.);
#1384=FACE_BOUND('',#1276,.T.);
#1385=FACE_BOUND('',#1277,.T.);
#1386=FACE_BOUND('',#1278,.T.);
#1387=FACE_BOUND('',#1279,.T.);
#1388=FACE_BOUND('',#1280,.T.);
#1389=FACE_BOUND('',#1281,.T.);
#1390=FACE_BOUND('',#1282,.T.);
#1391=FACE_BOUND('',#1283,.T.);
#1392=FACE_BOUND('',#1284,.T.);
#1393=FACE_BOUND('',#1285,.T.);
#1394=FACE_BOUND('',#1286,.T.);
#1395=FACE_BOUND('',#1287,.T.);
#1396=FACE_BOUND('',#1288,.T.);
#1397=FACE_BOUND('',#1289,.T.);
#1398=FACE_BOUND('',#1290,.T.);
#1399=FACE_BOUND('',#1291,.T.);
#1400=FACE_BOUND('',#1292,.T.);
#1401=FACE_BOUND('',#1293,.T.);
#1402=FACE_BOUND('',#1294,.T.);
#1403=FACE_BOUND('',#1295,.T.);
#1404=FACE_BOUND('',#1296,.T.);
#1405=FACE_BOUND('',#1297,.T.);
#1406=FACE_BOUND('',#1298,.T.);
#1407=FACE_BOUND('',#1299,.T.);
#1408=FACE_BOUND('',#1300,.T.);
#1409=FACE_BOUND('',#1301,.T.);
#1410=FACE_BOUND('',#1302,.T.);
#1411=FACE_BOUND('',#1303,.T.);
#1412=FACE_BOUND('',#1304,.T.);
#1413=FACE_BOUND('',#1305,.T.);
#1414=FACE_BOUND('',#1306,.T.);
#1415=FACE_BOUND('',#1307,.T.);
#1416=FACE_BOUND('',#1308,.T.);
#1417=FACE_BOUND('',#1309,.T.);
#1418=FACE_BOUND('',#1310,.T.);
#1419=FACE_BOUND('',#1311,.T.);
#1420=FACE_BOUND('',#1312,.T.);
#1421=FACE_BOUND('',#1313,.T.);
#1422=FACE_BOUND('',#1314,.T.);
#1423=FACE_BOUND('',#1315,.T.);
#1424=FACE_BOUND('',#1316,.T.);
#1425=FACE_BOUND('',#1317,.T.);
#1426=FACE_BOUND('',#1318,.T.);
#1427=FACE_BOUND('',#1319,.T.);
#1428=FACE_BOUND('',#1320,.T.);
#1429=FACE_BOUND('',#1321,.T.);
#1430=FACE_BOUND('',#1322,.T.);
#1431=FACE_BOUND('',#1323,.T.);
#1432=FACE_BOUND('',#1324,.T.);
#1433=FACE_BOUND('',#1325,.T.);
#1434=FACE_BOUND('',#1326,.T.);
#1435=FACE_BOUND('',#1327,.T.);
#1436=FACE_BOUND('',#1328,.T.);
#1437=FACE_BOUND('',#1329,.T.);
#1438=FACE_BOUND('',#1330,.T.);
#1439=FACE_BOUND('',#1331,.T.);
#1440=FACE_BOUND('',#1332,.T.);
#1441=FACE_BOUND('',#1333,.T.);
#1442=FACE_BOUND('',#1334,.T.);
#1443=FACE_BOUND('',#1335,.T.);
#1444=FACE_BOUND('',#1336,.T.);
#1445=FACE_BOUND('',#1337,.T.);
#1446=FACE_BOUND('',#1338,.T.);
#1447=FACE_BOUND('',#1339,.T.);
#1448=FACE_BOUND('',#1340,.T.);
#1449=FACE_BOUND('',#1341,.T.);
#1450=FACE_BOUND('',#1342,.T.);
#1451=FACE_BOUND('',#1343,.T.);
#1452=FACE_BOUND('',#1344,.T.);
#1453=FACE_BOUND('',#1345,.T.);
#1454=FACE_BOUND('',#1346,.T.);
#1455=FACE_BOUND('',#1347,.T.);
#1456=PLANE('',#1591);
#1457=PLANE('',#1592);
#1458=PLANE('',#1593);
#1459=PLANE('',#1594);
#1460=PLANE('',#1595);
#1461=PLANE('',#1596);
#1462=PLANE('',#1597);
#1463=PLANE('',#1601);
#1464=PLANE('',#1605);
#1465=PLANE('',#1609);
#1466=PLANE('',#1613);
#1467=PLANE('',#1617);
#1468=PLANE('',#1621);
#1469=PLANE('',#1625);
#1470=PLANE('',#1629);
#1471=PLANE('',#1633);
#1472=PLANE('',#1637);
#1473=PLANE('',#1644);
#1474=PLANE('',#1648);
#1475=PLANE('',#1652);
#1476=PLANE('',#1659);
#1477=PLANE('',#1663);
#1478=PLANE('',#1667);
#1479=PLANE('',#1671);
#1480=PLANE('',#1672);
#1481=PLANE('',#1673);
#1482=PLANE('',#1674);
#1483=PLANE('',#1675);
#1484=PLANE('',#1676);
#1485=PLANE('',#1677);
#1486=PLANE('',#1678);
#1487=PLANE('',#1679);
#1488=PLANE('',#1680);
#1489=PLANE('',#1681);
#1490=PLANE('',#1682);
#1491=PLANE('',#1683);
#1492=PLANE('',#1684);
#1493=PLANE('',#1694);
#1494=PLANE('',#1695);
#1495=PLANE('',#1696);
#1496=PLANE('',#1709);
#1497=PLANE('',#1710);
#1498=PLANE('',#1711);
#1499=PLANE('',#1720);
#1500=ADVANCED_FACE('',(#1348),#1456,.T.);
#1501=ADVANCED_FACE('',(#1349),#1457,.F.);
#1502=ADVANCED_FACE('',(#1350),#1458,.T.);
#1503=ADVANCED_FACE('',(#1351),#1459,.F.);
#1504=ADVANCED_FACE('',(#1352),#1460,.F.);
#1505=ADVANCED_FACE('',(#1353),#1461,.T.);
#1506=ADVANCED_FACE('',(#1354),#1462,.F.);
#1507=ADVANCED_FACE('',(#1355),#80,.F.);
#1508=ADVANCED_FACE('',(#1356),#1463,.T.);
#1509=ADVANCED_FACE('',(#1357),#81,.F.);
#1510=ADVANCED_FACE('',(#1358),#1464,.F.);
#1511=ADVANCED_FACE('',(#1359),#82,.F.);
#1512=ADVANCED_FACE('',(#1360),#1465,.F.);
#1513=ADVANCED_FACE('',(#1361),#83,.F.);
#1514=ADVANCED_FACE('',(#1362),#1466,.T.);
#1515=ADVANCED_FACE('',(#1363),#84,.F.);
#1516=ADVANCED_FACE('',(#1364),#1467,.T.);
#1517=ADVANCED_FACE('',(#1365),#85,.F.);
#1518=ADVANCED_FACE('',(#1366),#1468,.F.);
#1519=ADVANCED_FACE('',(#1367),#86,.F.);
#1520=ADVANCED_FACE('',(#1368),#1469,.F.);
#1521=ADVANCED_FACE('',(#1369),#87,.F.);
#1522=ADVANCED_FACE('',(#1370),#1470,.F.);
#1523=ADVANCED_FACE('',(#1371),#88,.F.);
#1524=ADVANCED_FACE('',(#1372),#1471,.T.);
#1525=ADVANCED_FACE('',(#1373),#89,.F.);
#1526=ADVANCED_FACE('',(#1374),#1472,.T.);
#1527=ADVANCED_FACE('',(#1375),#90,.F.);
#1528=ADVANCED_FACE('',(#1376),#91,.F.);
#1529=ADVANCED_FACE('',(#1377),#1473,.T.);
#1530=ADVANCED_FACE('',(#1378),#92,.F.);
#1531=ADVANCED_FACE('',(#1379),#1474,.F.);
#1532=ADVANCED_FACE('',(#1380),#93,.F.);
#1533=ADVANCED_FACE('',(#1381),#1475,.F.);
#1534=ADVANCED_FACE('',(#1382),#94,.F.);
#1535=ADVANCED_FACE('',(#1383),#95,.F.);
#1536=ADVANCED_FACE('',(#1384),#1476,.T.);
#1537=ADVANCED_FACE('',(#1385),#96,.F.);
#1538=ADVANCED_FACE('',(#1386),#1477,.F.);
#1539=ADVANCED_FACE('',(#1387),#97,.F.);
#1540=ADVANCED_FACE('',(#1388),#1478,.F.);
#1541=ADVANCED_FACE('',(#1389),#98,.F.);
#1542=ADVANCED_FACE('',(#1390),#1479,.T.);
#1543=ADVANCED_FACE('',(#1391),#1480,.T.);
#1544=ADVANCED_FACE('',(#1392),#1481,.F.);
#1545=ADVANCED_FACE('',(#1393),#1482,.F.);
#1546=ADVANCED_FACE('',(#1394),#1483,.T.);
#1547=ADVANCED_FACE('',(#1395),#1484,.T.);
#1548=ADVANCED_FACE('',(#1396),#1485,.T.);
#1549=ADVANCED_FACE('',(#1397),#1486,.F.);
#1550=ADVANCED_FACE('',(#1398),#1487,.F.);
#1551=ADVANCED_FACE('',(#1399),#1488,.F.);
#1552=ADVANCED_FACE('',(#1400),#1489,.T.);
#1553=ADVANCED_FACE('',(#1401),#1490,.T.);
#1554=ADVANCED_FACE('',(#1402),#1491,.T.);
#1555=ADVANCED_FACE('',(#1403),#1492,.T.);
#1556=ADVANCED_FACE('',(#1404),#99,.F.);
#1557=ADVANCED_FACE('',(#1405,#1406),#100,.F.);
#1558=ADVANCED_FACE('',(#1407,#1408),#101,.F.);
#1559=ADVANCED_FACE('',(#1409),#1493,.F.);
#1560=ADVANCED_FACE('',(#1410),#1494,.T.);
#1561=ADVANCED_FACE('',(#1411),#1495,.T.);
#1562=ADVANCED_FACE('',(#1412,#1413),#102,.F.);
#1563=ADVANCED_FACE('',(#1414,#1415),#103,.F.);
#1564=ADVANCED_FACE('',(#1416,#1417),#104,.F.);
#1565=ADVANCED_FACE('',(#1418,#1419),#105,.F.);
#1566=ADVANCED_FACE('',(#1420),#1496,.T.);
#1567=ADVANCED_FACE('',(#1421),#1497,.F.);
#1568=ADVANCED_FACE('',(#1422,#1423,#1424,#1425,#1426,#1427,#1428,#1429,
#1430,#1431,#1432,#1433,#1434),#1498,.T.);
#1569=ADVANCED_FACE('',(#1435,#1436,#1437,#1438,#1439,#1440,#1441,#1442,
#1443,#1444,#1445,#1446,#1447),#1499,.F.);
#1570=ADVANCED_FACE('',(#1448),#106,.T.);
#1571=ADVANCED_FACE('',(#1449),#107,.T.);
#1572=ADVANCED_FACE('',(#1450),#108,.T.);
#1573=ADVANCED_FACE('',(#1451),#109,.T.);
#1574=ADVANCED_FACE('',(#1452),#110,.T.);
#1575=ADVANCED_FACE('',(#1453),#111,.T.);
#1576=ADVANCED_FACE('',(#1454),#112,.T.);
#1577=ADVANCED_FACE('',(#1455),#113,.T.);
#1578=CLOSED_SHELL('',(#1500,#1501,#1502,#1503,#1504,#1505,#1506,#1507,
#1508,#1509,#1510,#1511,#1512,#1513,#1514,#1515,#1516,#1517,#1518,#1519,
#1520,#1521,#1522,#1523,#1524,#1525,#1526,#1527,#1528,#1529,#1530,#1531,
#1532,#1533,#1534,#1535,#1536,#1537,#1538,#1539,#1540,#1541,#1542,#1543,
#1544,#1545,#1546,#1547,#1548,#1549,#1550,#1551,#1552,#1553,#1554,#1555,
#1556,#1557,#1558,#1559,#1560,#1561,#1562,#1563,#1564,#1565,#1566,#1567,
#1568,#1569,#1570,#1571,#1572,#1573,#1574,#1575,#1576,#1577));
#1579=STYLED_ITEM('',(#1580),#1587);
#1580=PRESENTATION_STYLE_ASSIGNMENT((#1581));
#1581=SURFACE_STYLE_USAGE(.BOTH.,#1582);
#1582=SURFACE_SIDE_STYLE('',(#1583));
#1583=SURFACE_STYLE_FILL_AREA(#1584);
#1584=FILL_AREA_STYLE('',(#1585));
#1585=FILL_AREA_STYLE_COLOUR('',#1586);
#1586=COLOUR_RGB('',0.615686274509804,0.811764705882353,0.929411764705882);
#1587=MANIFOLD_SOLID_BREP('Part 1',#1578);
#1588=SHAPE_DEFINITION_REPRESENTATION(#2644,#1589);
#1589=SHAPE_REPRESENTATION('Part 1',(#1590),#2639);
#1590=AXIS2_PLACEMENT_3D('',#2185,#1737,#1738);
#1591=AXIS2_PLACEMENT_3D('',#2186,#1739,#1740);
#1592=AXIS2_PLACEMENT_3D('',#2195,#1745,#1746);
#1593=AXIS2_PLACEMENT_3D('',#2204,#1751,#1752);
#1594=AXIS2_PLACEMENT_3D('',#2213,#1757,#1758);
#1595=AXIS2_PLACEMENT_3D('',#2222,#1763,#1764);
#1596=AXIS2_PLACEMENT_3D('',#2231,#1769,#1770);
#1597=AXIS2_PLACEMENT_3D('',#2240,#1775,#1776);
#1598=AXIS2_PLACEMENT_3D('',#2249,#1781,#1782);
#1599=AXIS2_PLACEMENT_3D('',#2250,#1783,#1784);
#1600=AXIS2_PLACEMENT_3D('',#2255,#1786,#1787);
#1601=AXIS2_PLACEMENT_3D('',#2258,#1789,#1790);
#1602=AXIS2_PLACEMENT_3D('',#2264,#1794,#1795);
#1603=AXIS2_PLACEMENT_3D('',#2265,#1796,#1797);
#1604=AXIS2_PLACEMENT_3D('',#2269,#1799,#1800);
#1605=AXIS2_PLACEMENT_3D('',#2270,#1801,#1802);
#1606=AXIS2_PLACEMENT_3D('',#2276,#1806,#1807);
#1607=AXIS2_PLACEMENT_3D('',#2277,#1808,#1809);
#1608=AXIS2_PLACEMENT_3D('',#2281,#1811,#1812);
#1609=AXIS2_PLACEMENT_3D('',#2282,#1813,#1814);
#1610=AXIS2_PLACEMENT_3D('',#2288,#1818,#1819);
#1611=AXIS2_PLACEMENT_3D('',#2289,#1820,#1821);
#1612=AXIS2_PLACEMENT_3D('',#2293,#1823,#1824);
#1613=AXIS2_PLACEMENT_3D('',#2294,#1825,#1826);
#1614=AXIS2_PLACEMENT_3D('',#2303,#1831,#1832);
#1615=AXIS2_PLACEMENT_3D('',#2304,#1833,#1834);
#1616=AXIS2_PLACEMENT_3D('',#2308,#1836,#1837);
#1617=AXIS2_PLACEMENT_3D('',#2309,#1838,#1839);
#1618=AXIS2_PLACEMENT_3D('',#2315,#1843,#1844);
#1619=AXIS2_PLACEMENT_3D('',#2316,#1845,#1846);
#1620=AXIS2_PLACEMENT_3D('',#2320,#1848,#1849);
#1621=AXIS2_PLACEMENT_3D('',#2321,#1850,#1851);
#1622=AXIS2_PLACEMENT_3D('',#2327,#1855,#1856);
#1623=AXIS2_PLACEMENT_3D('',#2328,#1857,#1858);
#1624=AXIS2_PLACEMENT_3D('',#2332,#1860,#1861);
#1625=AXIS2_PLACEMENT_3D('',#2333,#1862,#1863);
#1626=AXIS2_PLACEMENT_3D('',#2339,#1867,#1868);
#1627=AXIS2_PLACEMENT_3D('',#2340,#1869,#1870);
#1628=AXIS2_PLACEMENT_3D('',#2345,#1872,#1873);
#1629=AXIS2_PLACEMENT_3D('',#2348,#1875,#1876);
#1630=AXIS2_PLACEMENT_3D('',#2354,#1880,#1881);
#1631=AXIS2_PLACEMENT_3D('',#2355,#1882,#1883);
#1632=AXIS2_PLACEMENT_3D('',#2359,#1885,#1886);
#1633=AXIS2_PLACEMENT_3D('',#2360,#1887,#1888);
#1634=AXIS2_PLACEMENT_3D('',#2366,#1892,#1893);
#1635=AXIS2_PLACEMENT_3D('',#2367,#1894,#1895);
#1636=AXIS2_PLACEMENT_3D('',#2371,#1897,#1898);
#1637=AXIS2_PLACEMENT_3D('',#2372,#1899,#1900);
#1638=AXIS2_PLACEMENT_3D('',#2378,#1904,#1905);
#1639=AXIS2_PLACEMENT_3D('',#2379,#1906,#1907);
#1640=AXIS2_PLACEMENT_3D('',#2383,#1909,#1910);
#1641=AXIS2_PLACEMENT_3D('',#2384,#1911,#1912);
#1642=AXIS2_PLACEMENT_3D('',#2385,#1913,#1914);
#1643=AXIS2_PLACEMENT_3D('',#2390,#1916,#1917);
#1644=AXIS2_PLACEMENT_3D('',#2393,#1919,#1920);
#1645=AXIS2_PLACEMENT_3D('',#2399,#1924,#1925);
#1646=AXIS2_PLACEMENT_3D('',#2400,#1926,#1927);
#1647=AXIS2_PLACEMENT_3D('',#2404,#1929,#1930);
#1648=AXIS2_PLACEMENT_3D('',#2405,#1931,#1932);
#1649=AXIS2_PLACEMENT_3D('',#2411,#1936,#1937);
#1650=AXIS2_PLACEMENT_3D('',#2412,#1938,#1939);
#1651=AXIS2_PLACEMENT_3D('',#2416,#1941,#1942);
#1652=AXIS2_PLACEMENT_3D('',#2417,#1943,#1944);
#1653=AXIS2_PLACEMENT_3D('',#2423,#1948,#1949);
#1654=AXIS2_PLACEMENT_3D('',#2424,#1950,#1951);
#1655=AXIS2_PLACEMENT_3D('',#2428,#1953,#1954);
#1656=AXIS2_PLACEMENT_3D('',#2429,#1955,#1956);
#1657=AXIS2_PLACEMENT_3D('',#2430,#1957,#1958);
#1658=AXIS2_PLACEMENT_3D('',#2435,#1960,#1961);
#1659=AXIS2_PLACEMENT_3D('',#2438,#1963,#1964);
#1660=AXIS2_PLACEMENT_3D('',#2444,#1968,#1969);
#1661=AXIS2_PLACEMENT_3D('',#2445,#1970,#1971);
#1662=AXIS2_PLACEMENT_3D('',#2449,#1973,#1974);
#1663=AXIS2_PLACEMENT_3D('',#2450,#1975,#1976);
#1664=AXIS2_PLACEMENT_3D('',#2456,#1980,#1981);
#1665=AXIS2_PLACEMENT_3D('',#2457,#1982,#1983);
#1666=AXIS2_PLACEMENT_3D('',#2461,#1985,#1986);
#1667=AXIS2_PLACEMENT_3D('',#2462,#1987,#1988);
#1668=AXIS2_PLACEMENT_3D('',#2468,#1992,#1993);
#1669=AXIS2_PLACEMENT_3D('',#2469,#1994,#1995);
#1670=AXIS2_PLACEMENT_3D('',#2473,#1997,#1998);
#1671=AXIS2_PLACEMENT_3D('',#2474,#1999,#2000);
#1672=AXIS2_PLACEMENT_3D('',#2483,#2005,#2006);
#1673=AXIS2_PLACEMENT_3D('',#2489,#2010,#2011);
#1674=AXIS2_PLACEMENT_3D('',#2495,#2015,#2016);
#1675=AXIS2_PLACEMENT_3D('',#2501,#2020,#2021);
#1676=AXIS2_PLACEMENT_3D('',#2507,#2025,#2026);
#1677=AXIS2_PLACEMENT_3D('',#2513,#2030,#2031);
#1678=AXIS2_PLACEMENT_3D('',#2519,#2035,#2036);
#1679=AXIS2_PLACEMENT_3D('',#2525,#2040,#2041);
#1680=AXIS2_PLACEMENT_3D('',#2531,#2045,#2046);
#1681=AXIS2_PLACEMENT_3D('',#2537,#2050,#2051);
#1682=AXIS2_PLACEMENT_3D('',#2543,#2055,#2056);
#1683=AXIS2_PLACEMENT_3D('',#2549,#2060,#2061);
#1684=AXIS2_PLACEMENT_3D('',#2555,#2065,#2066);
#1685=AXIS2_PLACEMENT_3D('',#2558,#2069,#2070);
#1686=AXIS2_PLACEMENT_3D('',#2559,#2071,#2072);
#1687=AXIS2_PLACEMENT_3D('',#2560,#2073,#2074);
#1688=AXIS2_PLACEMENT_3D('',#2561,#2075,#2076);
#1689=AXIS2_PLACEMENT_3D('',#2562,#2077,#2078);
#1690=AXIS2_PLACEMENT_3D('',#2564,#2079,#2080);
#1691=AXIS2_PLACEMENT_3D('',#2566,#2081,#2082);
#1692=AXIS2_PLACEMENT_3D('',#2567,#2083,#2084);
#1693=AXIS2_PLACEMENT_3D('',#2569,#2085,#2086);
#1694=AXIS2_PLACEMENT_3D('',#2571,#2087,#2088);
#1695=AXIS2_PLACEMENT_3D('',#2574,#2091,#2092);
#1696=AXIS2_PLACEMENT_3D('',#2577,#2095,#2096);
#1697=AXIS2_PLACEMENT_3D('',#2580,#2099,#2100);
#1698=AXIS2_PLACEMENT_3D('',#2581,#2101,#2102);
#1699=AXIS2_PLACEMENT_3D('',#2583,#2103,#2104);
#1700=AXIS2_PLACEMENT_3D('',#2585,#2105,#2106);
#1701=AXIS2_PLACEMENT_3D('',#2586,#2107,#2108);
#1702=AXIS2_PLACEMENT_3D('',#2588,#2109,#2110);
#1703=AXIS2_PLACEMENT_3D('',#2590,#2111,#2112);
#1704=AXIS2_PLACEMENT_3D('',#2591,#2113,#2114);
#1705=AXIS2_PLACEMENT_3D('',#2593,#2115,#2116);
#1706=AXIS2_PLACEMENT_3D('',#2595,#2117,#2118);
#1707=AXIS2_PLACEMENT_3D('',#2596,#2119,#2120);
#1708=AXIS2_PLACEMENT_3D('',#2598,#2121,#2122);
#1709=AXIS2_PLACEMENT_3D('',#2600,#2123,#2124);
#1710=AXIS2_PLACEMENT_3D('',#2603,#2127,#2128);
#1711=AXIS2_PLACEMENT_3D('',#2612,#2133,#2134);
#1712=AXIS2_PLACEMENT_3D('',#2613,#2135,#2136);
#1713=AXIS2_PLACEMENT_3D('',#2614,#2137,#2138);
#1714=AXIS2_PLACEMENT_3D('',#2615,#2139,#2140);
#1715=AXIS2_PLACEMENT_3D('',#2616,#2141,#2142);
#1716=AXIS2_PLACEMENT_3D('',#2617,#2143,#2144);
#1717=AXIS2_PLACEMENT_3D('',#2618,#2145,#2146);
#1718=AXIS2_PLACEMENT_3D('',#2619,#2147,#2148);
#1719=AXIS2_PLACEMENT_3D('',#2620,#2149,#2150);
#1720=AXIS2_PLACEMENT_3D('',#2621,#2151,#2152);
#1721=AXIS2_PLACEMENT_3D('',#2622,#2153,#2154);
#1722=AXIS2_PLACEMENT_3D('',#2623,#2155,#2156);
#1723=AXIS2_PLACEMENT_3D('',#2624,#2157,#2158);
#1724=AXIS2_PLACEMENT_3D('',#2625,#2159,#2160);
#1725=AXIS2_PLACEMENT_3D('',#2626,#2161,#2162);
#1726=AXIS2_PLACEMENT_3D('',#2627,#2163,#2164);
#1727=AXIS2_PLACEMENT_3D('',#2628,#2165,#2166);
#1728=AXIS2_PLACEMENT_3D('',#2629,#2167,#2168);
#1729=AXIS2_PLACEMENT_3D('',#2630,#2169,#2170);
#1730=AXIS2_PLACEMENT_3D('',#2631,#2171,#2172);
#1731=AXIS2_PLACEMENT_3D('',#2632,#2173,#2174);
#1732=AXIS2_PLACEMENT_3D('',#2633,#2175,#2176);
#1733=AXIS2_PLACEMENT_3D('',#2634,#2177,#2178);
#1734=AXIS2_PLACEMENT_3D('',#2635,#2179,#2180);
#1735=AXIS2_PLACEMENT_3D('',#2636,#2181,#2182);
#1736=AXIS2_PLACEMENT_3D('',#2637,#2183,#2184);
#1737=DIRECTION('',(0.,0.,1.));
#1738=DIRECTION('',(1.,0.,0.));
#1739=DIRECTION('',(0.,-1.,0.));
#1740=DIRECTION('',(0.,0.,-1.));
#1741=DIRECTION('',(-1.,0.,0.));
#1742=DIRECTION('',(0.,0.,-1.));
#1743=DIRECTION('',(-1.,0.,0.));
#1744=DIRECTION('',(0.,0.,-1.));
#1745=DIRECTION('',(-0.707106781186548,0.707106781186548,0.));
#1746=DIRECTION('',(-0.707106781186548,-0.707106781186548,0.));
#1747=DIRECTION('',(0.707106781186548,0.707106781186548,0.));
#1748=DIRECTION('',(0.,0.,-1.));
#1749=DIRECTION('',(0.707106781186548,0.707106781186548,0.));
#1750=DIRECTION('',(0.,0.,-1.));
#1751=DIRECTION('',(1.,0.,0.));
#1752=DIRECTION('',(0.,0.,-1.));
#1753=DIRECTION('',(0.,-1.,0.));
#1754=DIRECTION('',(0.,0.,-1.));
#1755=DIRECTION('',(0.,-1.,0.));
#1756=DIRECTION('',(0.,0.,-1.));
#1757=DIRECTION('',(-0.707106781186547,-0.707106781186548,0.));
#1758=DIRECTION('',(0.707106781186548,-0.707106781186547,0.));
#1759=DIRECTION('',(-0.707106781186548,0.707106781186547,0.));
#1760=DIRECTION('',(0.,0.,-1.));
#1761=DIRECTION('',(-0.707106781186548,0.707106781186547,0.));
#1762=DIRECTION('',(0.,0.,-1.));
#1763=DIRECTION('',(0.,-1.,0.));
#1764=DIRECTION('',(0.,0.,-1.));
#1765=DIRECTION('',(-1.,0.,0.));
#1766=DIRECTION('',(0.,0.,-1.));
#1767=DIRECTION('',(-1.,0.,0.));
#1768=DIRECTION('',(0.,0.,-1.));
#1769=DIRECTION('',(-0.707106781186547,0.707106781186548,0.));
#1770=DIRECTION('',(-0.707106781186548,-0.707106781186547,0.));
#1771=DIRECTION('',(0.707106781186548,0.707106781186547,0.));
#1772=DIRECTION('',(0.,0.,-1.));
#1773=DIRECTION('',(0.707106781186548,0.707106781186547,0.));
#1774=DIRECTION('',(0.,0.,-1.));
#1775=DIRECTION('',(1.,0.,0.));
#1776=DIRECTION('',(0.,0.,-1.));
#1777=DIRECTION('',(0.,-1.,0.));
#1778=DIRECTION('',(0.,0.,-1.));
#1779=DIRECTION('',(0.,-1.,0.));
#1780=DIRECTION('',(0.,0.,-1.));
#1781=DIRECTION('',(0.,0.,-1.));
#1782=DIRECTION('',(-1.,0.,0.));
#1783=DIRECTION('',(0.,0.,1.));
#1784=DIRECTION('',(1.,0.,0.));
#1785=DIRECTION('',(0.,0.,-1.));
#1786=DIRECTION('',(0.,0.,1.));
#1787=DIRECTION('',(1.,0.,0.));
#1788=DIRECTION('',(0.,0.,-1.));
#1789=DIRECTION('',(1.,0.,0.));
#1790=DIRECTION('',(0.,0.,-1.));
#1791=DIRECTION('',(0.,-1.,0.));
#1792=DIRECTION('',(0.,0.,-1.));
#1793=DIRECTION('',(0.,-1.,0.));
#1794=DIRECTION('',(0.,0.,-1.));
#1795=DIRECTION('',(-1.,0.,0.));
#1796=DIRECTION('',(0.,0.,1.));
#1797=DIRECTION('',(1.,0.,0.));
#1798=DIRECTION('',(0.,0.,-1.));
#1799=DIRECTION('',(0.,0.,1.));
#1800=DIRECTION('',(1.,0.,0.));
#1801=DIRECTION('',(0.,1.,0.));
#1802=DIRECTION('',(0.,0.,1.));
#1803=DIRECTION('',(1.,0.,0.));
#1804=DIRECTION('',(0.,0.,-1.));
#1805=DIRECTION('',(1.,0.,0.));
#1806=DIRECTION('',(0.,0.,-1.));
#1807=DIRECTION('',(-1.,0.,0.));
#1808=DIRECTION('',(0.,0.,1.));
#1809=DIRECTION('',(1.,0.,0.));
#1810=DIRECTION('',(0.,0.,-1.));
#1811=DIRECTION('',(0.,0.,1.));
#1812=DIRECTION('',(1.,0.,0.));
#1813=DIRECTION('',(1.,0.,0.));
#1814=DIRECTION('',(0.,0.,-1.));
#1815=DIRECTION('',(0.,-1.,0.));
#1816=DIRECTION('',(0.,0.,-1.));
#1817=DIRECTION('',(0.,-1.,0.));
#1818=DIRECTION('',(0.,0.,-1.));
#1819=DIRECTION('',(-1.,0.,0.));
#1820=DIRECTION('',(0.,0.,1.));
#1821=DIRECTION('',(1.,0.,0.));
#1822=DIRECTION('',(0.,0.,-1.));
#1823=DIRECTION('',(0.,0.,1.));
#1824=DIRECTION('',(1.,0.,0.));
#1825=DIRECTION('',(0.,1.,0.));
#1826=DIRECTION('',(0.,0.,1.));
#1827=DIRECTION('',(1.,0.,0.));
#1828=DIRECTION('',(0.,0.,-1.));
#1829=DIRECTION('',(1.,0.,0.));
#1830=DIRECTION('',(0.,0.,-1.));
#1831=DIRECTION('',(0.,0.,-1.));
#1832=DIRECTION('',(-1.,0.,0.));
#1833=DIRECTION('',(0.,0.,1.));
#1834=DIRECTION('',(1.,0.,0.));
#1835=DIRECTION('',(0.,0.,-1.));
#1836=DIRECTION('',(0.,0.,1.));
#1837=DIRECTION('',(1.,0.,0.));
#1838=DIRECTION('',(1.,0.,0.));
#1839=DIRECTION('',(0.,0.,-1.));
#1840=DIRECTION('',(0.,-1.,0.));
#1841=DIRECTION('',(0.,0.,-1.));
#1842=DIRECTION('',(0.,-1.,0.));
#1843=DIRECTION('',(0.,0.,-1.));
#1844=DIRECTION('',(-1.,0.,0.));
#1845=DIRECTION('',(0.,0.,1.));
#1846=DIRECTION('',(1.,0.,0.));
#1847=DIRECTION('',(0.,0.,-1.));
#1848=DIRECTION('',(0.,0.,1.));
#1849=DIRECTION('',(1.,0.,0.));
#1850=DIRECTION('',(0.,1.,0.));
#1851=DIRECTION('',(0.,0.,1.));
#1852=DIRECTION('',(1.,0.,0.));
#1853=DIRECTION('',(0.,0.,-1.));
#1854=DIRECTION('',(1.,0.,0.));
#1855=DIRECTION('',(0.,0.,-1.));
#1856=DIRECTION('',(-1.,0.,0.));
#1857=DIRECTION('',(0.,0.,1.));
#1858=DIRECTION('',(1.,0.,0.));
#1859=DIRECTION('',(0.,0.,-1.));
#1860=DIRECTION('',(0.,0.,1.));
#1861=DIRECTION('',(1.,0.,0.));
#1862=DIRECTION('',(1.,0.,0.));
#1863=DIRECTION('',(0.,0.,-1.));
#1864=DIRECTION('',(0.,-1.,0.));
#1865=DIRECTION('',(0.,0.,-1.));
#1866=DIRECTION('',(0.,-1.,0.));
#1867=DIRECTION('',(0.,0.,-1.));
#1868=DIRECTION('',(-1.,0.,0.));
#1869=DIRECTION('',(0.,0.,1.));
#1870=DIRECTION('',(1.,0.,0.));
#1871=DIRECTION('',(0.,0.,-1.));
#1872=DIRECTION('',(0.,0.,1.));
#1873=DIRECTION('',(1.,0.,0.));
#1874=DIRECTION('',(0.,0.,-1.));
#1875=DIRECTION('',(1.,0.,0.));
#1876=DIRECTION('',(0.,0.,-1.));
#1877=DIRECTION('',(0.,-1.,0.));
#1878=DIRECTION('',(0.,0.,-1.));
#1879=DIRECTION('',(0.,-1.,0.));
#1880=DIRECTION('',(0.,0.,-1.));
#1881=DIRECTION('',(-1.,0.,0.));
#1882=DIRECTION('',(0.,0.,1.));
#1883=DIRECTION('',(1.,0.,0.));
#1884=DIRECTION('',(0.,0.,-1.));
#1885=DIRECTION('',(0.,0.,1.));
#1886=DIRECTION('',(1.,0.,0.));
#1887=DIRECTION('',(0.,1.,0.));
#1888=DIRECTION('',(0.,0.,1.));
#1889=DIRECTION('',(1.,0.,0.));
#1890=DIRECTION('',(0.,0.,-1.));
#1891=DIRECTION('',(1.,0.,0.));
#1892=DIRECTION('',(0.,0.,-1.));
#1893=DIRECTION('',(-1.,0.,0.));
#1894=DIRECTION('',(0.,0.,1.));
#1895=DIRECTION('',(1.,0.,0.));
#1896=DIRECTION('',(0.,0.,-1.));
#1897=DIRECTION('',(0.,0.,1.));
#1898=DIRECTION('',(1.,0.,0.));
#1899=DIRECTION('',(1.,0.,0.));
#1900=DIRECTION('',(0.,0.,-1.));
#1901=DIRECTION('',(0.,-1.,0.));
#1902=DIRECTION('',(0.,0.,-1.));
#1903=DIRECTION('',(0.,-1.,0.));
#1904=DIRECTION('',(0.,0.,-1.));
#1905=DIRECTION('',(-1.,0.,0.));
#1906=DIRECTION('',(0.,0.,1.));
#1907=DIRECTION('',(1.,0.,0.));
#1908=DIRECTION('',(0.,0.,-1.));
#1909=DIRECTION('',(0.,0.,1.));
#1910=DIRECTION('',(1.,0.,0.));
#1911=DIRECTION('',(0.,0.,-1.));
#1912=DIRECTION('',(-1.,0.,0.));
#1913=DIRECTION('',(0.,0.,1.));
#1914=DIRECTION('',(1.,0.,0.));
#1915=DIRECTION('',(0.,0.,-1.));
#1916=DIRECTION('',(0.,0.,1.));
#1917=DIRECTION('',(1.,0.,0.));
#1918=DIRECTION('',(0.,0.,-1.));
#1919=DIRECTION('',(1.,0.,0.));
#1920=DIRECTION('',(0.,0.,-1.));
#1921=DIRECTION('',(0.,-1.,0.));
#1922=DIRECTION('',(0.,0.,-1.));
#1923=DIRECTION('',(0.,-1.,0.));
#1924=DIRECTION('',(0.,0.,-1.));
#1925=DIRECTION('',(-1.,0.,0.));
#1926=DIRECTION('',(0.,0.,1.));
#1927=DIRECTION('',(1.,0.,0.));
#1928=DIRECTION('',(0.,0.,-1.));
#1929=DIRECTION('',(0.,0.,1.));
#1930=DIRECTION('',(1.,0.,0.));
#1931=DIRECTION('',(0.,1.,0.));
#1932=DIRECTION('',(0.,0.,1.));
#1933=DIRECTION('',(1.,0.,0.));
#1934=DIRECTION('',(0.,0.,-1.));
#1935=DIRECTION('',(1.,0.,0.));
#1936=DIRECTION('',(0.,0.,-1.));
#1937=DIRECTION('',(-1.,0.,0.));
#1938=DIRECTION('',(0.,0.,1.));
#1939=DIRECTION('',(1.,0.,0.));
#1940=DIRECTION('',(0.,0.,-1.));
#1941=DIRECTION('',(0.,0.,1.));
#1942=DIRECTION('',(1.,0.,0.));
#1943=DIRECTION('',(1.,0.,0.));
#1944=DIRECTION('',(0.,0.,-1.));
#1945=DIRECTION('',(0.,-1.,0.));
#1946=DIRECTION('',(0.,0.,-1.));
#1947=DIRECTION('',(0.,-1.,0.));
#1948=DIRECTION('',(0.,0.,-1.));
#1949=DIRECTION('',(-1.,0.,0.));
#1950=DIRECTION('',(0.,0.,1.));
#1951=DIRECTION('',(1.,0.,0.));
#1952=DIRECTION('',(0.,0.,-1.));
#1953=DIRECTION('',(0.,0.,1.));
#1954=DIRECTION('',(1.,0.,0.));
#1955=DIRECTION('',(0.,0.,-1.));
#1956=DIRECTION('',(-1.,0.,0.));
#1957=DIRECTION('',(0.,0.,1.));
#1958=DIRECTION('',(1.,0.,0.));
#1959=DIRECTION('',(0.,0.,-1.));
#1960=DIRECTION('',(0.,0.,1.));
#1961=DIRECTION('',(1.,0.,0.));
#1962=DIRECTION('',(0.,0.,-1.));
#1963=DIRECTION('',(1.,0.,0.));
#1964=DIRECTION('',(0.,0.,-1.));
#1965=DIRECTION('',(0.,-1.,0.));
#1966=DIRECTION('',(0.,0.,-1.));
#1967=DIRECTION('',(0.,-1.,0.));
#1968=DIRECTION('',(0.,0.,-1.));
#1969=DIRECTION('',(-1.,0.,0.));
#1970=DIRECTION('',(0.,0.,1.));
#1971=DIRECTION('',(1.,0.,0.));
#1972=DIRECTION('',(0.,0.,-1.));
#1973=DIRECTION('',(0.,0.,1.));
#1974=DIRECTION('',(1.,0.,0.));
#1975=DIRECTION('',(0.,1.,0.));
#1976=DIRECTION('',(0.,0.,1.));
#1977=DIRECTION('',(1.,0.,0.));
#1978=DIRECTION('',(0.,0.,-1.));
#1979=DIRECTION('',(1.,0.,0.));
#1980=DIRECTION('',(0.,0.,-1.));
#1981=DIRECTION('',(-1.,0.,0.));
#1982=DIRECTION('',(0.,0.,1.));
#1983=DIRECTION('',(1.,0.,0.));
#1984=DIRECTION('',(0.,0.,-1.));
#1985=DIRECTION('',(0.,0.,1.));
#1986=DIRECTION('',(1.,0.,0.));
#1987=DIRECTION('',(1.,0.,0.));
#1988=DIRECTION('',(0.,0.,-1.));
#1989=DIRECTION('',(0.,-1.,0.));
#1990=DIRECTION('',(0.,0.,-1.));
#1991=DIRECTION('',(0.,-1.,0.));
#1992=DIRECTION('',(0.,0.,-1.));
#1993=DIRECTION('',(-1.,0.,0.));
#1994=DIRECTION('',(0.,0.,1.));
#1995=DIRECTION('',(1.,0.,0.));
#1996=DIRECTION('',(0.,0.,-1.));
#1997=DIRECTION('',(0.,0.,1.));
#1998=DIRECTION('',(1.,0.,0.));
#1999=DIRECTION('',(-1.,0.,0.));
#2000=DIRECTION('',(0.,0.,1.));
#2001=DIRECTION('',(0.,1.,0.));
#2002=DIRECTION('',(0.,0.,-1.));
#2003=DIRECTION('',(0.,1.,0.));
#2004=DIRECTION('',(0.,0.,-1.));
#2005=DIRECTION('',(-0.707106781186548,0.707106781186547,0.));
#2006=DIRECTION('',(-0.707106781186547,-0.707106781186548,0.));
#2007=DIRECTION('',(0.707106781186547,0.707106781186548,0.));
#2008=DIRECTION('',(0.,0.,-1.));
#2009=DIRECTION('',(0.707106781186547,0.707106781186548,0.));
#2010=DIRECTION('',(0.,-1.,0.));
#2011=DIRECTION('',(0.,0.,-1.));
#2012=DIRECTION('',(-1.,0.,0.));
#2013=DIRECTION('',(0.,0.,-1.));
#2014=DIRECTION('',(-1.,0.,0.));
#2015=DIRECTION('',(-0.707106781186547,-0.707106781186548,0.));
#2016=DIRECTION('',(0.707106781186548,-0.707106781186547,0.));
#2017=DIRECTION('',(-0.707106781186548,0.707106781186547,0.));
#2018=DIRECTION('',(0.,0.,-1.));
#2019=DIRECTION('',(-0.707106781186548,0.707106781186547,0.));
#2020=DIRECTION('',(1.,0.,0.));
#2021=DIRECTION('',(0.,0.,-1.));
#2022=DIRECTION('',(0.,-1.,0.));
#2023=DIRECTION('',(0.,0.,-1.));
#2024=DIRECTION('',(0.,-1.,0.));
#2025=DIRECTION('',(0.707106781186545,-0.70710678118655,0.));
#2026=DIRECTION('',(0.70710678118655,0.707106781186545,0.));
#2027=DIRECTION('',(-0.70710678118655,-0.707106781186545,0.));
#2028=DIRECTION('',(0.,0.,-1.));
#2029=DIRECTION('',(-0.70710678118655,-0.707106781186545,0.));
#2030=DIRECTION('',(0.,-1.,0.));
#2031=DIRECTION('',(0.,0.,-1.));
#2032=DIRECTION('',(-1.,0.,0.));
#2033=DIRECTION('',(0.,0.,-1.));
#2034=DIRECTION('',(-1.,0.,0.));
#2035=DIRECTION('',(0.707106781186549,0.707106781186546,0.));
#2036=DIRECTION('',(-0.707106781186547,0.707106781186549,0.));
#2037=DIRECTION('',(0.,0.,-1.));
#2038=DIRECTION('',(0.707106781186547,-0.707106781186549,0.));
#2039=DIRECTION('',(0.707106781186547,-0.707106781186549,0.));
#2040=DIRECTION('',(-1.,1.22663473334669E-15,0.));
#2041=DIRECTION('',(-1.22663473334669E-15,-1.,0.));
#2042=DIRECTION('',(1.22663473334669E-15,1.,0.));
#2043=DIRECTION('',(0.,0.,-1.));
#2044=DIRECTION('',(1.22663473334669E-15,1.,0.));
#2045=DIRECTION('',(-0.707106781186549,-0.707106781186546,0.));
#2046=DIRECTION('',(0.707106781186546,-0.707106781186549,0.));
#2047=DIRECTION('',(-0.707106781186546,0.707106781186549,0.));
#2048=DIRECTION('',(0.,0.,-1.));
#2049=DIRECTION('',(-0.707106781186546,0.707106781186549,0.));
#2050=DIRECTION('',(0.707106781186548,-0.707106781186548,0.));
#2051=DIRECTION('',(0.707106781186548,0.707106781186548,0.));
#2052=DIRECTION('',(-0.707106781186548,-0.707106781186548,0.));
#2053=DIRECTION('',(0.,0.,-1.));
#2054=DIRECTION('',(-0.707106781186548,-0.707106781186548,0.));
#2055=DIRECTION('',(0.,-1.,0.));
#2056=DIRECTION('',(0.,0.,-1.));
#2057=DIRECTION('',(-1.,0.,0.));
#2058=DIRECTION('',(0.,0.,-1.));
#2059=DIRECTION('',(-1.,0.,0.));
#2060=DIRECTION('',(-1.,0.,0.));
#2061=DIRECTION('',(0.,0.,1.));
#2062=DIRECTION('',(0.,1.,0.));
#2063=DIRECTION('',(0.,0.,-1.));
#2064=DIRECTION('',(0.,1.,0.));
#2065=DIRECTION('',(0.,1.,0.));
#2066=DIRECTION('',(0.,0.,1.));
#2067=DIRECTION('',(1.,0.,0.));
#2068=DIRECTION('',(1.,0.,0.));
#2069=DIRECTION('',(0.,0.,-1.));
#2070=DIRECTION('',(-1.,0.,0.));
#2071=DIRECTION('',(0.,0.,1.));
#2072=DIRECTION('',(1.,0.,0.));
#2073=DIRECTION('',(0.,0.,1.));
#2074=DIRECTION('',(1.,0.,0.));
#2075=DIRECTION('',(0.,0.,-1.));
#2076=DIRECTION('',(-1.,0.,0.));
#2077=DIRECTION('',(0.,0.,1.));
#2078=DIRECTION('',(1.,0.,0.));
#2079=DIRECTION('',(0.,0.,1.));
#2080=DIRECTION('',(1.,0.,0.));
#2081=DIRECTION('',(0.,0.,-1.));
#2082=DIRECTION('',(-1.,0.,0.));
#2083=DIRECTION('',(0.,0.,1.));
#2084=DIRECTION('',(1.,0.,0.));
#2085=DIRECTION('',(0.,0.,1.));
#2086=DIRECTION('',(1.,0.,0.));
#2087=DIRECTION('',(0.,1.,0.));
#2088=DIRECTION('',(0.,0.,1.));
#2089=DIRECTION('',(1.,0.,0.));
#2090=DIRECTION('',(1.,0.,0.));
#2091=DIRECTION('',(0.,1.,0.));
#2092=DIRECTION('',(0.,0.,1.));
#2093=DIRECTION('',(1.,0.,0.));
#2094=DIRECTION('',(1.,0.,0.));
#2095=DIRECTION('',(0.,1.,0.));
#2096=DIRECTION('',(0.,0.,1.));
#2097=DIRECTION('',(1.,0.,0.));
#2098=DIRECTION('',(1.,0.,0.));
#2099=DIRECTION('',(0.,0.,-1.));
#2100=DIRECTION('',(-1.,0.,0.));
#2101=DIRECTION('',(0.,0.,1.));
#2102=DIRECTION('',(1.,0.,0.));
#2103=DIRECTION('',(0.,0.,1.));
#2104=DIRECTION('',(1.,0.,0.));
#2105=DIRECTION('',(0.,0.,-1.));
#2106=DIRECTION('',(-1.,0.,0.));
#2107=DIRECTION('',(0.,0.,1.));
#2108=DIRECTION('',(1.,0.,0.));
#2109=DIRECTION('',(0.,0.,1.));
#2110=DIRECTION('',(1.,0.,0.));
#2111=DIRECTION('',(0.,0.,-1.));
#2112=DIRECTION('',(-1.,0.,0.));
#2113=DIRECTION('',(0.,0.,1.));
#2114=DIRECTION('',(1.,0.,0.));
#2115=DIRECTION('',(0.,0.,1.));
#2116=DIRECTION('',(1.,0.,0.));
#2117=DIRECTION('',(0.,0.,-1.));
#2118=DIRECTION('',(-1.,0.,0.));
#2119=DIRECTION('',(0.,0.,1.));
#2120=DIRECTION('',(1.,0.,0.));
#2121=DIRECTION('',(0.,0.,1.));
#2122=DIRECTION('',(1.,0.,0.));
#2123=DIRECTION('',(0.,1.,0.));
#2124=DIRECTION('',(0.,0.,1.));
#2125=DIRECTION('',(1.,0.,0.));
#2126=DIRECTION('',(1.,0.,0.));
#2127=DIRECTION('',(0.707106781186547,0.707106781186548,0.));
#2128=DIRECTION('',(-0.707106781186548,0.707106781186548,0.));
#2129=DIRECTION('',(0.707106781186548,-0.707106781186548,0.));
#2130=DIRECTION('',(0.,0.,-1.));
#2131=DIRECTION('',(0.707106781186548,-0.707106781186548,0.));
#2132=DIRECTION('',(0.,0.,-1.));
#2133=DIRECTION('',(0.,0.,1.));
#2134=DIRECTION('',(1.,0.,0.));
#2135=DIRECTION('',(0.,0.,1.));
#2136=DIRECTION('',(1.,0.,0.));
#2137=DIRECTION('',(0.,0.,1.));
#2138=DIRECTION('',(1.,0.,0.));
#2139=DIRECTION('',(0.,0.,1.));
#2140=DIRECTION('',(1.,0.,0.));
#2141=DIRECTION('',(0.,0.,1.));
#2142=DIRECTION('',(1.,0.,0.));
#2143=DIRECTION('',(0.,0.,1.));
#2144=DIRECTION('',(1.,0.,0.));
#2145=DIRECTION('',(0.,0.,1.));
#2146=DIRECTION('',(1.,0.,0.));
#2147=DIRECTION('',(0.,0.,1.));
#2148=DIRECTION('',(1.,0.,0.));
#2149=DIRECTION('',(0.,0.,1.));
#2150=DIRECTION('',(1.,0.,0.));
#2151=DIRECTION('',(0.,0.,1.));
#2152=DIRECTION('',(1.,0.,0.));
#2153=DIRECTION('',(0.,0.,1.));
#2154=DIRECTION('',(1.,0.,0.));
#2155=DIRECTION('',(0.,0.,1.));
#2156=DIRECTION('',(1.,0.,0.));
#2157=DIRECTION('',(0.,0.,1.));
#2158=DIRECTION('',(1.,0.,0.));
#2159=DIRECTION('',(0.,0.,1.));
#2160=DIRECTION('',(1.,0.,0.));
#2161=DIRECTION('',(0.,0.,1.));
#2162=DIRECTION('',(1.,0.,0.));
#2163=DIRECTION('',(0.,0.,1.));
#2164=DIRECTION('',(1.,0.,0.));
#2165=DIRECTION('',(0.,0.,1.));
#2166=DIRECTION('',(1.,0.,0.));
#2167=DIRECTION('',(0.,0.,1.));
#2168=DIRECTION('',(1.,0.,0.));
#2169=DIRECTION('',(0.,0.,-1.));
#2170=DIRECTION('',(-1.,0.,0.));
#2171=DIRECTION('',(0.,0.,1.));
#2172=DIRECTION('',(1.,0.,0.));
#2173=DIRECTION('',(0.,0.,1.));
#2174=DIRECTION('',(1.,0.,0.));
#2175=DIRECTION('',(0.,0.,1.));
#2176=DIRECTION('',(1.,0.,0.));
#2177=DIRECTION('',(0.,0.,1.));
#2178=DIRECTION('',(1.,0.,0.));
#2179=DIRECTION('',(0.,0.,-1.));
#2180=DIRECTION('',(-1.,0.,0.));
#2181=DIRECTION('',(0.,0.,1.));
#2182=DIRECTION('',(1.,0.,0.));
#2183=DIRECTION('',(0.,0.,1.));
#2184=DIRECTION('',(1.,0.,0.));
#2185=CARTESIAN_POINT('',(0.,0.,0.));
#2186=CARTESIAN_POINT('',(0.0226605,-0.02513,0.003));
#2187=CARTESIAN_POINT('',(0.0226605,-0.02513,0.003));
#2188=CARTESIAN_POINT('',(0.0544317864376269,-0.02513,0.003));
#2189=CARTESIAN_POINT('',(-0.0324897864376269,-0.02513,0.003));
#2190=CARTESIAN_POINT('',(-0.0324897864376269,-0.02513,0.));
#2191=CARTESIAN_POINT('',(-0.0324897864376269,-0.02513,0.));
#2192=CARTESIAN_POINT('',(0.0226605,-0.02513,0.));
#2193=CARTESIAN_POINT('',(0.0544317864376269,-0.02513,0.));
#2194=CARTESIAN_POINT('',(0.0544317864376269,-0.02513,0.003));
#2195=CARTESIAN_POINT('',(0.059846,-0.02013,0.003));
#2196=CARTESIAN_POINT('',(0.059846,-0.02013,0.003));
#2197=CARTESIAN_POINT('',(0.0551388932188135,-0.0248371067811866,0.003));
#2198=CARTESIAN_POINT('',(0.0645531067811865,-0.0154228932188135,0.003));
#2199=CARTESIAN_POINT('',(0.0551388932188135,-0.0248371067811866,0.));
#2200=CARTESIAN_POINT('',(0.0551388932188135,-0.0248371067811866,0.));
#2201=CARTESIAN_POINT('',(0.059846,-0.02013,0.));
#2202=CARTESIAN_POINT('',(0.0645531067811865,-0.0154228932188135,0.));
#2203=CARTESIAN_POINT('',(0.0645531067811865,-0.0154228932188135,0.003));
#2204=CARTESIAN_POINT('',(0.064846,-0.0028025,0.003));
#2205=CARTESIAN_POINT('',(0.064846,-0.0028025,0.));
#2206=CARTESIAN_POINT('',(0.064846,0.0494557864376269,0.));
#2207=CARTESIAN_POINT('',(0.064846,-0.0147157864376269,0.));
#2208=CARTESIAN_POINT('',(0.064846,0.0494557864376269,0.003));
#2209=CARTESIAN_POINT('',(0.064846,0.0494557864376269,0.003));
#2210=CARTESIAN_POINT('',(0.064846,-0.0028025,0.003));
#2211=CARTESIAN_POINT('',(0.064846,-0.0147157864376269,0.003));
#2212=CARTESIAN_POINT('',(0.064846,-0.0147157864376269,0.));
#2213=CARTESIAN_POINT('',(0.059846,0.05487,0.003));
#2214=CARTESIAN_POINT('',(0.059846,0.05487,0.));
#2215=CARTESIAN_POINT('',(0.0645531067811865,0.0501628932188135,0.));
#2216=CARTESIAN_POINT('',(0.0551388932188135,0.0595771067811865,0.));
#2217=CARTESIAN_POINT('',(0.0551388932188135,0.0595771067811865,0.003));
#2218=CARTESIAN_POINT('',(0.0551388932188135,0.0595771067811865,0.003));
#2219=CARTESIAN_POINT('',(0.059846,0.05487,0.003));
#2220=CARTESIAN_POINT('',(0.0645531067811865,0.0501628932188135,0.003));
#2221=CARTESIAN_POINT('',(0.0645531067811865,0.0501628932188135,0.));
#2222=CARTESIAN_POINT('',(0.010971,0.05987,0.003));
#2223=CARTESIAN_POINT('',(0.010971,0.05987,0.003));
#2224=CARTESIAN_POINT('',(0.0544317864376269,0.05987,0.003));
#2225=CARTESIAN_POINT('',(-0.0324897864376269,0.05987,0.003));
#2226=CARTESIAN_POINT('',(0.0544317864376269,0.05987,0.003));
#2227=CARTESIAN_POINT('',(0.0544317864376269,0.05987,0.));
#2228=CARTESIAN_POINT('',(0.010971,0.05987,0.));
#2229=CARTESIAN_POINT('',(-0.0324897864376269,0.05987,0.));
#2230=CARTESIAN_POINT('',(-0.0324897864376269,0.05987,0.003));
#2231=CARTESIAN_POINT('',(-0.037904,0.05487,0.003));
#2232=CARTESIAN_POINT('',(-0.037904,0.05487,0.));
#2233=CARTESIAN_POINT('',(-0.0426111067811865,0.0501628932188135,0.));
#2234=CARTESIAN_POINT('',(-0.0331968932188135,0.0595771067811865,0.));
#2235=CARTESIAN_POINT('',(-0.0426111067811865,0.0501628932188135,0.003));
#2236=CARTESIAN_POINT('',(-0.0426111067811865,0.0501628932188135,0.003));
#2237=CARTESIAN_POINT('',(-0.037904,0.05487,0.003));
#2238=CARTESIAN_POINT('',(-0.0331968932188135,0.0595771067811865,0.003));
#2239=CARTESIAN_POINT('',(-0.0331968932188135,0.0595771067811865,0.));
#2240=CARTESIAN_POINT('',(-0.042904,0.01737,0.003));
#2241=CARTESIAN_POINT('',(-0.042904,0.01737,0.003));
#2242=CARTESIAN_POINT('',(-0.042904,0.0494557864376269,0.003));
#2243=CARTESIAN_POINT('',(-0.042904,-0.0147157864376269,0.003));
#2244=CARTESIAN_POINT('',(-0.042904,0.0494557864376269,0.));
#2245=CARTESIAN_POINT('',(-0.042904,0.0494557864376269,0.));
#2246=CARTESIAN_POINT('',(-0.042904,0.01737,0.));
#2247=CARTESIAN_POINT('',(-0.042904,-0.0147157864376269,0.));
#2248=CARTESIAN_POINT('',(-0.042904,-0.0147157864376269,0.003));
#2249=CARTESIAN_POINT('',(0.0316,0.01255,0.003));
#2250=CARTESIAN_POINT('',(0.0316,0.01255,0.));
#2251=CARTESIAN_POINT('',(0.0311,0.01255,0.));
#2252=CARTESIAN_POINT('',(0.0316,0.01205,0.));
#2253=CARTESIAN_POINT('',(0.0311,0.01255,0.003));
#2254=CARTESIAN_POINT('',(0.0311,0.01255,0.003));
#2255=CARTESIAN_POINT('',(0.0316,0.01255,0.003));
#2256=CARTESIAN_POINT('',(0.0316,0.01205,0.003));
#2257=CARTESIAN_POINT('',(0.0316,0.01205,0.003));
#2258=CARTESIAN_POINT('',(0.0311,0.01905,0.003));
#2259=CARTESIAN_POINT('',(0.0311,0.01905,0.));
#2260=CARTESIAN_POINT('',(0.0311,0.02555,0.));
#2261=CARTESIAN_POINT('',(0.0311,0.02555,0.003));
#2262=CARTESIAN_POINT('',(0.0311,0.02555,0.003));
#2263=CARTESIAN_POINT('',(0.0311,0.01905,0.003));
#2264=CARTESIAN_POINT('',(0.0316,0.02555,0.003));
#2265=CARTESIAN_POINT('',(0.0316,0.02555,0.));
#2266=CARTESIAN_POINT('',(0.0316,0.02605,0.));
#2267=CARTESIAN_POINT('',(0.0316,0.02605,0.003));
#2268=CARTESIAN_POINT('',(0.0316,0.02605,0.003));
#2269=CARTESIAN_POINT('',(0.0316,0.02555,0.003));
#2270=CARTESIAN_POINT('',(0.0381,0.02605,0.003));
#2271=CARTESIAN_POINT('',(0.0381,0.02605,0.));
#2272=CARTESIAN_POINT('',(0.0446,0.02605,0.));
#2273=CARTESIAN_POINT('',(0.0446,0.02605,0.003));
#2274=CARTESIAN_POINT('',(0.0446,0.02605,0.003));
#2275=CARTESIAN_POINT('',(0.0381,0.02605,0.003));
#2276=CARTESIAN_POINT('',(0.0446,0.02555,0.003));
#2277=CARTESIAN_POINT('',(0.0446,0.02555,0.));
#2278=CARTESIAN_POINT('',(0.0451,0.02555,0.));
#2279=CARTESIAN_POINT('',(0.0451,0.02555,0.003));
#2280=CARTESIAN_POINT('',(0.0451,0.02555,0.003));
#2281=CARTESIAN_POINT('',(0.0446,0.02555,0.003));
#2282=CARTESIAN_POINT('',(0.0451,0.01905,0.003));
#2283=CARTESIAN_POINT('',(0.0451,0.01905,0.));
#2284=CARTESIAN_POINT('',(0.0451,0.01255,0.));
#2285=CARTESIAN_POINT('',(0.0451,0.01255,0.003));
#2286=CARTESIAN_POINT('',(0.0451,0.01255,0.003));
#2287=CARTESIAN_POINT('',(0.0451,0.01905,0.003));
#2288=CARTESIAN_POINT('',(0.0446,0.01255,0.003));
#2289=CARTESIAN_POINT('',(0.0446,0.01255,0.));
#2290=CARTESIAN_POINT('',(0.0446,0.01205,0.));
#2291=CARTESIAN_POINT('',(0.0446,0.01205,0.003));
#2292=CARTESIAN_POINT('',(0.0446,0.01205,0.003));
#2293=CARTESIAN_POINT('',(0.0446,0.01255,0.003));
#2294=CARTESIAN_POINT('',(-1.7347234759768E-18,-0.007,0.003));
#2295=CARTESIAN_POINT('',(-1.7347234759768E-18,-0.007,0.));
#2296=CARTESIAN_POINT('',(-0.0065,-0.007,0.));
#2297=CARTESIAN_POINT('',(0.0065,-0.007,0.));
#2298=CARTESIAN_POINT('',(-0.0065,-0.007,0.003));
#2299=CARTESIAN_POINT('',(-0.0065,-0.007,0.003));
#2300=CARTESIAN_POINT('',(-1.7347234759768E-18,-0.007,0.003));
#2301=CARTESIAN_POINT('',(0.0065,-0.007,0.003));
#2302=CARTESIAN_POINT('',(0.0065,-0.007,0.003));
#2303=CARTESIAN_POINT('',(-0.0065,-0.0065,0.003));
#2304=CARTESIAN_POINT('',(-0.0065,-0.0065,0.));
#2305=CARTESIAN_POINT('',(-0.007,-0.0065,0.));
#2306=CARTESIAN_POINT('',(-0.007,-0.0065,0.003));
#2307=CARTESIAN_POINT('',(-0.007,-0.0065,0.003));
#2308=CARTESIAN_POINT('',(-0.0065,-0.0065,0.003));
#2309=CARTESIAN_POINT('',(-0.007,1.7347234759768E-18,0.003));
#2310=CARTESIAN_POINT('',(-0.007,1.7347234759768E-18,0.));
#2311=CARTESIAN_POINT('',(-0.007,0.0065,0.));
#2312=CARTESIAN_POINT('',(-0.007,0.0065,0.003));
#2313=CARTESIAN_POINT('',(-0.007,0.0065,0.003));
#2314=CARTESIAN_POINT('',(-0.007,1.7347234759768E-18,0.003));
#2315=CARTESIAN_POINT('',(-0.0065,0.0065,0.003));
#2316=CARTESIAN_POINT('',(-0.0065,0.0065,0.));
#2317=CARTESIAN_POINT('',(-0.0065,0.007,0.));
#2318=CARTESIAN_POINT('',(-0.0065,0.007,0.003));
#2319=CARTESIAN_POINT('',(-0.0065,0.007,0.003));
#2320=CARTESIAN_POINT('',(-0.0065,0.0065,0.003));
#2321=CARTESIAN_POINT('',(-1.7347234759768E-18,0.007,0.003));
#2322=CARTESIAN_POINT('',(-1.7347234759768E-18,0.007,0.));
#2323=CARTESIAN_POINT('',(0.0065,0.007,0.));
#2324=CARTESIAN_POINT('',(0.0065,0.007,0.003));
#2325=CARTESIAN_POINT('',(0.0065,0.007,0.003));
#2326=CARTESIAN_POINT('',(-1.7347234759768E-18,0.007,0.003));
#2327=CARTESIAN_POINT('',(0.0065,0.0065,0.003));
#2328=CARTESIAN_POINT('',(0.0065,0.0065,0.));
#2329=CARTESIAN_POINT('',(0.007,0.0065,0.));
#2330=CARTESIAN_POINT('',(0.007,0.0065,0.003));
#2331=CARTESIAN_POINT('',(0.007,0.0065,0.003));
#2332=CARTESIAN_POINT('',(0.0065,0.0065,0.003));
#2333=CARTESIAN_POINT('',(0.007,1.7347234759768E-18,0.003));
#2334=CARTESIAN_POINT('',(0.007,1.7347234759768E-18,0.));
#2335=CARTESIAN_POINT('',(0.007,-0.0065,0.));
#2336=CARTESIAN_POINT('',(0.007,-0.0065,0.003));
#2337=CARTESIAN_POINT('',(0.007,-0.0065,0.003));
#2338=CARTESIAN_POINT('',(0.007,1.7347234759768E-18,0.003));
#2339=CARTESIAN_POINT('',(0.02555,0.02555,0.003));
#2340=CARTESIAN_POINT('',(0.02555,0.02555,0.));
#2341=CARTESIAN_POINT('',(0.02605,0.02555,0.));
#2342=CARTESIAN_POINT('',(0.02555,0.02605,0.));
#2343=CARTESIAN_POINT('',(0.02605,0.02555,0.003));
#2344=CARTESIAN_POINT('',(0.02605,0.02555,0.003));
#2345=CARTESIAN_POINT('',(0.02555,0.02555,0.003));
#2346=CARTESIAN_POINT('',(0.02555,0.02605,0.003));
#2347=CARTESIAN_POINT('',(0.02555,0.02605,0.003));
#2348=CARTESIAN_POINT('',(0.02605,0.01905,0.003));
#2349=CARTESIAN_POINT('',(0.02605,0.01905,0.));
#2350=CARTESIAN_POINT('',(0.02605,0.01255,0.));
#2351=CARTESIAN_POINT('',(0.02605,0.01255,0.003));
#2352=CARTESIAN_POINT('',(0.02605,0.01255,0.003));
#2353=CARTESIAN_POINT('',(0.02605,0.01905,0.003));
#2354=CARTESIAN_POINT('',(0.02555,0.01255,0.003));
#2355=CARTESIAN_POINT('',(0.02555,0.01255,0.));
#2356=CARTESIAN_POINT('',(0.02555,0.01205,0.));
#2357=CARTESIAN_POINT('',(0.02555,0.01205,0.003));
#2358=CARTESIAN_POINT('',(0.02555,0.01205,0.003));
#2359=CARTESIAN_POINT('',(0.02555,0.01255,0.003));
#2360=CARTESIAN_POINT('',(0.01905,0.01205,0.003));
#2361=CARTESIAN_POINT('',(0.01905,0.01205,0.));
#2362=CARTESIAN_POINT('',(0.01255,0.01205,0.));
#2363=CARTESIAN_POINT('',(0.01255,0.01205,0.003));
#2364=CARTESIAN_POINT('',(0.01255,0.01205,0.003));
#2365=CARTESIAN_POINT('',(0.01905,0.01205,0.003));
#2366=CARTESIAN_POINT('',(0.01255,0.01255,0.003));
#2367=CARTESIAN_POINT('',(0.01255,0.01255,0.));
#2368=CARTESIAN_POINT('',(0.01205,0.01255,0.));
#2369=CARTESIAN_POINT('',(0.01205,0.01255,0.003));
#2370=CARTESIAN_POINT('',(0.01205,0.01255,0.003));
#2371=CARTESIAN_POINT('',(0.01255,0.01255,0.003));
#2372=CARTESIAN_POINT('',(0.01205,0.01905,0.003));
#2373=CARTESIAN_POINT('',(0.01205,0.01905,0.));
#2374=CARTESIAN_POINT('',(0.01205,0.02555,0.));
#2375=CARTESIAN_POINT('',(0.01205,0.02555,0.003));
#2376=CARTESIAN_POINT('',(0.01205,0.02555,0.003));
#2377=CARTESIAN_POINT('',(0.01205,0.01905,0.003));
#2378=CARTESIAN_POINT('',(0.01255,0.02555,0.003));
#2379=CARTESIAN_POINT('',(0.01255,0.02555,0.));
#2380=CARTESIAN_POINT('',(0.01255,0.02605,0.));
#2381=CARTESIAN_POINT('',(0.01255,0.02605,0.003));
#2382=CARTESIAN_POINT('',(0.01255,0.02605,0.003));
#2383=CARTESIAN_POINT('',(0.01255,0.02555,0.003));
#2384=CARTESIAN_POINT('',(0.0316,-0.0065,0.003));
#2385=CARTESIAN_POINT('',(0.0316,-0.0065,0.));
#2386=CARTESIAN_POINT('',(0.0311,-0.0065,0.));
#2387=CARTESIAN_POINT('',(0.0316,-0.007,0.));
#2388=CARTESIAN_POINT('',(0.0311,-0.0065,0.003));
#2389=CARTESIAN_POINT('',(0.0311,-0.0065,0.003));
#2390=CARTESIAN_POINT('',(0.0316,-0.0065,0.003));
#2391=CARTESIAN_POINT('',(0.0316,-0.007,0.003));
#2392=CARTESIAN_POINT('',(0.0316,-0.007,0.003));
#2393=CARTESIAN_POINT('',(0.0311,1.7347234759768E-18,0.003));
#2394=CARTESIAN_POINT('',(0.0311,1.7347234759768E-18,0.));
#2395=CARTESIAN_POINT('',(0.0311,0.0065,0.));
#2396=CARTESIAN_POINT('',(0.0311,0.0065,0.003));
#2397=CARTESIAN_POINT('',(0.0311,0.0065,0.003));
#2398=CARTESIAN_POINT('',(0.0311,1.7347234759768E-18,0.003));
#2399=CARTESIAN_POINT('',(0.0316,0.0065,0.003));
#2400=CARTESIAN_POINT('',(0.0316,0.0065,0.));
#2401=CARTESIAN_POINT('',(0.0316,0.007,0.));
#2402=CARTESIAN_POINT('',(0.0316,0.007,0.003));
#2403=CARTESIAN_POINT('',(0.0316,0.007,0.003));
#2404=CARTESIAN_POINT('',(0.0316,0.0065,0.003));
#2405=CARTESIAN_POINT('',(0.0381,0.007,0.003));
#2406=CARTESIAN_POINT('',(0.0381,0.007,0.));
#2407=CARTESIAN_POINT('',(0.0446,0.007,0.));
#2408=CARTESIAN_POINT('',(0.0446,0.007,0.003));
#2409=CARTESIAN_POINT('',(0.0446,0.007,0.003));
#2410=CARTESIAN_POINT('',(0.0381,0.007,0.003));
#2411=CARTESIAN_POINT('',(0.0446,0.0065,0.003));
#2412=CARTESIAN_POINT('',(0.0446,0.0065,0.));
#2413=CARTESIAN_POINT('',(0.0451,0.0065,0.));
#2414=CARTESIAN_POINT('',(0.0451,0.0065,0.003));
#2415=CARTESIAN_POINT('',(0.0451,0.0065,0.003));
#2416=CARTESIAN_POINT('',(0.0446,0.0065,0.003));
#2417=CARTESIAN_POINT('',(0.0451,1.7347234759768E-18,0.003));
#2418=CARTESIAN_POINT('',(0.0451,1.7347234759768E-18,0.));
#2419=CARTESIAN_POINT('',(0.0451,-0.0065,0.));
#2420=CARTESIAN_POINT('',(0.0451,-0.0065,0.003));
#2421=CARTESIAN_POINT('',(0.0451,-0.0065,0.003));
#2422=CARTESIAN_POINT('',(0.0451,1.7347234759768E-18,0.003));
#2423=CARTESIAN_POINT('',(0.0446,-0.0065,0.003));
#2424=CARTESIAN_POINT('',(0.0446,-0.0065,0.));
#2425=CARTESIAN_POINT('',(0.0446,-0.007,0.));
#2426=CARTESIAN_POINT('',(0.0446,-0.007,0.003));
#2427=CARTESIAN_POINT('',(0.0446,-0.007,0.003));
#2428=CARTESIAN_POINT('',(0.0446,-0.0065,0.003));
#2429=CARTESIAN_POINT('',(0.01255,-0.0065,0.003));
#2430=CARTESIAN_POINT('',(0.01255,-0.0065,0.));
#2431=CARTESIAN_POINT('',(0.01205,-0.0065,0.));
#2432=CARTESIAN_POINT('',(0.01255,-0.007,0.));
#2433=CARTESIAN_POINT('',(0.01205,-0.0065,0.003));
#2434=CARTESIAN_POINT('',(0.01205,-0.0065,0.003));
#2435=CARTESIAN_POINT('',(0.01255,-0.0065,0.003));
#2436=CARTESIAN_POINT('',(0.01255,-0.007,0.003));
#2437=CARTESIAN_POINT('',(0.01255,-0.007,0.003));
#2438=CARTESIAN_POINT('',(0.01205,1.7347234759768E-18,0.003));
#2439=CARTESIAN_POINT('',(0.01205,1.7347234759768E-18,0.));
#2440=CARTESIAN_POINT('',(0.01205,0.0065,0.));
#2441=CARTESIAN_POINT('',(0.01205,0.0065,0.003));
#2442=CARTESIAN_POINT('',(0.01205,0.0065,0.003));
#2443=CARTESIAN_POINT('',(0.01205,1.7347234759768E-18,0.003));
#2444=CARTESIAN_POINT('',(0.01255,0.0065,0.003));
#2445=CARTESIAN_POINT('',(0.01255,0.0065,0.));
#2446=CARTESIAN_POINT('',(0.01255,0.007,0.));
#2447=CARTESIAN_POINT('',(0.01255,0.007,0.003));
#2448=CARTESIAN_POINT('',(0.01255,0.007,0.003));
#2449=CARTESIAN_POINT('',(0.01255,0.0065,0.003));
#2450=CARTESIAN_POINT('',(0.01905,0.007,0.003));
#2451=CARTESIAN_POINT('',(0.01905,0.007,0.));
#2452=CARTESIAN_POINT('',(0.02555,0.007,0.));
#2453=CARTESIAN_POINT('',(0.02555,0.007,0.003));
#2454=CARTESIAN_POINT('',(0.02555,0.007,0.003));
#2455=CARTESIAN_POINT('',(0.01905,0.007,0.003));
#2456=CARTESIAN_POINT('',(0.02555,0.0065,0.003));
#2457=CARTESIAN_POINT('',(0.02555,0.0065,0.));
#2458=CARTESIAN_POINT('',(0.02605,0.0065,0.));
#2459=CARTESIAN_POINT('',(0.02605,0.0065,0.003));
#2460=CARTESIAN_POINT('',(0.02605,0.0065,0.003));
#2461=CARTESIAN_POINT('',(0.02555,0.0065,0.003));
#2462=CARTESIAN_POINT('',(0.02605,1.7347234759768E-18,0.003));
#2463=CARTESIAN_POINT('',(0.02605,1.7347234759768E-18,0.));
#2464=CARTESIAN_POINT('',(0.02605,-0.0065,0.));
#2465=CARTESIAN_POINT('',(0.02605,-0.0065,0.003));
#2466=CARTESIAN_POINT('',(0.02605,-0.0065,0.003));
#2467=CARTESIAN_POINT('',(0.02605,1.7347234759768E-18,0.003));
#2468=CARTESIAN_POINT('',(0.02555,-0.0065,0.003));
#2469=CARTESIAN_POINT('',(0.02555,-0.0065,0.));
#2470=CARTESIAN_POINT('',(0.02555,-0.007,0.));
#2471=CARTESIAN_POINT('',(0.02555,-0.007,0.003));
#2472=CARTESIAN_POINT('',(0.02555,-0.007,0.003));
#2473=CARTESIAN_POINT('',(0.02555,-0.0065,0.003));
#2474=CARTESIAN_POINT('',(0.008225,0.0200910052977502,0.003));
#2475=CARTESIAN_POINT('',(0.008225,0.0200910052977502,0.));
#2476=CARTESIAN_POINT('',(0.008225,0.0136070105955005,0.));
#2477=CARTESIAN_POINT('',(0.008225,0.030575,0.));
#2478=CARTESIAN_POINT('',(0.008225,0.0136070105955005,0.003));
#2479=CARTESIAN_POINT('',(0.008225,0.0136070105955005,0.003));
#2480=CARTESIAN_POINT('',(0.008225,0.0200910052977502,0.003));
#2481=CARTESIAN_POINT('',(0.008225,0.030575,0.003));
#2482=CARTESIAN_POINT('',(0.008225,0.030575,0.003));
#2483=CARTESIAN_POINT('',(0.00618399470224976,0.0115660052977502,0.003));
#2484=CARTESIAN_POINT('',(0.00618399470224976,0.0115660052977502,0.));
#2485=CARTESIAN_POINT('',(0.00414298940449953,0.009525,0.));
#2486=CARTESIAN_POINT('',(0.00414298940449953,0.009525,0.003));
#2487=CARTESIAN_POINT('',(0.00414298940449953,0.009525,0.003));
#2488=CARTESIAN_POINT('',(0.00618399470224976,0.0115660052977502,0.003));
#2489=CARTESIAN_POINT('',(-0.00773350529775023,0.009525,0.003));
#2490=CARTESIAN_POINT('',(-0.00773350529775023,0.009525,0.));
#2491=CARTESIAN_POINT('',(-0.01961,0.009525,0.));
#2492=CARTESIAN_POINT('',(-0.01961,0.009525,0.003));
#2493=CARTESIAN_POINT('',(-0.01961,0.009525,0.003));
#2494=CARTESIAN_POINT('',(-0.00773350529775023,0.009525,0.003));
#2495=CARTESIAN_POINT('',(-0.02461,0.014525,0.003));
#2496=CARTESIAN_POINT('',(-0.02461,0.014525,0.));
#2497=CARTESIAN_POINT('',(-0.02961,0.019525,0.));
#2498=CARTESIAN_POINT('',(-0.02961,0.019525,0.003));
#2499=CARTESIAN_POINT('',(-0.02961,0.019525,0.003));
#2500=CARTESIAN_POINT('',(-0.02461,0.014525,0.003));
#2501=CARTESIAN_POINT('',(-0.02961,0.0321975,0.003));
#2502=CARTESIAN_POINT('',(-0.02961,0.0321975,0.));
#2503=CARTESIAN_POINT('',(-0.02961,0.04487,0.));
#2504=CARTESIAN_POINT('',(-0.02961,0.04487,0.003));
#2505=CARTESIAN_POINT('',(-0.02961,0.04487,0.003));
#2506=CARTESIAN_POINT('',(-0.02961,0.0321975,0.003));
#2507=CARTESIAN_POINT('',(-0.02861,0.04587,0.003));
#2508=CARTESIAN_POINT('',(-0.02861,0.04587,0.));
#2509=CARTESIAN_POINT('',(-0.02761,0.04687,0.));
#2510=CARTESIAN_POINT('',(-0.02761,0.04687,0.003));
#2511=CARTESIAN_POINT('',(-0.02761,0.04687,0.003));
#2512=CARTESIAN_POINT('',(-0.02861,0.04587,0.003));
#2513=CARTESIAN_POINT('',(-0.019656,0.04687,0.003));
#2514=CARTESIAN_POINT('',(-0.019656,0.04687,0.));
#2515=CARTESIAN_POINT('',(-0.011702,0.04687,0.));
#2516=CARTESIAN_POINT('',(-0.011702,0.04687,0.003));
#2517=CARTESIAN_POINT('',(-0.011702,0.04687,0.003));
#2518=CARTESIAN_POINT('',(-0.019656,0.04687,0.003));
#2519=CARTESIAN_POINT('',(-0.00887357287525382,0.0440415728752538,0.003));
#2520=CARTESIAN_POINT('',(-0.00463093218813453,0.0397989321881345,0.003));
#2521=CARTESIAN_POINT('',(-0.00463093218813453,0.0397989321881345,0.003));
#2522=CARTESIAN_POINT('',(-0.00463093218813453,0.0397989321881345,0.));
#2523=CARTESIAN_POINT('',(-0.00887357287525382,0.0440415728752538,0.003));
#2524=CARTESIAN_POINT('',(-0.00887357287525382,0.0440415728752538,0.));
#2525=CARTESIAN_POINT('',(-0.00463093218813453,0.0412131457505076,0.003));
#2526=CARTESIAN_POINT('',(-0.00463093218813453,0.0412131457505076,0.));
#2527=CARTESIAN_POINT('',(-0.00463093218813453,0.0426273593128808,0.));
#2528=CARTESIAN_POINT('',(-0.00463093218813453,0.0426273593128808,0.003));
#2529=CARTESIAN_POINT('',(-0.00463093218813453,0.0426273593128808,0.003));
#2530=CARTESIAN_POINT('',(-0.00463093218813453,0.0412131457505076,0.003));
#2531=CARTESIAN_POINT('',(-0.00650225253169417,0.0444986796564404,0.003));
#2532=CARTESIAN_POINT('',(-0.00650225253169417,0.0444986796564404,0.));
#2533=CARTESIAN_POINT('',(-0.00837357287525381,0.04637,0.));
#2534=CARTESIAN_POINT('',(-0.00837357287525381,0.04637,0.003));
#2535=CARTESIAN_POINT('',(-0.00837357287525381,0.04637,0.003));
#2536=CARTESIAN_POINT('',(-0.00650225253169417,0.0444986796564404,0.003));
#2537=CARTESIAN_POINT('',(-0.00812357287525381,0.04662,0.003));
#2538=CARTESIAN_POINT('',(-0.00812357287525381,0.04662,0.));
#2539=CARTESIAN_POINT('',(-0.0078735728752538,0.04687,0.));
#2540=CARTESIAN_POINT('',(-0.0078735728752538,0.04687,0.003));
#2541=CARTESIAN_POINT('',(-0.0078735728752538,0.04687,0.003));
#2542=CARTESIAN_POINT('',(-0.00812357287525381,0.04662,0.003));
#2543=CARTESIAN_POINT('',(-0.00695935931288071,0.04687,0.003));
#2544=CARTESIAN_POINT('',(-0.00695935931288071,0.04687,0.));
#2545=CARTESIAN_POINT('',(0.041046,0.04687,0.));
#2546=CARTESIAN_POINT('',(0.041046,0.04687,0.003));
#2547=CARTESIAN_POINT('',(0.041046,0.04687,0.003));
#2548=CARTESIAN_POINT('',(-0.00695935931288071,0.04687,0.003));
#2549=CARTESIAN_POINT('',(0.041046,0.0387225,0.003));
#2550=CARTESIAN_POINT('',(0.041046,0.0387225,0.));
#2551=CARTESIAN_POINT('',(0.041046,0.030575,0.));
#2552=CARTESIAN_POINT('',(0.041046,0.030575,0.003));
#2553=CARTESIAN_POINT('',(0.041046,0.030575,0.003));
#2554=CARTESIAN_POINT('',(0.041046,0.0387225,0.003));
#2555=CARTESIAN_POINT('',(0.0381,0.01205,0.003));
#2556=CARTESIAN_POINT('',(0.0381,0.01205,0.));
#2557=CARTESIAN_POINT('',(0.0381,0.01205,0.003));
#2558=CARTESIAN_POINT('',(0.0065,-0.0065,0.003));
#2559=CARTESIAN_POINT('',(0.0065,-0.0065,0.));
#2560=CARTESIAN_POINT('',(0.0065,-0.0065,0.003));
#2561=CARTESIAN_POINT('',(-0.02161,-0.002585,0.003));
#2562=CARTESIAN_POINT('',(-0.02161,-0.002585,0.003));
#2563=CARTESIAN_POINT('',(-0.01861,-0.002585,0.003));
#2564=CARTESIAN_POINT('',(-0.02161,-0.002585,0.));
#2565=CARTESIAN_POINT('',(-0.01861,-0.002585,0.));
#2566=CARTESIAN_POINT('',(0.0448900571289063,0.0376652316372394,0.003));
#2567=CARTESIAN_POINT('',(0.0448900571289063,0.0376652316372394,0.003));
#2568=CARTESIAN_POINT('',(0.0478900571289063,0.0376652316372394,0.003));
#2569=CARTESIAN_POINT('',(0.0448900571289063,0.0376652316372394,0.));
#2570=CARTESIAN_POINT('',(0.0478900571289063,0.0376652316372394,0.));
#2571=CARTESIAN_POINT('',(0.01905,0.02605,0.003));
#2572=CARTESIAN_POINT('',(0.01905,0.02605,0.));
#2573=CARTESIAN_POINT('',(0.01905,0.02605,0.003));
#2574=CARTESIAN_POINT('',(0.0381,-0.007,0.003));
#2575=CARTESIAN_POINT('',(0.0381,-0.007,0.));
#2576=CARTESIAN_POINT('',(0.0381,-0.007,0.003));
#2577=CARTESIAN_POINT('',(0.01905,-0.007,0.003));
#2578=CARTESIAN_POINT('',(0.01905,-0.007,0.));
#2579=CARTESIAN_POINT('',(0.01905,-0.007,0.003));
#2580=CARTESIAN_POINT('',(0.056846,-0.01713,0.003));
#2581=CARTESIAN_POINT('',(0.056846,-0.01713,0.003));
#2582=CARTESIAN_POINT('',(0.058546,-0.01713,0.003));
#2583=CARTESIAN_POINT('',(0.056846,-0.01713,0.));
#2584=CARTESIAN_POINT('',(0.058546,-0.01713,0.));
#2585=CARTESIAN_POINT('',(0.056846,0.05187,0.003));
#2586=CARTESIAN_POINT('',(0.056846,0.05187,0.003));
#2587=CARTESIAN_POINT('',(0.058546,0.05187,0.003));
#2588=CARTESIAN_POINT('',(0.056846,0.05187,0.));
#2589=CARTESIAN_POINT('',(0.058546,0.05187,0.));
#2590=CARTESIAN_POINT('',(-0.034904,0.05187,0.003));
#2591=CARTESIAN_POINT('',(-0.034904,0.05187,0.003));
#2592=CARTESIAN_POINT('',(-0.033204,0.05187,0.003));
#2593=CARTESIAN_POINT('',(-0.034904,0.05187,0.));
#2594=CARTESIAN_POINT('',(-0.033204,0.05187,0.));
#2595=CARTESIAN_POINT('',(-0.034904,-0.01713,0.003));
#2596=CARTESIAN_POINT('',(-0.034904,-0.01713,0.003));
#2597=CARTESIAN_POINT('',(-0.033204,-0.01713,0.003));
#2598=CARTESIAN_POINT('',(-0.034904,-0.01713,0.));
#2599=CARTESIAN_POINT('',(-0.033204,-0.01713,0.));
#2600=CARTESIAN_POINT('',(0.0246355,0.030575,0.003));
#2601=CARTESIAN_POINT('',(0.0246355,0.030575,0.));
#2602=CARTESIAN_POINT('',(0.0246355,0.030575,0.003));
#2603=CARTESIAN_POINT('',(-0.037904,-0.02013,0.003));
#2604=CARTESIAN_POINT('',(-0.037904,-0.02013,0.));
#2605=CARTESIAN_POINT('',(-0.0426111067811865,-0.0154228932188135,0.));
#2606=CARTESIAN_POINT('',(-0.0331968932188135,-0.0248371067811866,0.));
#2607=CARTESIAN_POINT('',(-0.0331968932188135,-0.0248371067811866,0.003));
#2608=CARTESIAN_POINT('',(-0.0331968932188135,-0.0248371067811866,0.003));
#2609=CARTESIAN_POINT('',(-0.037904,-0.02013,0.003));
#2610=CARTESIAN_POINT('',(-0.0426111067811865,-0.0154228932188135,0.003));
#2611=CARTESIAN_POINT('',(-0.0426111067811865,-0.0154228932188135,0.003));
#2612=CARTESIAN_POINT('',(0.010971,0.01737,0.003));
#2613=CARTESIAN_POINT('',(0.0544317864376269,0.05887,0.003));
#2614=CARTESIAN_POINT('',(-0.0324897864376269,0.05887,0.003));
#2615=CARTESIAN_POINT('',(-0.041904,0.0494557864376269,0.003));
#2616=CARTESIAN_POINT('',(-0.041904,-0.0147157864376269,0.003));
#2617=CARTESIAN_POINT('',(-0.0324897864376269,-0.02413,0.003));
#2618=CARTESIAN_POINT('',(0.0544317864376269,-0.02413,0.003));
#2619=CARTESIAN_POINT('',(0.063846,-0.0147157864376269,0.003));
#2620=CARTESIAN_POINT('',(0.063846,0.0494557864376269,0.003));
#2621=CARTESIAN_POINT('',(0.010971,0.01737,0.));
#2622=CARTESIAN_POINT('',(0.0544317864376269,0.05887,0.));
#2623=CARTESIAN_POINT('',(0.063846,0.0494557864376269,0.));
#2624=CARTESIAN_POINT('',(0.063846,-0.0147157864376269,0.));
#2625=CARTESIAN_POINT('',(0.0544317864376269,-0.02413,0.));
#2626=CARTESIAN_POINT('',(-0.0324897864376269,-0.02413,0.));
#2627=CARTESIAN_POINT('',(-0.041904,-0.0147157864376269,0.));
#2628=CARTESIAN_POINT('',(-0.041904,0.0494557864376269,0.));
#2629=CARTESIAN_POINT('',(-0.0324897864376269,0.05887,0.));
#2630=CARTESIAN_POINT('',(0.0544317864376269,0.05887,0.003));
#2631=CARTESIAN_POINT('',(0.063846,0.0494557864376269,0.003));
#2632=CARTESIAN_POINT('',(-0.041904,0.0494557864376269,0.003));
#2633=CARTESIAN_POINT('',(-0.0324897864376269,0.05887,0.003));
#2634=CARTESIAN_POINT('',(-0.0324897864376269,-0.02413,0.003));
#2635=CARTESIAN_POINT('',(-0.041904,-0.0147157864376269,0.003));
#2636=CARTESIAN_POINT('',(0.0544317864376269,-0.02413,0.003));
#2637=CARTESIAN_POINT('',(0.063846,-0.0147157864376269,0.003));
#2638=MECHANICAL_DESIGN_GEOMETRIC_PRESENTATION_REPRESENTATION('',(#1579),
#2639);
#2639=(
GEOMETRIC_REPRESENTATION_CONTEXT(3)
GLOBAL_UNCERTAINTY_ASSIGNED_CONTEXT((#2640))
GLOBAL_UNIT_ASSIGNED_CONTEXT((#2643,#2642,#2641))
REPRESENTATION_CONTEXT('Part 1','TOP_LEVEL_ASSEMBLY_PART')
);
#2640=UNCERTAINTY_MEASURE_WITH_UNIT(LENGTH_MEASURE(1.E-8),#2643,
'DISTANCE_ACCURACY_VALUE','Maximum Tolerance applied to model');
#2641=(
NAMED_UNIT(*)
SI_UNIT($,.STERADIAN.)
SOLID_ANGLE_UNIT()
);
#2642=(
NAMED_UNIT(*)
PLANE_ANGLE_UNIT()
SI_UNIT($,.RADIAN.)
);
#2643=(
LENGTH_UNIT()
NAMED_UNIT(*)
SI_UNIT($,.METRE.)
);
#2644=PRODUCT_DEFINITION_SHAPE('','',#2645);
#2645=PRODUCT_DEFINITION('','',#2647,#2646);
#2646=PRODUCT_DEFINITION_CONTEXT('',#2653,'design');
#2647=PRODUCT_DEFINITION_FORMATION_WITH_SPECIFIED_SOURCE('','',#2649,
 .NOT_KNOWN.);
#2648=PRODUCT_RELATED_PRODUCT_CATEGORY('','',(#2649));
#2649=PRODUCT('Part 1','Part 1','Part 1',(#2651));
#2650=PRODUCT_CATEGORY('','');
#2651=PRODUCT_CONTEXT('',#2653,'mechanical');
#2652=APPLICATION_PROTOCOL_DEFINITION('international standard',
'ap242_managed_model_based_3d_engineering',2020,#2653);
#2653=APPLICATION_CONTEXT('managed model based 3d engineering');
ENDSEC;
END-ISO-10303-21;
